{
  "name": "bridge",
  "main": "bridge.js",
  "authors": [
    "Wilson Page <wilsonpage@me.com>"
  ],
  "license": "MIT",
  "ignore": [
    "**/.*",
    "README.md",
    "node_modules",
    "bower_components",
    "test",
    "tests",
    "docs",
    "examples"
  ],
  "homepage": "https://github.com/gaia-components/bridge",
  "_release": "807683a641",
  "_resolution": {
    "type": "branch",
    "branch": "master",
    "commit": "807683a641b316f21af7dce39cb678f8e1d12760"
  },
  "_source": "git://github.com/gaia-components/bridge.git",
  "_target": "master",
  "_originalSource": "gaia-components/bridge"
}