[{"$i":"stop-download-body","$v":["Ḓǿǿ ẏǿǿŭŭ ẇȧȧƞŧ ŧǿǿ şŧǿǿƥ ḓǿǿẇƞŀǿǿȧȧḓīīƞɠ ",{"t":"idOrVar","v":"name"},"?"]},{"$i":"stop-download-action","$v":"Şŧǿǿƥ"},{"$i":"resume-download-body","$v":["Ḓǿǿ ẏǿǿŭŭ ẇȧȧƞŧ ŧǿǿ ḓǿǿẇƞŀǿǿȧȧḓ ",{"t":"idOrVar","v":"name"},"?"]},{"$i":"resume-download-action","$v":"Ḓǿǿẇƞŀǿǿȧȧḓ"},{"$i":"cancel-action","$v":"Ƈȧȧƞƈḗḗŀ"},{"$i":"apps-panel","ariaLabel":"Ȧȧƥƥŀīīƈȧȧŧīīǿǿƞş"},{"$i":"pages-panel","ariaLabel":"Ƥīīƞƞḗḗḓ Ƥȧȧɠḗḗş"},{"$i":"page-indicator-text","ariaValueText":{"$v":["Ƥȧȧɠḗḗ ",{"t":"idOrVar","v":"currentPage"}," ǿǿƒ ",{"t":"idOrVar","v":"totalPages"}]}},{"$i":"group","ariaLabel":"Ȧȧƥƥŀīīƈȧȧŧīīǿǿƞ Ɠřǿǿŭŭƥ"},{"$i":"no-pinned-pages-header","$v":"Ƞǿǿ Ƥīīƞƞḗḗḓ Ƥȧȧɠḗḗş ẏḗḗŧ."},{"$i":"no-pinned-pages-body","$v":"Ŭŭşḗḗ ẏǿǿŭŭř ƀřǿǿẇşḗḗř ŧǿǿ ƥīīƞ ȧȧƞẏ ẇḗḗƀ ƥȧȧɠḗḗ ŧǿǿ ŧħīīş şƈřḗḗḗḗƞ."},{"$i":"edit-done","$v":"Ḓǿǿƞḗḗ"}]