[{"$i":"stopped_download_title","$v":"Download stopped"},{"$i":"stopped_download_message","$v":"Download was stopped. Try downloading again?"},{"$i":"stopped_download_left_button","$v":"Cancel"},{"$i":"stopped_download_right_button","$v":"Try again"},{"$i":"failed_download_title","$v":"Download failed"},{"$i":"failed_download_message","$v":[{"t":"idOrVar","v":"name"}," failed to download. Try downloading again?"]},{"$i":"failed_download_left_button","$v":"Cancel"},{"$i":"failed_download_right_button","$v":"Try again"},{"$i":"stop_download_title","$v":"Stop download"},{"$i":"stop_download_message","$v":"Are you sure you want to stop the download?"},{"$i":"stop_download_left_button","$v":"No"},{"$i":"stop_download_right_button","$v":"Yes"},{"$i":"delete_download_title","$v":"Delete"},{"$i":"delete_download_message","$v":["Delete ",{"t":"idOrVar","v":"name"},"?"]},{"$i":"delete_download_left_button","$v":"Cancel"},{"$i":"delete_download_right_button","$v":"Delete"},{"$i":"delete_all_download_title","$v":"Delete"},{"$i":"delete_all_download_left_button","$v":"Cancel"},{"$i":"delete_all_download_right_button","$v":"Delete"},{"$i":"delete_all_download_message","$v":{"zero":"Delete no files?","one":"Delete one file?","two":["Delete ",{"t":"idOrVar","v":"number"}," files?"],"few":["Delete ",{"t":"idOrVar","v":"number"}," files?"],"many":["Delete ",{"t":"idOrVar","v":"number"}," files?"],"other":["Delete ",{"t":"idOrVar","v":"number"}," files?"]},"$x":[{"t":"idOrVar","v":"plural"},"number"]},{"$i":"unsupported_file_type_download_title","$v":"Unable to open"},{"$i":"unsupported_file_type_download_message","$v":["There isn’t an app that can open ",{"t":"idOrVar","v":"name"},". Would you like to save the file or delete it?"]},{"$i":"unsupported_file_type_download_left_button","$v":"Keep File"},{"$i":"unsupported_file_type_download_right_button","$v":"Delete"},{"$i":"file_not_found_download_title","$v":"File not found"},{"$i":"file_not_found_download_message","$v":"The file wasn’t found on the device"},{"$i":"file_not_found_download_right_button","$v":"OK"},{"$i":"unmounted_sdcard_2_download_title","$v":"Memory card in use"},{"$i":"unmounted_sdcard_2_download_message","$v":"Unplug the phone"},{"$i":"unmounted_sdcard_2_download_right_button","$v":"OK"},{"$i":"no_provider_download_title","$v":"Unable to share"},{"$i":"no_provider_download_message","$v":"No provider found"},{"$i":"no_provider_download_right_button","$v":"OK"},{"$i":"no_memory_download_title","$v":"SD Card is full"},{"$i":"no_memory_download_message","$v":"There is no more room on your SD card to save your download. Please remove some files before restarting the download."},{"$i":"no_memory_download_right_button","$v":"OK"},{"$i":"no_sdcard_found_2_download_title","$v":"No memory card found"},{"$i":"no_sdcard_found_2_download_message","$v":"Insert a memory card or select an alternate default media location in settings"},{"$i":"no_sdcard_found_2_download_right_button","$v":"OK"},{"$i":"file_open_error_download_title","$v":"Unable to open"},{"$i":"file_open_error_download_message","$v":["There is a problem opening ",{"t":"idOrVar","v":"name"},". Would you like to save the file or delete it?"]},{"$i":"file_open_error_download_left_button","$v":"Keep File"},{"$i":"file_open_error_download_right_button","$v":"Delete"},{"$i":"restart_download_error","$v":"There was an error while restarting the download. Please try to download again."},{"$i":"no-downloads","$v":"No downloads"},{"$i":"byteUnit-B","$v":"B"},{"$i":"byteUnit-KB","$v":"KB"},{"$i":"byteUnit-MB","$v":"MB"},{"$i":"byteUnit-GB","$v":"GB"},{"$i":"byteUnit-TB","$v":"TB"},{"$i":"byteUnit-PB","$v":"PB"},{"$i":"byteUnit-EB","$v":"EB"},{"$i":"byteUnit-ZB","$v":"ZB"},{"$i":"byteUnit-YB","$v":"YB"},{"$i":"fileSize","$v":[{"t":"idOrVar","v":"size"}," ",{"t":"idOrVar","v":"unit"}]},{"$i":"percentage","$v":[{"t":"idOrVar","v":"percentage"}," %"]},{"$i":"partialResult","$v":[{"t":"idOrVar","v":"partial"}," of ",{"t":"idOrVar","v":"total"}]},{"$i":"summary","$v":[{"t":"idOrVar","v":"date"}," - ",{"t":"idOrVar","v":"status"}]},{"$i":"download-stopped","$v":"Stopped"},{"$i":"download-failed","$v":"Download failed"},{"$i":"open_downloaded_file","$v":"Open"},{"$i":"share_downloaded_file","$v":"Share"},{"$i":"wallpaper_downloaded_file","$v":"Set as wallpaper"},{"$i":"ringtone_downloaded_file","$v":"Set as ringtone"},{"$i":"cancel_downloaded_file","$v":"Cancel"},{"$i":"minutes-ago-long","$v":{"zero":"just now","one":"a minute ago","two":"{value} minutes ago","few":"{value} minutes ago","many":"{value} minutes ago","other":"{value} minutes ago"},"$x":[{"t":"idOrVar","v":"plural"},"value"]},{"$i":"hours-ago-long","$v":{"zero":"just now","one":"an hour ago","two":"{value} hours ago","few":"{value} hours ago","many":"{value} hours ago","other":"{value} hours ago"},"$x":[{"t":"idOrVar","v":"plural"},"value"]},{"$i":"days-ago-long","$v":{"zero":"today","one":"yesterday","two":"{value} days ago","few":"{value} days ago","many":"{value} days ago","other":"{value} days ago"},"$x":[{"t":"idOrVar","v":"plural"},"value"]},{"$i":"weeks-ago-long","$v":{"zero":"this week","one":"last week","two":"{value} weeks ago","few":"{value} weeks ago","many":"{value} weeks ago","other":"{value} weeks ago"},"$x":[{"t":"idOrVar","v":"plural"},"value"]},{"$i":"months-ago-long","$v":{"zero":"this month","one":"last month","two":"{value} months ago","few":"{value} months ago","many":"{value} months ago","other":"{value} months ago"},"$x":[{"t":"idOrVar","v":"plural"},"value"]},{"$i":"years-ago-long","$v":{"zero":"this year","one":"last year","two":"{value} years ago","few":"{value} years ago","many":"{value} years ago","other":"{value} years ago"},"$x":[{"t":"idOrVar","v":"plural"},"value"]},{"$i":"minutes-until-long","$v":{"zero":"now","one":"in a minute","two":"in {value} minutes","few":"in {value} minutes","many":"in {value} minutes","other":"in {value} minutes"},"$x":[{"t":"idOrVar","v":"plural"},"value"]},{"$i":"hours-until-long","$v":{"zero":"now","one":"in an hour","two":"in {value} hours","few":"in {value} hours","many":"in {value} hours","other":"in {value} hours"},"$x":[{"t":"idOrVar","v":"plural"},"value"]},{"$i":"days-until-long","$v":{"zero":"today","one":"tomorrow","two":"in {value} days","few":"in {value} days","many":"in {value} days","other":"in {value} days"},"$x":[{"t":"idOrVar","v":"plural"},"value"]},{"$i":"weeks-until-long","$v":{"zero":"this week","one":"next week","two":"in {value} weeks","few":"in {value} weeks","many":"in {value} weeks","other":"in {value} weeks"},"$x":[{"t":"idOrVar","v":"plural"},"value"]},{"$i":"months-until-long","$v":{"zero":"this month","one":"next month","two":"in {value} months","few":"in {value} months","many":"in {value} months","other":"in {value} months"},"$x":[{"t":"idOrVar","v":"plural"},"value"]},{"$i":"years-until-long","$v":{"zero":"this year","one":"next year","two":"in {value} years","few":"in {value} years","many":"in {value} years","other":"in {value} years"},"$x":[{"t":"idOrVar","v":"plural"},"value"]},{"$i":"minutes-ago-short","$v":{"zero":"just now","other":"{value}m ago"},"$x":[{"t":"idOrVar","v":"plural"},"value"]},{"$i":"hours-ago-short","$v":{"zero":"just now","other":"{value}h ago"},"$x":[{"t":"idOrVar","v":"plural"},"value"]},{"$i":"days-ago-short","$v":{"zero":"today","other":"{value}d ago"},"$x":[{"t":"idOrVar","v":"plural"},"value"]},{"$i":"minutes-until-short","$v":{"zero":"now","other":"in {value}m"},"$x":[{"t":"idOrVar","v":"plural"},"value"]},{"$i":"hours-until-short","$v":{"zero":"now","other":"in {value}h"},"$x":[{"t":"idOrVar","v":"plural"},"value"]},{"$i":"days-until-short","$v":{"zero":"today","other":"in {value}d"},"$x":[{"t":"idOrVar","v":"plural"},"value"]},{"$i":"gaia-menu-cancel","$v":"Cancel"},{"$i":"select-download","$v":"Select download"}]