[{"$i":"stopped_download_title","$v":"‮poʍuʅoɐp‬ ‮sʇoddǝp‬"},{"$i":"stopped_download_message","$v":"‮poʍuʅoɐp‬ ‮ʍɐs‬ ‮sʇoddǝp‬. ‮⊥ɹʎ‬ ‮poʍuʅoɐpıuƃ‬ ‮ɐƃɐıu‬?"},{"$i":"stopped_download_left_button","$v":"‮Ↄɐuɔǝʅ‬"},{"$i":"stopped_download_right_button","$v":"‮⊥ɹʎ‬ ‮ɐƃɐıu‬"},{"$i":"failed_download_title","$v":"‮poʍuʅoɐp‬ ‮ɟɐıʅǝp‬"},{"$i":"failed_download_message","$v":[{"t":"idOrVar","v":"name"}," ‮ɟɐıʅǝp‬ ‮ʇo‬ ‮poʍuʅoɐp‬. ‮⊥ɹʎ‬ ‮poʍuʅoɐpıuƃ‬ ‮ɐƃɐıu‬?"]},{"$i":"failed_download_left_button","$v":"‮Ↄɐuɔǝʅ‬"},{"$i":"failed_download_right_button","$v":"‮⊥ɹʎ‬ ‮ɐƃɐıu‬"},{"$i":"stop_download_title","$v":"‮Sʇod‬ ‮poʍuʅoɐp‬"},{"$i":"stop_download_message","$v":"‮∀ɹǝ‬ ‮ʎon‬ ‮snɹǝ‬ ‮ʎon‬ ‮ʍɐuʇ‬ ‮ʇo‬ ‮sʇod‬ ‮ʇɥǝ‬ ‮poʍuʅoɐp‬?"},{"$i":"stop_download_left_button","$v":"‮No‬"},{"$i":"stop_download_right_button","$v":"‮ʎǝs‬"},{"$i":"delete_download_title","$v":"‮pǝʅǝʇǝ‬"},{"$i":"delete_download_message","$v":["‮pǝʅǝʇǝ‬ ",{"t":"idOrVar","v":"name"},"?"]},{"$i":"delete_download_left_button","$v":"‮Ↄɐuɔǝʅ‬"},{"$i":"delete_download_right_button","$v":"‮pǝʅǝʇǝ‬"},{"$i":"delete_all_download_title","$v":"‮pǝʅǝʇǝ‬"},{"$i":"delete_all_download_left_button","$v":"‮Ↄɐuɔǝʅ‬"},{"$i":"delete_all_download_right_button","$v":"‮pǝʅǝʇǝ‬"},{"$i":"delete_all_download_message","$v":{"zero":"‮pǝʅǝʇǝ‬ ‮uo‬ ‮ɟıʅǝs‬?","one":"‮pǝʅǝʇǝ‬ ‮ouǝ‬ ‮ɟıʅǝ‬?","two":["‮pǝʅǝʇǝ‬ ",{"t":"idOrVar","v":"number"}," ‮ɟıʅǝs‬?"],"few":["‮pǝʅǝʇǝ‬ ",{"t":"idOrVar","v":"number"}," ‮ɟıʅǝs‬?"],"many":["‮pǝʅǝʇǝ‬ ",{"t":"idOrVar","v":"number"}," ‮ɟıʅǝs‬?"],"other":["‮pǝʅǝʇǝ‬ ",{"t":"idOrVar","v":"number"}," ‮ɟıʅǝs‬?"]},"$x":[{"t":"idOrVar","v":"plural"},"number"]},{"$i":"unsupported_file_type_download_title","$v":"‮∩uɐqʅǝ‬ ‮ʇo‬ ‮odǝu‬"},{"$i":"unsupported_file_type_download_message","$v":["‮⊥ɥǝɹǝ‬ ‮ısu‬’‮ʇ‬ ‮ɐu‬ ‮ɐdd‬ ‮ʇɥɐʇ‬ ‮ɔɐu‬ ‮odǝu‬ ",{"t":"idOrVar","v":"name"},". ‮Ｍonʅp‬ ‮ʎon‬ ‮ʅıʞǝ‬ ‮ʇo‬ ‮sɐʌǝ‬ ‮ʇɥǝ‬ ‮ɟıʅǝ‬ ‮oɹ‬ ‮pǝʅǝʇǝ‬ ‮ıʇ‬?"]},{"$i":"unsupported_file_type_download_left_button","$v":"‮Ӽǝǝd‬ ‮ɟıʅǝ‬"},{"$i":"unsupported_file_type_download_right_button","$v":"‮pǝʅǝʇǝ‬"},{"$i":"file_not_found_download_title","$v":"‮ɟıʅǝ‬ ‮uoʇ‬ ‮ɟonup‬"},{"$i":"file_not_found_download_message","$v":"‮⊥ɥǝ‬ ‮ɟıʅǝ‬ ‮ʍɐsu‬’‮ʇ‬ ‮ɟonup‬ ‮ou‬ ‮ʇɥǝ‬ ‮pǝʌıɔǝ‬"},{"$i":"file_not_found_download_right_button","$v":"‮OӼ‬"},{"$i":"unmounted_sdcard_2_download_title","$v":"‮Wǝɯoɹʎ‬ ‮ɔɐɹp‬ ‮ıu‬ ‮nsǝ‬"},{"$i":"unmounted_sdcard_2_download_message","$v":"‮∩udʅnƃ‬ ‮ʇɥǝ‬ ‮dɥouǝ‬"},{"$i":"unmounted_sdcard_2_download_right_button","$v":"‮OӼ‬"},{"$i":"no_provider_download_title","$v":"‮∩uɐqʅǝ‬ ‮ʇo‬ ‮sɥɐɹǝ‬"},{"$i":"no_provider_download_message","$v":"‮No‬ ‮dɹoʌıpǝɹ‬ ‮ɟonup‬"},{"$i":"no_provider_download_right_button","$v":"‮OӼ‬"},{"$i":"no_memory_download_title","$v":"‮Sp‬ ‮Ↄɐɹp‬ ‮ıs‬ ‮ɟnʅʅ‬"},{"$i":"no_memory_download_message","$v":"‮⊥ɥǝɹǝ‬ ‮ıs‬ ‮uo‬ ‮ɯoɹǝ‬ ‮ɹooɯ‬ ‮ou‬ ‮ʎonɹ‬ ‮Sp‬ ‮ɔɐɹp‬ ‮ʇo‬ ‮sɐʌǝ‬ ‮ʎonɹ‬ ‮poʍuʅoɐp‬. ‮Ԁʅǝɐsǝ‬ ‮ɹǝɯoʌǝ‬ ‮soɯǝ‬ ‮ɟıʅǝs‬ ‮qǝɟoɹǝ‬ ‮ɹǝsʇɐɹʇıuƃ‬ ‮ʇɥǝ‬ ‮poʍuʅoɐp‬."},{"$i":"no_memory_download_right_button","$v":"‮OӼ‬"},{"$i":"no_sdcard_found_2_download_title","$v":"‮No‬ ‮ɯǝɯoɹʎ‬ ‮ɔɐɹp‬ ‮ɟonup‬"},{"$i":"no_sdcard_found_2_download_message","$v":"‮Iusǝɹʇ‬ ‮ɐ‬ ‮ɯǝɯoɹʎ‬ ‮ɔɐɹp‬ ‮oɹ‬ ‮sǝʅǝɔʇ‬ ‮ɐu‬ ‮ɐʅʇǝɹuɐʇǝ‬ ‮pǝɟɐnʅʇ‬ ‮ɯǝpıɐ‬ ‮ʅoɔɐʇıou‬ ‮ıu‬ ‮sǝʇʇıuƃs‬"},{"$i":"no_sdcard_found_2_download_right_button","$v":"‮OӼ‬"},{"$i":"file_open_error_download_title","$v":"‮∩uɐqʅǝ‬ ‮ʇo‬ ‮odǝu‬"},{"$i":"file_open_error_download_message","$v":["‮⊥ɥǝɹǝ‬ ‮ıs‬ ‮ɐ‬ ‮dɹoqʅǝɯ‬ ‮odǝuıuƃ‬ ",{"t":"idOrVar","v":"name"},". ‮Ｍonʅp‬ ‮ʎon‬ ‮ʅıʞǝ‬ ‮ʇo‬ ‮sɐʌǝ‬ ‮ʇɥǝ‬ ‮ɟıʅǝ‬ ‮oɹ‬ ‮pǝʅǝʇǝ‬ ‮ıʇ‬?"]},{"$i":"file_open_error_download_left_button","$v":"‮Ӽǝǝd‬ ‮ɟıʅǝ‬"},{"$i":"file_open_error_download_right_button","$v":"‮pǝʅǝʇǝ‬"},{"$i":"restart_download_error","$v":"‮⊥ɥǝɹǝ‬ ‮ʍɐs‬ ‮ɐu‬ ‮ǝɹɹoɹ‬ ‮ʍɥıʅǝ‬ ‮ɹǝsʇɐɹʇıuƃ‬ ‮ʇɥǝ‬ ‮poʍuʅoɐp‬. ‮Ԁʅǝɐsǝ‬ ‮ʇɹʎ‬ ‮ʇo‬ ‮poʍuʅoɐp‬ ‮ɐƃɐıu‬."},{"$i":"no-downloads","$v":"‮No‬ ‮poʍuʅoɐps‬"},{"$i":"byteUnit-B","$v":"‮Ԑ‬"},{"$i":"byteUnit-KB","$v":"‮ӼԐ‬"},{"$i":"byteUnit-MB","$v":"‮WԐ‬"},{"$i":"byteUnit-GB","$v":"‮פԐ‬"},{"$i":"byteUnit-TB","$v":"‮⊥Ԑ‬"},{"$i":"byteUnit-PB","$v":"‮ԀԐ‬"},{"$i":"byteUnit-EB","$v":"‮ƎԐ‬"},{"$i":"byteUnit-ZB","$v":"‮ZԐ‬"},{"$i":"byteUnit-YB","$v":"‮ʎԐ‬"},{"$i":"fileSize","$v":[{"t":"idOrVar","v":"size"}," ",{"t":"idOrVar","v":"unit"}]},{"$i":"percentage","$v":[{"t":"idOrVar","v":"percentage"}," %"]},{"$i":"partialResult","$v":[{"t":"idOrVar","v":"partial"}," ‮oɟ‬ ",{"t":"idOrVar","v":"total"}]},{"$i":"summary","$v":[{"t":"idOrVar","v":"date"}," - ",{"t":"idOrVar","v":"status"}]},{"$i":"download-stopped","$v":"‮Sʇoddǝp‬"},{"$i":"download-failed","$v":"‮poʍuʅoɐp‬ ‮ɟɐıʅǝp‬"},{"$i":"open_downloaded_file","$v":"‮Odǝu‬"},{"$i":"share_downloaded_file","$v":"‮Sɥɐɹǝ‬"},{"$i":"wallpaper_downloaded_file","$v":"‮Sǝʇ‬ ‮ɐs‬ ‮ʍɐʅʅdɐdǝɹ‬"},{"$i":"ringtone_downloaded_file","$v":"‮Sǝʇ‬ ‮ɐs‬ ‮ɹıuƃʇouǝ‬"},{"$i":"cancel_downloaded_file","$v":"‮Ↄɐuɔǝʅ‬"},{"$i":"minutes-ago-long","$v":{"zero":"‮ɾnsʇ‬ ‮uoʍ‬","one":"‮ɐ‬ ‮ɯıunʇǝ‬ ‮ɐƃo‬","two":"{value} ‮ɯıunʇǝs‬ ‮ɐƃo‬","few":"{value} ‮ɯıunʇǝs‬ ‮ɐƃo‬","many":"{value} ‮ɯıunʇǝs‬ ‮ɐƃo‬","other":"{value} ‮ɯıunʇǝs‬ ‮ɐƃo‬"},"$x":[{"t":"idOrVar","v":"plural"},"value"]},{"$i":"hours-ago-long","$v":{"zero":"‮ɾnsʇ‬ ‮uoʍ‬","one":"‮ɐu‬ ‮ɥonɹ‬ ‮ɐƃo‬","two":"{value} ‮ɥonɹs‬ ‮ɐƃo‬","few":"{value} ‮ɥonɹs‬ ‮ɐƃo‬","many":"{value} ‮ɥonɹs‬ ‮ɐƃo‬","other":"{value} ‮ɥonɹs‬ ‮ɐƃo‬"},"$x":[{"t":"idOrVar","v":"plural"},"value"]},{"$i":"days-ago-long","$v":{"zero":"‮ʇopɐʎ‬","one":"‮ʎǝsʇǝɹpɐʎ‬","two":"{value} ‮pɐʎs‬ ‮ɐƃo‬","few":"{value} ‮pɐʎs‬ ‮ɐƃo‬","many":"{value} ‮pɐʎs‬ ‮ɐƃo‬","other":"{value} ‮pɐʎs‬ ‮ɐƃo‬"},"$x":[{"t":"idOrVar","v":"plural"},"value"]},{"$i":"weeks-ago-long","$v":{"zero":"‮ʇɥıs‬ ‮ʍǝǝʞ‬","one":"‮ʅɐsʇ‬ ‮ʍǝǝʞ‬","two":"{value} ‮ʍǝǝʞs‬ ‮ɐƃo‬","few":"{value} ‮ʍǝǝʞs‬ ‮ɐƃo‬","many":"{value} ‮ʍǝǝʞs‬ ‮ɐƃo‬","other":"{value} ‮ʍǝǝʞs‬ ‮ɐƃo‬"},"$x":[{"t":"idOrVar","v":"plural"},"value"]},{"$i":"months-ago-long","$v":{"zero":"‮ʇɥıs‬ ‮ɯouʇɥ‬","one":"‮ʅɐsʇ‬ ‮ɯouʇɥ‬","two":"{value} ‮ɯouʇɥs‬ ‮ɐƃo‬","few":"{value} ‮ɯouʇɥs‬ ‮ɐƃo‬","many":"{value} ‮ɯouʇɥs‬ ‮ɐƃo‬","other":"{value} ‮ɯouʇɥs‬ ‮ɐƃo‬"},"$x":[{"t":"idOrVar","v":"plural"},"value"]},{"$i":"years-ago-long","$v":{"zero":"‮ʇɥıs‬ ‮ʎǝɐɹ‬","one":"‮ʅɐsʇ‬ ‮ʎǝɐɹ‬","two":"{value} ‮ʎǝɐɹs‬ ‮ɐƃo‬","few":"{value} ‮ʎǝɐɹs‬ ‮ɐƃo‬","many":"{value} ‮ʎǝɐɹs‬ ‮ɐƃo‬","other":"{value} ‮ʎǝɐɹs‬ ‮ɐƃo‬"},"$x":[{"t":"idOrVar","v":"plural"},"value"]},{"$i":"minutes-until-long","$v":{"zero":"‮uoʍ‬","one":"‮ıu‬ ‮ɐ‬ ‮ɯıunʇǝ‬","two":"‮ıu‬ {value} ‮ɯıunʇǝs‬","few":"‮ıu‬ {value} ‮ɯıunʇǝs‬","many":"‮ıu‬ {value} ‮ɯıunʇǝs‬","other":"‮ıu‬ {value} ‮ɯıunʇǝs‬"},"$x":[{"t":"idOrVar","v":"plural"},"value"]},{"$i":"hours-until-long","$v":{"zero":"‮uoʍ‬","one":"‮ıu‬ ‮ɐu‬ ‮ɥonɹ‬","two":"‮ıu‬ {value} ‮ɥonɹs‬","few":"‮ıu‬ {value} ‮ɥonɹs‬","many":"‮ıu‬ {value} ‮ɥonɹs‬","other":"‮ıu‬ {value} ‮ɥonɹs‬"},"$x":[{"t":"idOrVar","v":"plural"},"value"]},{"$i":"days-until-long","$v":{"zero":"‮ʇopɐʎ‬","one":"‮ʇoɯoɹɹoʍ‬","two":"‮ıu‬ {value} ‮pɐʎs‬","few":"‮ıu‬ {value} ‮pɐʎs‬","many":"‮ıu‬ {value} ‮pɐʎs‬","other":"‮ıu‬ {value} ‮pɐʎs‬"},"$x":[{"t":"idOrVar","v":"plural"},"value"]},{"$i":"weeks-until-long","$v":{"zero":"‮ʇɥıs‬ ‮ʍǝǝʞ‬","one":"‮uǝxʇ‬ ‮ʍǝǝʞ‬","two":"‮ıu‬ {value} ‮ʍǝǝʞs‬","few":"‮ıu‬ {value} ‮ʍǝǝʞs‬","many":"‮ıu‬ {value} ‮ʍǝǝʞs‬","other":"‮ıu‬ {value} ‮ʍǝǝʞs‬"},"$x":[{"t":"idOrVar","v":"plural"},"value"]},{"$i":"months-until-long","$v":{"zero":"‮ʇɥıs‬ ‮ɯouʇɥ‬","one":"‮uǝxʇ‬ ‮ɯouʇɥ‬","two":"‮ıu‬ {value} ‮ɯouʇɥs‬","few":"‮ıu‬ {value} ‮ɯouʇɥs‬","many":"‮ıu‬ {value} ‮ɯouʇɥs‬","other":"‮ıu‬ {value} ‮ɯouʇɥs‬"},"$x":[{"t":"idOrVar","v":"plural"},"value"]},{"$i":"years-until-long","$v":{"zero":"‮ʇɥıs‬ ‮ʎǝɐɹ‬","one":"‮uǝxʇ‬ ‮ʎǝɐɹ‬","two":"‮ıu‬ {value} ‮ʎǝɐɹs‬","few":"‮ıu‬ {value} ‮ʎǝɐɹs‬","many":"‮ıu‬ {value} ‮ʎǝɐɹs‬","other":"‮ıu‬ {value} ‮ʎǝɐɹs‬"},"$x":[{"t":"idOrVar","v":"plural"},"value"]},{"$i":"minutes-ago-short","$v":{"zero":"‮ɾnsʇ‬ ‮uoʍ‬","other":"{value}‮ɯ‬ ‮ɐƃo‬"},"$x":[{"t":"idOrVar","v":"plural"},"value"]},{"$i":"hours-ago-short","$v":{"zero":"‮ɾnsʇ‬ ‮uoʍ‬","other":"{value}‮ɥ‬ ‮ɐƃo‬"},"$x":[{"t":"idOrVar","v":"plural"},"value"]},{"$i":"days-ago-short","$v":{"zero":"‮ʇopɐʎ‬","other":"{value}‮p‬ ‮ɐƃo‬"},"$x":[{"t":"idOrVar","v":"plural"},"value"]},{"$i":"minutes-until-short","$v":{"zero":"‮uoʍ‬","other":"‮ıu‬ {value}‮ɯ‬"},"$x":[{"t":"idOrVar","v":"plural"},"value"]},{"$i":"hours-until-short","$v":{"zero":"‮uoʍ‬","other":"‮ıu‬ {value}‮ɥ‬"},"$x":[{"t":"idOrVar","v":"plural"},"value"]},{"$i":"days-until-short","$v":{"zero":"‮ʇopɐʎ‬","other":"‮ıu‬ {value}‮p‬"},"$x":[{"t":"idOrVar","v":"plural"},"value"]},{"$i":"gaia-menu-cancel","$v":"‮Ↄɐuɔǝʅ‬"},{"$i":"select-download","$v":"‮Sǝʅǝɔʇ‬ ‮poʍuʅoɐp‬"}]