[{"$i":"stopped_download_title","$v":"Ḓǿǿẇƞŀǿǿȧȧḓ şŧǿǿƥƥḗḗḓ"},{"$i":"stopped_download_message","$v":"Ḓǿǿẇƞŀǿǿȧȧḓ ẇȧȧş şŧǿǿƥƥḗḗḓ. Ŧřẏ ḓǿǿẇƞŀǿǿȧȧḓīīƞɠ ȧȧɠȧȧīīƞ?"},{"$i":"stopped_download_left_button","$v":"Ƈȧȧƞƈḗḗŀ"},{"$i":"stopped_download_right_button","$v":"Ŧřẏ ȧȧɠȧȧīīƞ"},{"$i":"failed_download_title","$v":"Ḓǿǿẇƞŀǿǿȧȧḓ ƒȧȧīīŀḗḗḓ"},{"$i":"failed_download_message","$v":[{"t":"idOrVar","v":"name"}," ƒȧȧīīŀḗḗḓ ŧǿǿ ḓǿǿẇƞŀǿǿȧȧḓ. Ŧřẏ ḓǿǿẇƞŀǿǿȧȧḓīīƞɠ ȧȧɠȧȧīīƞ?"]},{"$i":"failed_download_left_button","$v":"Ƈȧȧƞƈḗḗŀ"},{"$i":"failed_download_right_button","$v":"Ŧřẏ ȧȧɠȧȧīīƞ"},{"$i":"stop_download_title","$v":"Şŧǿǿƥ ḓǿǿẇƞŀǿǿȧȧḓ"},{"$i":"stop_download_message","$v":"Ȧȧřḗḗ ẏǿǿŭŭ şŭŭřḗḗ ẏǿǿŭŭ ẇȧȧƞŧ ŧǿǿ şŧǿǿƥ ŧħḗḗ ḓǿǿẇƞŀǿǿȧȧḓ?"},{"$i":"stop_download_left_button","$v":"Ƞǿǿ"},{"$i":"stop_download_right_button","$v":"Ẏḗḗş"},{"$i":"delete_download_title","$v":"Ḓḗḗŀḗḗŧḗḗ"},{"$i":"delete_download_message","$v":["Ḓḗḗŀḗḗŧḗḗ ",{"t":"idOrVar","v":"name"},"?"]},{"$i":"delete_download_left_button","$v":"Ƈȧȧƞƈḗḗŀ"},{"$i":"delete_download_right_button","$v":"Ḓḗḗŀḗḗŧḗḗ"},{"$i":"delete_all_download_title","$v":"Ḓḗḗŀḗḗŧḗḗ"},{"$i":"delete_all_download_left_button","$v":"Ƈȧȧƞƈḗḗŀ"},{"$i":"delete_all_download_right_button","$v":"Ḓḗḗŀḗḗŧḗḗ"},{"$i":"delete_all_download_message","$v":{"zero":"Ḓḗḗŀḗḗŧḗḗ ƞǿǿ ƒīīŀḗḗş?","one":"Ḓḗḗŀḗḗŧḗḗ ǿǿƞḗḗ ƒīīŀḗḗ?","two":["Ḓḗḗŀḗḗŧḗḗ ",{"t":"idOrVar","v":"number"}," ƒīīŀḗḗş?"],"few":["Ḓḗḗŀḗḗŧḗḗ ",{"t":"idOrVar","v":"number"}," ƒīīŀḗḗş?"],"many":["Ḓḗḗŀḗḗŧḗḗ ",{"t":"idOrVar","v":"number"}," ƒīīŀḗḗş?"],"other":["Ḓḗḗŀḗḗŧḗḗ ",{"t":"idOrVar","v":"number"}," ƒīīŀḗḗş?"]},"$x":[{"t":"idOrVar","v":"plural"},"number"]},{"$i":"unsupported_file_type_download_title","$v":"Ŭŭƞȧȧƀŀḗḗ ŧǿǿ ǿǿƥḗḗƞ"},{"$i":"unsupported_file_type_download_message","$v":["Ŧħḗḗřḗḗ īīşƞ’ŧ ȧȧƞ ȧȧƥƥ ŧħȧȧŧ ƈȧȧƞ ǿǿƥḗḗƞ ",{"t":"idOrVar","v":"name"},". Ẇǿǿŭŭŀḓ ẏǿǿŭŭ ŀīīķḗḗ ŧǿǿ şȧȧṽḗḗ ŧħḗḗ ƒīīŀḗḗ ǿǿř ḓḗḗŀḗḗŧḗḗ īīŧ?"]},{"$i":"unsupported_file_type_download_left_button","$v":"Ķḗḗḗḗƥ Ƒīīŀḗḗ"},{"$i":"unsupported_file_type_download_right_button","$v":"Ḓḗḗŀḗḗŧḗḗ"},{"$i":"file_not_found_download_title","$v":"Ƒīīŀḗḗ ƞǿǿŧ ƒǿǿŭŭƞḓ"},{"$i":"file_not_found_download_message","$v":"Ŧħḗḗ ƒīīŀḗḗ ẇȧȧşƞ’ŧ ƒǿǿŭŭƞḓ ǿǿƞ ŧħḗḗ ḓḗḗṽīīƈḗḗ"},{"$i":"file_not_found_download_right_button","$v":"ǾǿĶ"},{"$i":"unmounted_sdcard_2_download_title","$v":"Ḿḗḗḿǿǿřẏ ƈȧȧřḓ īīƞ ŭŭşḗḗ"},{"$i":"unmounted_sdcard_2_download_message","$v":"Ŭŭƞƥŀŭŭɠ ŧħḗḗ ƥħǿǿƞḗḗ"},{"$i":"unmounted_sdcard_2_download_right_button","$v":"ǾǿĶ"},{"$i":"no_provider_download_title","$v":"Ŭŭƞȧȧƀŀḗḗ ŧǿǿ şħȧȧřḗḗ"},{"$i":"no_provider_download_message","$v":"Ƞǿǿ ƥřǿǿṽīīḓḗḗř ƒǿǿŭŭƞḓ"},{"$i":"no_provider_download_right_button","$v":"ǾǿĶ"},{"$i":"no_memory_download_title","$v":"ŞḒ Ƈȧȧřḓ īīş ƒŭŭŀŀ"},{"$i":"no_memory_download_message","$v":"Ŧħḗḗřḗḗ īīş ƞǿǿ ḿǿǿřḗḗ řǿǿǿǿḿ ǿǿƞ ẏǿǿŭŭř ŞḒ ƈȧȧřḓ ŧǿǿ şȧȧṽḗḗ ẏǿǿŭŭř ḓǿǿẇƞŀǿǿȧȧḓ. Ƥŀḗḗȧȧşḗḗ řḗḗḿǿǿṽḗḗ şǿǿḿḗḗ ƒīīŀḗḗş ƀḗḗƒǿǿřḗḗ řḗḗşŧȧȧřŧīīƞɠ ŧħḗḗ ḓǿǿẇƞŀǿǿȧȧḓ."},{"$i":"no_memory_download_right_button","$v":"ǾǿĶ"},{"$i":"no_sdcard_found_2_download_title","$v":"Ƞǿǿ ḿḗḗḿǿǿřẏ ƈȧȧřḓ ƒǿǿŭŭƞḓ"},{"$i":"no_sdcard_found_2_download_message","$v":"Īīƞşḗḗřŧ ȧȧ ḿḗḗḿǿǿřẏ ƈȧȧřḓ ǿǿř şḗḗŀḗḗƈŧ ȧȧƞ ȧȧŀŧḗḗřƞȧȧŧḗḗ ḓḗḗƒȧȧŭŭŀŧ ḿḗḗḓīīȧȧ ŀǿǿƈȧȧŧīīǿǿƞ īīƞ şḗḗŧŧīīƞɠş"},{"$i":"no_sdcard_found_2_download_right_button","$v":"ǾǿĶ"},{"$i":"file_open_error_download_title","$v":"Ŭŭƞȧȧƀŀḗḗ ŧǿǿ ǿǿƥḗḗƞ"},{"$i":"file_open_error_download_message","$v":["Ŧħḗḗřḗḗ īīş ȧȧ ƥřǿǿƀŀḗḗḿ ǿǿƥḗḗƞīīƞɠ ",{"t":"idOrVar","v":"name"},". Ẇǿǿŭŭŀḓ ẏǿǿŭŭ ŀīīķḗḗ ŧǿǿ şȧȧṽḗḗ ŧħḗḗ ƒīīŀḗḗ ǿǿř ḓḗḗŀḗḗŧḗḗ īīŧ?"]},{"$i":"file_open_error_download_left_button","$v":"Ķḗḗḗḗƥ Ƒīīŀḗḗ"},{"$i":"file_open_error_download_right_button","$v":"Ḓḗḗŀḗḗŧḗḗ"},{"$i":"restart_download_error","$v":"Ŧħḗḗřḗḗ ẇȧȧş ȧȧƞ ḗḗřřǿǿř ẇħīīŀḗḗ řḗḗşŧȧȧřŧīīƞɠ ŧħḗḗ ḓǿǿẇƞŀǿǿȧȧḓ. Ƥŀḗḗȧȧşḗḗ ŧřẏ ŧǿǿ ḓǿǿẇƞŀǿǿȧȧḓ ȧȧɠȧȧīīƞ."},{"$i":"no-downloads","$v":"Ƞǿǿ ḓǿǿẇƞŀǿǿȧȧḓş"},{"$i":"byteUnit-B","$v":"Ɓ"},{"$i":"byteUnit-KB","$v":"ĶƁ"},{"$i":"byteUnit-MB","$v":"ḾƁ"},{"$i":"byteUnit-GB","$v":"ƓƁ"},{"$i":"byteUnit-TB","$v":"ŦƁ"},{"$i":"byteUnit-PB","$v":"ƤƁ"},{"$i":"byteUnit-EB","$v":"ḖḗƁ"},{"$i":"byteUnit-ZB","$v":"ẐƁ"},{"$i":"byteUnit-YB","$v":"ẎƁ"},{"$i":"fileSize","$v":[{"t":"idOrVar","v":"size"}," ",{"t":"idOrVar","v":"unit"}]},{"$i":"percentage","$v":[{"t":"idOrVar","v":"percentage"}," %"]},{"$i":"partialResult","$v":[{"t":"idOrVar","v":"partial"}," ǿǿƒ ",{"t":"idOrVar","v":"total"}]},{"$i":"summary","$v":[{"t":"idOrVar","v":"date"}," - ",{"t":"idOrVar","v":"status"}]},{"$i":"download-stopped","$v":"Şŧǿǿƥƥḗḗḓ"},{"$i":"download-failed","$v":"Ḓǿǿẇƞŀǿǿȧȧḓ ƒȧȧīīŀḗḗḓ"},{"$i":"open_downloaded_file","$v":"Ǿǿƥḗḗƞ"},{"$i":"share_downloaded_file","$v":"Şħȧȧřḗḗ"},{"$i":"wallpaper_downloaded_file","$v":"Şḗḗŧ ȧȧş ẇȧȧŀŀƥȧȧƥḗḗř"},{"$i":"ringtone_downloaded_file","$v":"Şḗḗŧ ȧȧş řīīƞɠŧǿǿƞḗḗ"},{"$i":"cancel_downloaded_file","$v":"Ƈȧȧƞƈḗḗŀ"},{"$i":"minutes-ago-long","$v":{"zero":"ĵŭŭşŧ ƞǿǿẇ","one":"ȧȧ ḿīīƞŭŭŧḗḗ ȧȧɠǿǿ","two":"{value} ḿīīƞŭŭŧḗḗş ȧȧɠǿǿ","few":"{value} ḿīīƞŭŭŧḗḗş ȧȧɠǿǿ","many":"{value} ḿīīƞŭŭŧḗḗş ȧȧɠǿǿ","other":"{value} ḿīīƞŭŭŧḗḗş ȧȧɠǿǿ"},"$x":[{"t":"idOrVar","v":"plural"},"value"]},{"$i":"hours-ago-long","$v":{"zero":"ĵŭŭşŧ ƞǿǿẇ","one":"ȧȧƞ ħǿǿŭŭř ȧȧɠǿǿ","two":"{value} ħǿǿŭŭřş ȧȧɠǿǿ","few":"{value} ħǿǿŭŭřş ȧȧɠǿǿ","many":"{value} ħǿǿŭŭřş ȧȧɠǿǿ","other":"{value} ħǿǿŭŭřş ȧȧɠǿǿ"},"$x":[{"t":"idOrVar","v":"plural"},"value"]},{"$i":"days-ago-long","$v":{"zero":"ŧǿǿḓȧȧẏ","one":"ẏḗḗşŧḗḗřḓȧȧẏ","two":"{value} ḓȧȧẏş ȧȧɠǿǿ","few":"{value} ḓȧȧẏş ȧȧɠǿǿ","many":"{value} ḓȧȧẏş ȧȧɠǿǿ","other":"{value} ḓȧȧẏş ȧȧɠǿǿ"},"$x":[{"t":"idOrVar","v":"plural"},"value"]},{"$i":"weeks-ago-long","$v":{"zero":"ŧħīīş ẇḗḗḗḗķ","one":"ŀȧȧşŧ ẇḗḗḗḗķ","two":"{value} ẇḗḗḗḗķş ȧȧɠǿǿ","few":"{value} ẇḗḗḗḗķş ȧȧɠǿǿ","many":"{value} ẇḗḗḗḗķş ȧȧɠǿǿ","other":"{value} ẇḗḗḗḗķş ȧȧɠǿǿ"},"$x":[{"t":"idOrVar","v":"plural"},"value"]},{"$i":"months-ago-long","$v":{"zero":"ŧħīīş ḿǿǿƞŧħ","one":"ŀȧȧşŧ ḿǿǿƞŧħ","two":"{value} ḿǿǿƞŧħş ȧȧɠǿǿ","few":"{value} ḿǿǿƞŧħş ȧȧɠǿǿ","many":"{value} ḿǿǿƞŧħş ȧȧɠǿǿ","other":"{value} ḿǿǿƞŧħş ȧȧɠǿǿ"},"$x":[{"t":"idOrVar","v":"plural"},"value"]},{"$i":"years-ago-long","$v":{"zero":"ŧħīīş ẏḗḗȧȧř","one":"ŀȧȧşŧ ẏḗḗȧȧř","two":"{value} ẏḗḗȧȧřş ȧȧɠǿǿ","few":"{value} ẏḗḗȧȧřş ȧȧɠǿǿ","many":"{value} ẏḗḗȧȧřş ȧȧɠǿǿ","other":"{value} ẏḗḗȧȧřş ȧȧɠǿǿ"},"$x":[{"t":"idOrVar","v":"plural"},"value"]},{"$i":"minutes-until-long","$v":{"zero":"ƞǿǿẇ","one":"īīƞ ȧȧ ḿīīƞŭŭŧḗḗ","two":"īīƞ {value} ḿīīƞŭŭŧḗḗş","few":"īīƞ {value} ḿīīƞŭŭŧḗḗş","many":"īīƞ {value} ḿīīƞŭŭŧḗḗş","other":"īīƞ {value} ḿīīƞŭŭŧḗḗş"},"$x":[{"t":"idOrVar","v":"plural"},"value"]},{"$i":"hours-until-long","$v":{"zero":"ƞǿǿẇ","one":"īīƞ ȧȧƞ ħǿǿŭŭř","two":"īīƞ {value} ħǿǿŭŭřş","few":"īīƞ {value} ħǿǿŭŭřş","many":"īīƞ {value} ħǿǿŭŭřş","other":"īīƞ {value} ħǿǿŭŭřş"},"$x":[{"t":"idOrVar","v":"plural"},"value"]},{"$i":"days-until-long","$v":{"zero":"ŧǿǿḓȧȧẏ","one":"ŧǿǿḿǿǿřřǿǿẇ","two":"īīƞ {value} ḓȧȧẏş","few":"īīƞ {value} ḓȧȧẏş","many":"īīƞ {value} ḓȧȧẏş","other":"īīƞ {value} ḓȧȧẏş"},"$x":[{"t":"idOrVar","v":"plural"},"value"]},{"$i":"weeks-until-long","$v":{"zero":"ŧħīīş ẇḗḗḗḗķ","one":"ƞḗḗẋŧ ẇḗḗḗḗķ","two":"īīƞ {value} ẇḗḗḗḗķş","few":"īīƞ {value} ẇḗḗḗḗķş","many":"īīƞ {value} ẇḗḗḗḗķş","other":"īīƞ {value} ẇḗḗḗḗķş"},"$x":[{"t":"idOrVar","v":"plural"},"value"]},{"$i":"months-until-long","$v":{"zero":"ŧħīīş ḿǿǿƞŧħ","one":"ƞḗḗẋŧ ḿǿǿƞŧħ","two":"īīƞ {value} ḿǿǿƞŧħş","few":"īīƞ {value} ḿǿǿƞŧħş","many":"īīƞ {value} ḿǿǿƞŧħş","other":"īīƞ {value} ḿǿǿƞŧħş"},"$x":[{"t":"idOrVar","v":"plural"},"value"]},{"$i":"years-until-long","$v":{"zero":"ŧħīīş ẏḗḗȧȧř","one":"ƞḗḗẋŧ ẏḗḗȧȧř","two":"īīƞ {value} ẏḗḗȧȧřş","few":"īīƞ {value} ẏḗḗȧȧřş","many":"īīƞ {value} ẏḗḗȧȧřş","other":"īīƞ {value} ẏḗḗȧȧřş"},"$x":[{"t":"idOrVar","v":"plural"},"value"]},{"$i":"minutes-ago-short","$v":{"zero":"ĵŭŭşŧ ƞǿǿẇ","other":"{value}ḿ ȧȧɠǿǿ"},"$x":[{"t":"idOrVar","v":"plural"},"value"]},{"$i":"hours-ago-short","$v":{"zero":"ĵŭŭşŧ ƞǿǿẇ","other":"{value}ħ ȧȧɠǿǿ"},"$x":[{"t":"idOrVar","v":"plural"},"value"]},{"$i":"days-ago-short","$v":{"zero":"ŧǿǿḓȧȧẏ","other":"{value}ḓ ȧȧɠǿǿ"},"$x":[{"t":"idOrVar","v":"plural"},"value"]},{"$i":"minutes-until-short","$v":{"zero":"ƞǿǿẇ","other":"īīƞ {value}ḿ"},"$x":[{"t":"idOrVar","v":"plural"},"value"]},{"$i":"hours-until-short","$v":{"zero":"ƞǿǿẇ","other":"īīƞ {value}ħ"},"$x":[{"t":"idOrVar","v":"plural"},"value"]},{"$i":"days-until-short","$v":{"zero":"ŧǿǿḓȧȧẏ","other":"īīƞ {value}ḓ"},"$x":[{"t":"idOrVar","v":"plural"},"value"]},{"$i":"gaia-menu-cancel","$v":"Ƈȧȧƞƈḗḗŀ"},{"$i":"select-download","$v":"Şḗḗŀḗḗƈŧ ḓǿǿẇƞŀǿǿȧȧḓ"}]