[{"$i":"bluetooth-header","$v":[{"t":"idOrVar","v":"bluetooth"}]},{"$i":"bluetooth-enable-msg","$v":"‮⊥nɹu‬ ‮Ԑʅnǝʇooʇɥ‬ ‮ou‬ ‮ʇo‬ ‮ʌıǝʍ‬ ‮pǝʌıɔǝs‬ ‮ıu‬ ‮ʇɥǝ‬ ‮ɐɹǝɐ‬."},{"$i":"bluetooth-paired-devices","$v":"‮Ԁɐıɹǝp‬ ‮pǝʌıɔǝs‬"},{"$i":"bluetooth-devices-in-area","$v":"‮pǝʌıɔǝs‬ ‮ıu‬ ‮ʇɥǝ‬ ‮ɐɹǝɐ‬"},{"$i":"bluetooth-visible-to-all","$v":"‮Ʌısıqʅǝ‬ ‮ʇo‬ ‮ɐʅʅ‬"},{"$i":"bluetooth-name-maxlength-alert","$v":["‮ʎonɹ‬ ‮pǝʌıɔǝ‬ ‮uɐɯǝ‬ ‮ǝxɔǝǝps‬ ",{"t":"idOrVar","v":"length"}," ‮ɔɥɐɹɐɔʇǝɹs‬. ‮Ԁʅǝɐsǝ‬ ‮ɹǝʇɹʎ‬ ‮ɐƃɐıu‬."]},{"$i":"bluetooth-address","$v":"‮Ԑʅnǝʇooʇɥ‬ ‮∀ppɹǝss‬"},{"$i":"bluetooth-address-unavailable","$v":"‮Noʇ‬ ‮ɐʌɐıʅɐqʅǝ‬"},{"$i":"bt-status-nopaired","$v":"‮No‬ ‮pǝʌıɔǝs‬ ‮dɐıɹǝp‬"},{"$i":"bt-status-turnoff","$v":"‮⊥nɹuǝp‬ ‮oɟɟ‬"},{"$i":"bt-status-paired","$v":{"zero":[{"t":"idOrVar","v":"name"}],"one":[{"t":"idOrVar","v":"name"},", +",{"t":"idOrVar","v":"n"}," ‮ɯoɹǝ‬"],"two":[{"t":"idOrVar","v":"name"},", +",{"t":"idOrVar","v":"n"}," ‮ɯoɹǝ‬"],"few":[{"t":"idOrVar","v":"name"},", +",{"t":"idOrVar","v":"n"}," ‮ɯoɹǝ‬"],"many":[{"t":"idOrVar","v":"name"},", +",{"t":"idOrVar","v":"n"}," ‮ɯoɹǝ‬"],"other":[{"t":"idOrVar","v":"name"},", +",{"t":"idOrVar","v":"n"}," ‮ɯoɹǝ‬"]},"$x":[{"t":"idOrVar","v":"plural"},"n"]},{"$i":"device-status-tap-connect","$v":"‮⊥ɐd‬ ‮ʇo‬ ‮ɔouuǝɔʇ‬"},{"$i":"device-status-pairing","$v":"‮Ԁɐıɹıuƃ‬ ‮ʍıʇɥ‬ ‮pǝʌıɔǝ‬…"},{"$i":"device-status-waiting","$v":"‮Ｍɐıʇıuƃ‬ ‮ɟoɹ‬ ‮oʇɥǝɹ‬ ‮pǝʌıɔǝ‬…"},{"$i":"device-status-paired","$v":"‮Ԁɐıɹǝp‬"},{"$i":"device-status-connecting","$v":"‮Ↄouuǝɔʇıuƃ‬…"},{"$i":"device-status-connected","$v":"‮Ↄouuǝɔʇǝp‬"},{"$i":"device-status-connected-phone","$v":"‮Ↄouuǝɔʇǝp‬ ‮ʇo‬ ‮dɥouǝ‬ ‮ɐnpıo‬"},{"$i":"device-status-connected-media","$v":"‮Ↄouuǝɔʇǝp‬ ‮ʇo‬ ‮ɯǝpıɐ‬ ‮ɐnpıo‬"},{"$i":"device-status-connected-phone-media","$v":"‮Ↄouuǝɔʇǝp‬ ‮ʇo‬ ‮dɥouǝ‬/‮ɯǝpıɐ‬ ‮ɐnpıo‬"},{"$i":"device-option-unpair","$v":"‮∩udɐıɹ‬"},{"$i":"device-option-confirm","$v":"‮Ↄouɟıɹɯ‬"},{"$i":"device-option-unpair-confirmation","$v":"‮Ↄouɟıɹɯɐʇıou‬"},{"$i":"device-option-unpair-device","$v":"‮∩udɐıɹ‬ ‮pǝʌıɔǝ‬?"},{"$i":"device-option-connect","$v":"‮Ↄouuǝɔʇ‬"},{"$i":"device-option-disconnect","$v":"‮pısɔouuǝɔʇ‬"},{"$i":"search-for-device","$v":"‮Sǝɐɹɔɥıuƃ‬ ‮ɟoɹ‬ ‮pǝʌıɔǝs‬…"},{"$i":"search-device","$v":"‮Sǝɐɹɔɥ‬ ‮ɟoɹ‬ ‮pǝʌıɔǝs‬"},{"$i":"rename-device","$v":"‮ᴚǝuɐɯǝ‬ ‮ɯʎ‬ ‮pǝʌıɔǝ‬"},{"$i":"unnamed-device","$v":"‮∩uʞuoʍu‬ ‮pǝʌıɔǝ‬"},{"$i":"change-btdevice-name","$v":"‮Ↄɥɐuƃǝ‬ ‮pǝʌıɔǝ‬ ‮uɐɯǝ‬"},{"$i":"change-btdevice-name-desc","$v":"‮⊥ɥıs‬ ‮uɐɯǝ‬ ‮ʍıʅʅ‬ ‮ɐddǝɐɹ‬ ‮ou‬ ‮ʎonɹ‬ ‮oʇɥǝɹ‬ ‮Ԑʅnǝʇooʇɥ‬ ‮pǝʌıɔǝs‬"},{"$i":"bluetooth-new-name","$v":"‮Nǝʍ‬ ‮uɐɯǝ‬"},{"$i":"error-pair-title","$v":"‮∩uɐqʅǝ‬ ‮ʇo‬ ‮dɐıɹ‬ ‮pǝʌıɔǝs‬"},{"$i":"error-pair-pincode","$v":"‮∩uɐqʅǝ‬ ‮ʇo‬ ‮dɐıɹ‬ ‮ʍıʇɥ‬ ‮ʇɥǝ‬ ‮pǝʌıɔǝ‬. ‮Ↄɥǝɔʞ‬ ‮ʇɥɐʇ‬ ‮ʇɥǝ‬ ‮ԀIN‬ ‮ıs‬ ‮ɔoɹɹǝɔʇ‬."},{"$i":"error-pair-toofast","$v":"‮∩uɐqʅǝ‬ ‮ʇo‬ ‮dɐıɹ‬ ‮ʍıʇɥ‬ ‮ʇɥǝ‬ ‮pǝʌıɔǝ‬. ‮⊥oo‬ ‮ɯɐuʎ‬ ‮ɹǝbnǝsʇs‬."},{"$i":"error-connect-title","$v":"‮∩uɐqʅǝ‬ ‮ʇo‬ ‮ɔouuǝɔʇ‬ ‮pǝʌıɔǝs‬"},{"$i":"error-connect-msg","$v":"‮Ↄɥǝɔʞ‬ ‮ʇɥɐʇ‬ ‮ʇɥǝ‬ ‮pǝʌıɔǝ‬ ‮ʎon‬’‮ɹǝ‬ ‮ʇɹʎıuƃ‬ ‮ʇo‬ ‮ɔouuǝɔʇ‬ ‮ʍıʇɥ‬ ‮ıs‬ ‮sʇıʅʅ‬ ‮ıu‬ ‮ɹɐuƃǝ‬ ‮ɐup‬ ‮ɥɐs‬ ‮Ԑʅnǝʇooʇɥ‬ ‮ʇnɹuǝp‬ ‮ou‬."},{"$i":"unpair-title","$v":"‮∩udɐıɹ‬ ‮ɐ‬ ‮ɔouuǝɔʇǝp‬ ‮pǝʌıɔǝ‬?"},{"$i":"unpair-msg","$v":"‮ʎon‬ ‮ɐɹǝ‬ ‮ɔnɹɹǝuʇʅʎ‬ ‮ɔouuǝɔʇǝp‬ ‮ʇo‬ ‮ʇɥıs‬ ‮pǝʌıɔǝ‬. ‮∩udɐıɹıuƃ‬ ‮ʍıʅʅ‬ ‮ɐʅso‬ ‮pısɔouuǝɔʇ‬ ‮ɟɹoɯ‬ ‮ıʇ‬."},{"$i":"bluetooth","$v":"‮Ԑʅnǝʇooʇɥ‬"},{"$i":"confirmation","$v":"‮Ↄouɟıɹɯɐʇıou‬"},{"$i":"bluetooth-status-description","$v":"‮Ԑʅnǝʇooʇɥ‬ ‮ıs‬ ‮pısɐqʅǝp‬"},{"$i":"turn-bluetooth-on","$v":"‮po‬ ‮ʎon‬ ‮ʍɐuʇ‬ ‮ʇo‬ ‮ʇnɹu‬ ‮Ԑʅnǝʇooʇɥ‬ ‮ou‬?"},{"$i":"cancel","$v":"‮Ↄɐuɔǝʅ‬"},{"$i":"turn-on","$v":"‮⊥nɹu‬ ‮Ou‬"},{"$i":"error-transfer-title","$v":"‮Ԑʅnǝʇooʇɥ‬ ‮ɟıʅǝ‬ ‮ʇɹɐusɟǝɹ‬ ‮ɟɐıʅǝp‬"},{"$i":"error-transfer-settings","$v":"‮Ԑʅnǝʇooʇɥ‬ ‮ɟıʅǝ‬ ‮ʇɹɐusɟǝɹ‬ ‮ɟɐıʅǝp‬. ‮Ↄɥǝɔʞ‬ ‮ʇɥɐʇ‬ ‮ʇɥǝ‬ ‮Ԑʅnǝʇooʇɥ‬ ‮sǝʇʇıuƃs‬ ‮ɐɹǝ‬ ‮ɔoɹɹǝɔʇ‬."},{"$i":"ok","$v":"‮OӼ‬"},{"$i":"pair","$v":"‮Ԁɐıɹ‬"},{"$i":"active-pair","$v":"‮Ↄouɟıɹɯ‬ ‮pǝʌıɔǝs‬ ‮ʇo‬ ‮dɐıɹ‬"},{"$i":"active-pair-confirmation","$v":["‮⊥o‬ ‮dɐıɹ‬ ‮ʍıʇɥ‬ ",{"t":"idOrVar","v":"device"},", ‮ɯɐʞǝ‬ ‮snɹǝ‬ ‮ʇɥɐʇ‬ ‮qoʇɥ‬ ‮pǝʌıɔǝs‬ ‮ɔnɹɹǝuʇʅʎ‬ ‮ɥɐʌǝ‬ ‮ʇɥǝ‬ ‮ɟoʅʅoʍıuƃ‬ ‮ԀIN‬ ‮pısdʅɐʎǝp‬:"]},{"$i":"active-pair-pincode","$v":["‮⊥o‬ ‮dɐıɹ‬ ‮ʍıʇɥ‬ ",{"t":"idOrVar","v":"device"},", ‮ǝuʇǝɹ‬ ‮ʇɥǝ‬ ‮ԀIN‬ ‮ou‬ ‮ʇɥǝ‬ ‮pǝʌıɔǝ‬."]},{"$i":"active-pair-passkey","$v":["‮⊥o‬ ‮dɐıɹ‬ ‮ʍıʇɥ‬ ",{"t":"idOrVar","v":"device"},", ‮ǝuʇǝɹ‬ ‮ʇɥǝ‬ ‮dɐssʞǝʎ‬ ‮ou‬ ‮ʇɥǝ‬ ‮pǝʌıɔǝ‬."]},{"$i":"passive-pair","$v":"‮Ԑʅnǝʇooʇɥ‬ ‮dɐıɹıuƃ‬ ‮ɹǝbnǝsʇ‬"},{"$i":"passive-pair-confirmation","$v":[{"t":"idOrVar","v":"device"}," ‮ʍonʅp‬ ‮ʅıʞǝ‬ ‮ʇo‬ ‮dɐıɹ‬ ‮ʍıʇɥ‬ ‮ʇɥıs‬ ‮dɥouǝ‬. ‮⊥o‬ ‮ɐɔɔǝdʇ‬, ‮ɯɐʞǝ‬ ‮snɹǝ‬ ‮ʇɥɐʇ‬ ‮qoʇɥ‬ ‮pǝʌıɔǝs‬ ‮ɔnɹɹǝuʇʅʎ‬ ‮ɥɐʌǝ‬ ‮ʇɥǝ‬ ‮ɟoʅʅoʍıuƃ‬ ‮ԀIN‬ ‮pısdʅɐʎǝp‬:"]},{"$i":"passive-pair-pincode","$v":[{"t":"idOrVar","v":"device"}," ‮ʍonʅp‬ ‮ʅıʞǝ‬ ‮ʇo‬ ‮dɐıɹ‬ ‮ʍıʇɥ‬ ‮ʇɥıs‬ ‮dɥouǝ‬. ‮⊥o‬ ‮ɐɔɔǝdʇ‬, ‮ǝuʇǝɹ‬ ‮ʇɥǝ‬ ‮ԀIN‬ ‮ou‬ ‮ʇɥǝ‬ ‮pǝʌıɔǝ‬."]},{"$i":"passive-pair-enterpincode","$v":[{"t":"idOrVar","v":"device"}," ‮ʍonʅp‬ ‮ʅıʞǝ‬ ‮ʇo‬ ‮dɐıɹ‬ ‮ʍıʇɥ‬ ‮ʇɥıs‬ ‮dɥouǝ‬. ‮⊥o‬ ‮ɐɔɔǝdʇ‬, ‮ǝuʇǝɹ‬ ‮ʇɥǝ‬ ‮ԀIN‬ ‮ou‬ ‮ʇɥǝ‬ ‮pǝʌıɔǝ‬."]},{"$i":"passive-pair-passkey","$v":[{"t":"idOrVar","v":"device"}," ‮ʍonʅp‬ ‮ʅıʞǝ‬ ‮ʇo‬ ‮dɐıɹ‬ ‮ʍıʇɥ‬ ‮ʇɥıs‬ ‮dɥouǝ‬. ‮⊥o‬ ‮ɐɔɔǝdʇ‬, ‮ǝuʇǝɹ‬ ‮ʇɥǝ‬ ‮dɐssʞǝʎ‬ ‮ou‬ ‮ʇɥǝ‬ ‮pǝʌıɔǝ‬."]},{"$i":"passive-pair-displaypasskey","$v":[{"t":"idOrVar","v":"device"}," ‮ʍonʅp‬ ‮ʅıʞǝ‬ ‮ʇo‬ ‮dɐıɹ‬ ‮ʍıʇɥ‬ ‮ʇɥıs‬ ‮dɥouǝ‬. ‮⊥o‬ ‮ɐɔɔǝdʇ‬, ‮ıudnʇ‬ ‮ʇɥǝ‬ ‮dɐssʞǝʎ‬ ‮ɐup‬ ‮ʇɥǝu‬ ‮dɹǝss‬ ‮ᴚǝʇnɹu‬ ‮oɹ‬ ‮Ǝuʇǝɹ‬ ‮ou‬ ‮ʇɥǝ‬ ‮pǝʌıɔǝ‬."]},{"$i":"passive-pair-consent","$v":[{"t":"idOrVar","v":"device"}," ‮ʍonʅp‬ ‮ʅıʞǝ‬ ‮ʇo‬ ‮dɐıɹ‬ ‮ʍıʇɥ‬ ‮ʇɥıs‬ ‮dɥouǝ‬."]},{"$i":"pair-view-title","$v":"‮Ԑʅnǝʇooʇɥ‬ ‮ᴚǝbnǝsʇ‬ ‮ɟɹoɯ‬"},{"$i":"bluetooth-pairing-request-now-title","$v":"‮Ԑʅnǝʇooʇɥ‬ ‮dɐıɹıuƃ‬ ‮ɹǝbnǝsʇ‬"},{"$i":"pairing-request-timeout-title","$v":"‮Ԑʅnǝʇooʇɥ‬ ‮Ԁɐıɹıuƃ‬ ‮ᴚǝbnǝsʇ‬"},{"$i":"pairing-request-timeout-description","$v":"‮Ԑʅnǝʇooʇɥ‬ ‮dɐıɹıuƃ‬ ‮ɹǝbnǝsʇ‬ ‮ǝxdıɹǝp‬. ‮⊥ɹʎ‬ ‮ʇo‬ ‮dɐıɹ‬ ‮ɐƃɐıu‬."},{"$i":"gaia-menu-cancel","$v":"‮Ↄɐuɔǝʅ‬"}]