[{"$i":"bluetooth-header","$v":[{"t":"idOrVar","v":"bluetooth"}]},{"$i":"bluetooth-enable-msg","$v":"Ŧŭŭřƞ Ɓŀŭŭḗḗŧǿǿǿǿŧħ ǿǿƞ ŧǿǿ ṽīīḗḗẇ ḓḗḗṽīīƈḗḗş īīƞ ŧħḗḗ ȧȧřḗḗȧȧ."},{"$i":"bluetooth-paired-devices","$v":"Ƥȧȧīīřḗḗḓ ḓḗḗṽīīƈḗḗş"},{"$i":"bluetooth-devices-in-area","$v":"Ḓḗḗṽīīƈḗḗş īīƞ ŧħḗḗ ȧȧřḗḗȧȧ"},{"$i":"bluetooth-visible-to-all","$v":"Ṽīīşīīƀŀḗḗ ŧǿǿ ȧȧŀŀ"},{"$i":"bluetooth-name-maxlength-alert","$v":["Ẏǿǿŭŭř ḓḗḗṽīīƈḗḗ ƞȧȧḿḗḗ ḗḗẋƈḗḗḗḗḓş ",{"t":"idOrVar","v":"length"}," ƈħȧȧřȧȧƈŧḗḗřş. Ƥŀḗḗȧȧşḗḗ řḗḗŧřẏ ȧȧɠȧȧīīƞ."]},{"$i":"bluetooth-address","$v":"Ɓŀŭŭḗḗŧǿǿǿǿŧħ Ȧȧḓḓřḗḗşş"},{"$i":"bluetooth-address-unavailable","$v":"Ƞǿǿŧ ȧȧṽȧȧīīŀȧȧƀŀḗḗ"},{"$i":"bt-status-nopaired","$v":"Ƞǿǿ ḓḗḗṽīīƈḗḗş ƥȧȧīīřḗḗḓ"},{"$i":"bt-status-turnoff","$v":"Ŧŭŭřƞḗḗḓ ǿǿƒƒ"},{"$i":"bt-status-paired","$v":{"zero":[{"t":"idOrVar","v":"name"}],"one":[{"t":"idOrVar","v":"name"},", +",{"t":"idOrVar","v":"n"}," ḿǿǿřḗḗ"],"two":[{"t":"idOrVar","v":"name"},", +",{"t":"idOrVar","v":"n"}," ḿǿǿřḗḗ"],"few":[{"t":"idOrVar","v":"name"},", +",{"t":"idOrVar","v":"n"}," ḿǿǿřḗḗ"],"many":[{"t":"idOrVar","v":"name"},", +",{"t":"idOrVar","v":"n"}," ḿǿǿřḗḗ"],"other":[{"t":"idOrVar","v":"name"},", +",{"t":"idOrVar","v":"n"}," ḿǿǿřḗḗ"]},"$x":[{"t":"idOrVar","v":"plural"},"n"]},{"$i":"device-status-tap-connect","$v":"Ŧȧȧƥ ŧǿǿ ƈǿǿƞƞḗḗƈŧ"},{"$i":"device-status-pairing","$v":"Ƥȧȧīīřīīƞɠ ẇīīŧħ ḓḗḗṽīīƈḗḗ…"},{"$i":"device-status-waiting","$v":"Ẇȧȧīīŧīīƞɠ ƒǿǿř ǿǿŧħḗḗř ḓḗḗṽīīƈḗḗ…"},{"$i":"device-status-paired","$v":"Ƥȧȧīīřḗḗḓ"},{"$i":"device-status-connecting","$v":"Ƈǿǿƞƞḗḗƈŧīīƞɠ…"},{"$i":"device-status-connected","$v":"Ƈǿǿƞƞḗḗƈŧḗḗḓ"},{"$i":"device-status-connected-phone","$v":"Ƈǿǿƞƞḗḗƈŧḗḗḓ ŧǿǿ ƥħǿǿƞḗḗ ȧȧŭŭḓīīǿǿ"},{"$i":"device-status-connected-media","$v":"Ƈǿǿƞƞḗḗƈŧḗḗḓ ŧǿǿ ḿḗḗḓīīȧȧ ȧȧŭŭḓīīǿǿ"},{"$i":"device-status-connected-phone-media","$v":"Ƈǿǿƞƞḗḗƈŧḗḗḓ ŧǿǿ ƥħǿǿƞḗḗ/ḿḗḗḓīīȧȧ ȧȧŭŭḓīīǿǿ"},{"$i":"device-option-unpair","$v":"Ŭŭƞƥȧȧīīř"},{"$i":"device-option-confirm","$v":"Ƈǿǿƞƒīīřḿ"},{"$i":"device-option-unpair-confirmation","$v":"Ƈǿǿƞƒīīřḿȧȧŧīīǿǿƞ"},{"$i":"device-option-unpair-device","$v":"Ŭŭƞƥȧȧīīř ḓḗḗṽīīƈḗḗ?"},{"$i":"device-option-connect","$v":"Ƈǿǿƞƞḗḗƈŧ"},{"$i":"device-option-disconnect","$v":"Ḓīīşƈǿǿƞƞḗḗƈŧ"},{"$i":"search-for-device","$v":"Şḗḗȧȧřƈħīīƞɠ ƒǿǿř ḓḗḗṽīīƈḗḗş…"},{"$i":"search-device","$v":"Şḗḗȧȧřƈħ ƒǿǿř ḓḗḗṽīīƈḗḗş"},{"$i":"rename-device","$v":"Řḗḗƞȧȧḿḗḗ ḿẏ ḓḗḗṽīīƈḗḗ"},{"$i":"unnamed-device","$v":"Ŭŭƞķƞǿǿẇƞ ḓḗḗṽīīƈḗḗ"},{"$i":"change-btdevice-name","$v":"Ƈħȧȧƞɠḗḗ ḓḗḗṽīīƈḗḗ ƞȧȧḿḗḗ"},{"$i":"change-btdevice-name-desc","$v":"Ŧħīīş ƞȧȧḿḗḗ ẇīīŀŀ ȧȧƥƥḗḗȧȧř ǿǿƞ ẏǿǿŭŭř ǿǿŧħḗḗř Ɓŀŭŭḗḗŧǿǿǿǿŧħ ḓḗḗṽīīƈḗḗş"},{"$i":"bluetooth-new-name","$v":"Ƞḗḗẇ ƞȧȧḿḗḗ"},{"$i":"error-pair-title","$v":"Ŭŭƞȧȧƀŀḗḗ ŧǿǿ ƥȧȧīīř ḓḗḗṽīīƈḗḗş"},{"$i":"error-pair-pincode","$v":"Ŭŭƞȧȧƀŀḗḗ ŧǿǿ ƥȧȧīīř ẇīīŧħ ŧħḗḗ ḓḗḗṽīīƈḗḗ. Ƈħḗḗƈķ ŧħȧȧŧ ŧħḗḗ ƤĪīȠ īīş ƈǿǿřřḗḗƈŧ."},{"$i":"error-pair-toofast","$v":"Ŭŭƞȧȧƀŀḗḗ ŧǿǿ ƥȧȧīīř ẇīīŧħ ŧħḗḗ ḓḗḗṽīīƈḗḗ. Ŧǿǿǿǿ ḿȧȧƞẏ řḗḗɋŭŭḗḗşŧş."},{"$i":"error-connect-title","$v":"Ŭŭƞȧȧƀŀḗḗ ŧǿǿ ƈǿǿƞƞḗḗƈŧ ḓḗḗṽīīƈḗḗş"},{"$i":"error-connect-msg","$v":"Ƈħḗḗƈķ ŧħȧȧŧ ŧħḗḗ ḓḗḗṽīīƈḗḗ ẏǿǿŭŭ’řḗḗ ŧřẏīīƞɠ ŧǿǿ ƈǿǿƞƞḗḗƈŧ ẇīīŧħ īīş şŧīīŀŀ īīƞ řȧȧƞɠḗḗ ȧȧƞḓ ħȧȧş Ɓŀŭŭḗḗŧǿǿǿǿŧħ ŧŭŭřƞḗḗḓ ǿǿƞ."},{"$i":"unpair-title","$v":"Ŭŭƞƥȧȧīīř ȧȧ ƈǿǿƞƞḗḗƈŧḗḗḓ ḓḗḗṽīīƈḗḗ?"},{"$i":"unpair-msg","$v":"Ẏǿǿŭŭ ȧȧřḗḗ ƈŭŭřřḗḗƞŧŀẏ ƈǿǿƞƞḗḗƈŧḗḗḓ ŧǿǿ ŧħīīş ḓḗḗṽīīƈḗḗ. Ŭŭƞƥȧȧīīřīīƞɠ ẇīīŀŀ ȧȧŀşǿǿ ḓīīşƈǿǿƞƞḗḗƈŧ ƒřǿǿḿ īīŧ."},{"$i":"bluetooth","$v":"Ɓŀŭŭḗḗŧǿǿǿǿŧħ"},{"$i":"confirmation","$v":"Ƈǿǿƞƒīīřḿȧȧŧīīǿǿƞ"},{"$i":"bluetooth-status-description","$v":"Ɓŀŭŭḗḗŧǿǿǿǿŧħ īīş ḓīīşȧȧƀŀḗḗḓ"},{"$i":"turn-bluetooth-on","$v":"Ḓǿǿ ẏǿǿŭŭ ẇȧȧƞŧ ŧǿǿ ŧŭŭřƞ Ɓŀŭŭḗḗŧǿǿǿǿŧħ ǿǿƞ?"},{"$i":"cancel","$v":"Ƈȧȧƞƈḗḗŀ"},{"$i":"turn-on","$v":"Ŧŭŭřƞ Ǿǿƞ"},{"$i":"error-transfer-title","$v":"Ɓŀŭŭḗḗŧǿǿǿǿŧħ ƒīīŀḗḗ ŧřȧȧƞşƒḗḗř ƒȧȧīīŀḗḗḓ"},{"$i":"error-transfer-settings","$v":"Ɓŀŭŭḗḗŧǿǿǿǿŧħ ƒīīŀḗḗ ŧřȧȧƞşƒḗḗř ƒȧȧīīŀḗḗḓ. Ƈħḗḗƈķ ŧħȧȧŧ ŧħḗḗ Ɓŀŭŭḗḗŧǿǿǿǿŧħ şḗḗŧŧīīƞɠş ȧȧřḗḗ ƈǿǿřřḗḗƈŧ."},{"$i":"ok","$v":"ǾǿĶ"},{"$i":"pair","$v":"Ƥȧȧīīř"},{"$i":"active-pair","$v":"Ƈǿǿƞƒīīřḿ ḓḗḗṽīīƈḗḗş ŧǿǿ ƥȧȧīīř"},{"$i":"active-pair-confirmation","$v":["Ŧǿǿ ƥȧȧīīř ẇīīŧħ ",{"t":"idOrVar","v":"device"},", ḿȧȧķḗḗ şŭŭřḗḗ ŧħȧȧŧ ƀǿǿŧħ ḓḗḗṽīīƈḗḗş ƈŭŭřřḗḗƞŧŀẏ ħȧȧṽḗḗ ŧħḗḗ ƒǿǿŀŀǿǿẇīīƞɠ ƤĪīȠ ḓīīşƥŀȧȧẏḗḗḓ:"]},{"$i":"active-pair-pincode","$v":["Ŧǿǿ ƥȧȧīīř ẇīīŧħ ",{"t":"idOrVar","v":"device"},", ḗḗƞŧḗḗř ŧħḗḗ ƤĪīȠ ǿǿƞ ŧħḗḗ ḓḗḗṽīīƈḗḗ."]},{"$i":"active-pair-passkey","$v":["Ŧǿǿ ƥȧȧīīř ẇīīŧħ ",{"t":"idOrVar","v":"device"},", ḗḗƞŧḗḗř ŧħḗḗ ƥȧȧşşķḗḗẏ ǿǿƞ ŧħḗḗ ḓḗḗṽīīƈḗḗ."]},{"$i":"passive-pair","$v":"Ɓŀŭŭḗḗŧǿǿǿǿŧħ ƥȧȧīīřīīƞɠ řḗḗɋŭŭḗḗşŧ"},{"$i":"passive-pair-confirmation","$v":[{"t":"idOrVar","v":"device"}," ẇǿǿŭŭŀḓ ŀīīķḗḗ ŧǿǿ ƥȧȧīīř ẇīīŧħ ŧħīīş ƥħǿǿƞḗḗ. Ŧǿǿ ȧȧƈƈḗḗƥŧ, ḿȧȧķḗḗ şŭŭřḗḗ ŧħȧȧŧ ƀǿǿŧħ ḓḗḗṽīīƈḗḗş ƈŭŭřřḗḗƞŧŀẏ ħȧȧṽḗḗ ŧħḗḗ ƒǿǿŀŀǿǿẇīīƞɠ ƤĪīȠ ḓīīşƥŀȧȧẏḗḗḓ:"]},{"$i":"passive-pair-pincode","$v":[{"t":"idOrVar","v":"device"}," ẇǿǿŭŭŀḓ ŀīīķḗḗ ŧǿǿ ƥȧȧīīř ẇīīŧħ ŧħīīş ƥħǿǿƞḗḗ. Ŧǿǿ ȧȧƈƈḗḗƥŧ, ḗḗƞŧḗḗř ŧħḗḗ ƤĪīȠ ǿǿƞ ŧħḗḗ ḓḗḗṽīīƈḗḗ."]},{"$i":"passive-pair-enterpincode","$v":[{"t":"idOrVar","v":"device"}," ẇǿǿŭŭŀḓ ŀīīķḗḗ ŧǿǿ ƥȧȧīīř ẇīīŧħ ŧħīīş ƥħǿǿƞḗḗ. Ŧǿǿ ȧȧƈƈḗḗƥŧ, ḗḗƞŧḗḗř ŧħḗḗ ƤĪīȠ ǿǿƞ ŧħḗḗ ḓḗḗṽīīƈḗḗ."]},{"$i":"passive-pair-passkey","$v":[{"t":"idOrVar","v":"device"}," ẇǿǿŭŭŀḓ ŀīīķḗḗ ŧǿǿ ƥȧȧīīř ẇīīŧħ ŧħīīş ƥħǿǿƞḗḗ. Ŧǿǿ ȧȧƈƈḗḗƥŧ, ḗḗƞŧḗḗř ŧħḗḗ ƥȧȧşşķḗḗẏ ǿǿƞ ŧħḗḗ ḓḗḗṽīīƈḗḗ."]},{"$i":"passive-pair-displaypasskey","$v":[{"t":"idOrVar","v":"device"}," ẇǿǿŭŭŀḓ ŀīīķḗḗ ŧǿǿ ƥȧȧīīř ẇīīŧħ ŧħīīş ƥħǿǿƞḗḗ. Ŧǿǿ ȧȧƈƈḗḗƥŧ, īīƞƥŭŭŧ ŧħḗḗ ƥȧȧşşķḗḗẏ ȧȧƞḓ ŧħḗḗƞ ƥřḗḗşş Řḗḗŧŭŭřƞ ǿǿř Ḗḗƞŧḗḗř ǿǿƞ ŧħḗḗ ḓḗḗṽīīƈḗḗ."]},{"$i":"passive-pair-consent","$v":[{"t":"idOrVar","v":"device"}," ẇǿǿŭŭŀḓ ŀīīķḗḗ ŧǿǿ ƥȧȧīīř ẇīīŧħ ŧħīīş ƥħǿǿƞḗḗ."]},{"$i":"pair-view-title","$v":"Ɓŀŭŭḗḗŧǿǿǿǿŧħ Řḗḗɋŭŭḗḗşŧ Ƒřǿǿḿ"},{"$i":"bluetooth-pairing-request-now-title","$v":"Ɓŀŭŭḗḗŧǿǿǿǿŧħ ƥȧȧīīřīīƞɠ řḗḗɋŭŭḗḗşŧ"},{"$i":"pairing-request-timeout-title","$v":"Ɓŀŭŭḗḗŧǿǿǿǿŧħ Ƥȧȧīīřīīƞɠ Řḗḗɋŭŭḗḗşŧ"},{"$i":"pairing-request-timeout-description","$v":"Ɓŀŭŭḗḗŧǿǿǿǿŧħ ƥȧȧīīřīīƞɠ řḗḗɋŭŭḗḗşŧ ḗḗẋƥīīřḗḗḓ. Ŧřẏ ŧǿǿ ƥȧȧīīř ȧȧɠȧȧīīƞ."},{"$i":"gaia-menu-cancel","$v":"Ƈȧȧƞƈḗḗŀ"}]