[{"$i":"bluetooth-header","$v":[{"t":"idOrVar","v":"bluetooth"}]},{"$i":"bluetooth-enable-msg","$v":"Turn Bluetooth on to view devices in the area."},{"$i":"bluetooth-paired-devices","$v":"Paired devices"},{"$i":"bluetooth-devices-in-area","$v":"Devices in the area"},{"$i":"bluetooth-visible-to-all","$v":"Visible to all"},{"$i":"bluetooth-name-maxlength-alert","$v":["Your device name exceeds ",{"t":"idOrVar","v":"length"}," characters. Please retry again."]},{"$i":"bluetooth-address","$v":"Bluetooth Address"},{"$i":"bluetooth-address-unavailable","$v":"Not available"},{"$i":"bt-status-nopaired","$v":"No devices paired"},{"$i":"bt-status-turnoff","$v":"Turned off"},{"$i":"bt-status-paired","$v":{"zero":[{"t":"idOrVar","v":"name"}],"one":[{"t":"idOrVar","v":"name"},", +",{"t":"idOrVar","v":"n"}," more"],"two":[{"t":"idOrVar","v":"name"},", +",{"t":"idOrVar","v":"n"}," more"],"few":[{"t":"idOrVar","v":"name"},", +",{"t":"idOrVar","v":"n"}," more"],"many":[{"t":"idOrVar","v":"name"},", +",{"t":"idOrVar","v":"n"}," more"],"other":[{"t":"idOrVar","v":"name"},", +",{"t":"idOrVar","v":"n"}," more"]},"$x":[{"t":"idOrVar","v":"plural"},"n"]},{"$i":"device-status-tap-connect","$v":"Tap to connect"},{"$i":"device-status-pairing","$v":"Pairing with device…"},{"$i":"device-status-waiting","$v":"Waiting for other device…"},{"$i":"device-status-paired","$v":"Paired"},{"$i":"device-status-connecting","$v":"Connecting…"},{"$i":"device-status-connected","$v":"Connected"},{"$i":"device-status-connected-phone","$v":"Connected to phone audio"},{"$i":"device-status-connected-media","$v":"Connected to media audio"},{"$i":"device-status-connected-phone-media","$v":"Connected to phone/media audio"},{"$i":"device-option-unpair","$v":"Unpair"},{"$i":"device-option-confirm","$v":"Confirm"},{"$i":"device-option-unpair-confirmation","$v":"Confirmation"},{"$i":"device-option-unpair-device","$v":"Unpair device?"},{"$i":"device-option-connect","$v":"Connect"},{"$i":"device-option-disconnect","$v":"Disconnect"},{"$i":"search-for-device","$v":"Searching for devices…"},{"$i":"search-device","$v":"Search for devices"},{"$i":"rename-device","$v":"Rename my device"},{"$i":"unnamed-device","$v":"Unknown device"},{"$i":"change-btdevice-name","$v":"Change device name"},{"$i":"change-btdevice-name-desc","$v":"This name will appear on your other Bluetooth devices"},{"$i":"bluetooth-new-name","$v":"New name"},{"$i":"error-pair-title","$v":"Unable to pair devices"},{"$i":"error-pair-pincode","$v":"Unable to pair with the device. Check that the PIN is correct."},{"$i":"error-pair-toofast","$v":"Unable to pair with the device. Too many requests."},{"$i":"error-connect-title","$v":"Unable to connect devices"},{"$i":"error-connect-msg","$v":"Check that the device you’re trying to connect with is still in range and has Bluetooth turned on."},{"$i":"unpair-title","$v":"Unpair a connected device?"},{"$i":"unpair-msg","$v":"You are currently connected to this device. Unpairing will also disconnect from it."},{"$i":"bluetooth","$v":"Bluetooth"},{"$i":"confirmation","$v":"Confirmation"},{"$i":"bluetooth-status-description","$v":"Bluetooth is disabled"},{"$i":"turn-bluetooth-on","$v":"Do you want to turn Bluetooth on?"},{"$i":"cancel","$v":"Cancel"},{"$i":"turn-on","$v":"Turn On"},{"$i":"error-transfer-title","$v":"Bluetooth file transfer failed"},{"$i":"error-transfer-settings","$v":"Bluetooth file transfer failed. Check that the Bluetooth settings are correct."},{"$i":"ok","$v":"OK"},{"$i":"pair","$v":"Pair"},{"$i":"active-pair","$v":"Confirm devices to pair"},{"$i":"active-pair-confirmation","$v":["To pair with ",{"t":"idOrVar","v":"device"},", make sure that both devices currently have the following PIN displayed:"]},{"$i":"active-pair-pincode","$v":["To pair with ",{"t":"idOrVar","v":"device"},", enter the PIN on the device."]},{"$i":"active-pair-passkey","$v":["To pair with ",{"t":"idOrVar","v":"device"},", enter the passkey on the device."]},{"$i":"passive-pair","$v":"Bluetooth pairing request"},{"$i":"passive-pair-confirmation","$v":[{"t":"idOrVar","v":"device"}," would like to pair with this phone. To accept, make sure that both devices currently have the following PIN displayed:"]},{"$i":"passive-pair-pincode","$v":[{"t":"idOrVar","v":"device"}," would like to pair with this phone. To accept, enter the PIN on the device."]},{"$i":"passive-pair-enterpincode","$v":[{"t":"idOrVar","v":"device"}," would like to pair with this phone. To accept, enter the PIN on the device."]},{"$i":"passive-pair-passkey","$v":[{"t":"idOrVar","v":"device"}," would like to pair with this phone. To accept, enter the passkey on the device."]},{"$i":"passive-pair-displaypasskey","$v":[{"t":"idOrVar","v":"device"}," would like to pair with this phone. To accept, input the passkey and then press Return or Enter on the device."]},{"$i":"passive-pair-consent","$v":[{"t":"idOrVar","v":"device"}," would like to pair with this phone."]},{"$i":"pair-view-title","$v":"Bluetooth Request From"},{"$i":"bluetooth-pairing-request-now-title","$v":"Bluetooth pairing request"},{"$i":"pairing-request-timeout-title","$v":"Bluetooth Pairing Request"},{"$i":"pairing-request-timeout-description","$v":"Bluetooth pairing request expired. Try to pair again."},{"$i":"gaia-menu-cancel","$v":"Cancel"}]