{
  "name": "gaia-sub-header",
  "version": "0.4.1",
  "homepage": "https://github.com/gaia-components/gaia-subheader",
  "authors": [
    "rnowm <arnau@arnaumarch.com>"
  ],
  "main": "gaia-sub-header.js",
  "license": "MIT",
  "ignore": [
    "**/.*",
    "node_modules",
    "bower_components",
    "test",
    "tests",
    "index.html",
    "package.json",
    "README.md"
  ],
  "devDependencies": {
    "base": "gaia-components/base",
    "gaia-theme": "gaia-components/gaia-theme",
    "gaia-fonts": "gaia-components/gaia-fonts"
  },
  "dependencies": {
    "gaia-component": "gaia-components/gaia-component#^0.3.8"
  },
  "_release": "0.4.1",
  "_resolution": {
    "type": "version",
    "tag": "v0.4.1",
    "commit": "f3fb6b33b94db429e6a5688252884f5131f1a332"
  },
  "_source": "git://github.com/gaia-components/gaia-sub-header.git",
  "_target": "~0.4.1",
  "_originalSource": "gaia-components/gaia-sub-header"
}