{"imageDescription":{"attrs":{"ariaLabel":{"value":[{"type":"idOrVar","name":"orientation"}," īīḿȧȧɠḗḗ, ",{"type":"idOrVar","name":"timestamp"}]}}},"imageDescriptionNoTimestamp":{"attrs":{"ariaLabel":{"value":[{"type":"idOrVar","name":"orientation"}," īīḿȧȧɠḗḗ"]}}},"videoDescription":{"attrs":{"ariaLabel":{"value":[{"type":"idOrVar","name":"orientation"}," ṽīīḓḗḗǿǿ, ",{"type":"idOrVar","name":"timestamp"}]}}},"videoDescriptionNoTimestamp":{"attrs":{"ariaLabel":{"value":[{"type":"idOrVar","name":"orientation"}," ṽīīḓḗḗǿǿ"]}}},"orientationPortrait":"ƥǿǿřŧřȧȧīīŧ","orientationLandscape":"ŀȧȧƞḓşƈȧȧƥḗḗ","playbackPlay":{"attrs":{"ariaLabel":"Ƥŀȧȧẏ"}},"playbackPause":{"attrs":{"ariaLabel":"Ƥȧȧŭŭşḗḗ"}},"playbackNext":{"attrs":{"ariaLabel":"Ƞḗḗẋŧ"}},"playbackPrevious":{"attrs":{"ariaLabel":"Ƥřḗḗṽīīǿǿŭŭş"}},"playbackFullscreen":{"attrs":{"ariaLabel":"Ƒŭŭŀŀşƈřḗḗḗḗƞ"}},"playbackSeekBar":{"attrs":{"ariaLabel":{"value":["Şḗḗḗḗķ ƀȧȧř, ḓŭŭřȧȧŧīīǿǿƞ ",{"type":"idOrVar","name":"duration"}]}}},"music":"Ḿŭŭşīīƈ","playlists2":"Ƥŀȧȧẏŀīīşŧş","artists":"Ȧȧřŧīīşŧş","albums":"Ȧȧŀƀŭŭḿş","songs":"Şǿǿƞɠş","unknown":"?","unknownArtist":"Ŭŭƞķƞǿǿẇƞ ȧȧřŧīīşŧ","unknownAlbum":"Ŭŭƞķƞǿǿẇƞ ȧȧŀƀŭŭḿ","unknownTitle":"Ŭŭƞķƞǿǿẇƞ ŧīīŧŀḗḗ","empty-title":"Ȧȧḓḓ şǿǿƞɠş ŧǿǿ ɠḗḗŧ şŧȧȧřŧḗḗḓ","empty-text":"Ŀǿǿȧȧḓ şǿǿƞɠş ǿǿƞ ŧǿǿ ŧħḗḗ ḿḗḗḿǿǿřẏ ƈȧȧřḓ.","nocard2-title":"Ƞǿǿ ḿḗḗḿǿǿřẏ ƈȧȧřḓ ƒǿǿŭŭƞḓ","nocard3-text":"Īīƞşḗḗřŧ ȧȧ ḿḗḗḿǿǿřẏ ƈȧȧřḓ ŧǿǿ ŀīīşŧḗḗƞ ŧǿǿ şǿǿƞɠş.","pluggedin-title":"Ḿŭŭşīīƈ ƈȧȧƞ ƞǿǿŧ ƀḗḗ ŭŭşḗḗḓ ẇħīīŀḗḗ ƥħǿǿƞḗḗ īīş ƥŀŭŭɠɠḗḗḓ īīƞ","pluggedin-text":"Ŭŭƞƥŀŭŭɠ ŧħḗḗ ƥħǿǿƞḗḗ ŧǿǿ ƥŀȧȧẏ ḿŭŭşīīƈ.","upgrade-title":"Ḓȧȧŧȧȧƀȧȧşḗḗ Ŭŭƥɠřȧȧḓḗḗ","upgrade-text":"Ƥŀḗḗȧȧşḗḗ ẇȧȧīīŧ ẇħīīŀḗḗ Ḿŭŭşīīƈ ŭŭƥḓȧȧŧḗḗş īīŧş ḓȧȧŧȧȧƀȧȧşḗḗ.","search":"Şḗḗȧȧřƈħ","search-music":{"attrs":{"placeholder":"Şḗḗȧȧřƈħ Ḿŭŭşīīƈ"}},"search-cancel":"Ƈȧȧƞƈḗḗŀ","search-artists":"Ȧȧřŧīīşŧş","search-albums":"Ȧȧŀƀŭŭḿş","search-titles":"Ŧřȧȧƈķş","search-close":"ƈŀǿǿşḗḗ","search-no-result":"Ƞǿǿ ḿŭŭşīīƈ ƒǿǿŭŭƞḓ","playlists-shuffle-all":"Şħŭŭƒƒŀḗḗ ȧȧŀŀ","playlists-highest-rated":"Ħīīɠħḗḗşŧ řȧȧŧḗḗḓ","playlists-recently-added":"Řḗḗƈḗḗƞŧŀẏ ȧȧḓḓḗḗḓ","playlists-most-played":"Ḿǿǿşŧ ƥŀȧȧẏḗḗḓ","playlists-least-played":"Ŀḗḗȧȧşŧ ƥŀȧȧẏḗḗḓ","save":"Şȧȧṽḗḗ","saved":{"value":["Şȧȧṽḗḗḓ ",{"type":"idOrVar","name":"title"}," ŧǿǿ Ḿŭŭşīīƈ"]},"audioinvalid":"Ȧȧŭŭḓīīǿǿ ƈȧȧƞƞǿǿŧ ƀḗḗ ƥŀȧȧẏḗḗḓ: ƒǿǿřḿȧȧŧ īīş ŭŭƞşŭŭƥƥǿǿřŧḗḗḓ ǿǿř ƒīīŀḗḗ īīş īīƞṽȧȧŀīīḓ.","overlay-cancel-button":"Ƈȧȧƞƈḗḗŀ","music-paused-notification":"Ḿŭŭşīīƈ ƥȧȧŭŭşḗḗḓ ḓŭŭřīīƞɠ ŧħḗḗ ƈȧȧŀŀ","done":"Ḓǿǿƞḗḗ","share-song":{"attrs":{"ariaLabel":"Şħȧȧřḗḗ"}},"player-album-rating":{"attrs":{"ariaLabel":"Řȧȧŧīīƞɠ"}},"rating-star":{"attrs":{"ariaLabel":{"value":{"zero":[{"type":"idOrVar","name":"n"}," şŧȧȧřş"],"one":[{"type":"idOrVar","name":"n"}," şŧȧȧř"],"two":[{"type":"idOrVar","name":"n"}," şŧȧȧřş"],"few":[{"type":"idOrVar","name":"n"}," şŧȧȧřş"],"many":[{"type":"idOrVar","name":"n"}," şŧȧȧřş"],"other":[{"type":"idOrVar","name":"n"}," şŧȧȧřş"]},"index":[{"type":"call","expr":{"type":"prop","expr":{"type":"glob","name":"cldr"},"prop":"plural","cmpt":false},"args":[{"type":"idOrVar","name":"n"}]}]}}},"go-to-player-view":{"attrs":{"ariaLabel":"Ɠǿǿ ŧǿǿ ƥŀȧȧẏḗḗř ṽīīḗḗẇ"}},"repeat-off":{"attrs":{"ariaLabel":"Řḗḗƥḗḗȧȧŧ ǿǿƒƒ"}},"repeat-list":{"attrs":{"ariaLabel":"Řḗḗƥḗḗȧȧŧ ȧȧŀŀ"}},"repeat-song":{"attrs":{"ariaLabel":"Řḗḗƥḗḗȧȧŧ ŧřȧȧƈķ"}},"shuffle-toggle":{"attrs":{"ariaLabel":"Şħŭŭƒƒŀḗḗ"}},"home-tab":{"attrs":{"ariaLabel":"Ħǿǿḿḗḗ"}},"playlists-tab":{"attrs":{"ariaLabel":"Ƥŀȧȧẏŀīīşŧş"}},"artists-tab":{"attrs":{"ariaLabel":"Ȧȧřŧīīşŧş"}},"albums-tab":{"attrs":{"ariaLabel":"Ȧȧŀƀŭŭḿş"}},"songs-tab":{"attrs":{"ariaLabel":"Şǿǿƞɠş"}}}