{"imageDescription":{"attrs":{"ariaLabel":{"value":[{"type":"idOrVar","name":"orientation"}," ‮ıɯɐƃǝ‬, ",{"type":"idOrVar","name":"timestamp"}]}}},"imageDescriptionNoTimestamp":{"attrs":{"ariaLabel":{"value":[{"type":"idOrVar","name":"orientation"}," ‮ıɯɐƃǝ‬"]}}},"videoDescription":{"attrs":{"ariaLabel":{"value":[{"type":"idOrVar","name":"orientation"}," ‮ʌıpǝo‬, ",{"type":"idOrVar","name":"timestamp"}]}}},"videoDescriptionNoTimestamp":{"attrs":{"ariaLabel":{"value":[{"type":"idOrVar","name":"orientation"}," ‮ʌıpǝo‬"]}}},"orientationPortrait":"‮doɹʇɹɐıʇ‬","orientationLandscape":"‮ʅɐupsɔɐdǝ‬","playbackPlay":{"attrs":{"ariaLabel":"‮Ԁʅɐʎ‬"}},"playbackPause":{"attrs":{"ariaLabel":"‮Ԁɐnsǝ‬"}},"playbackNext":{"attrs":{"ariaLabel":"‮Nǝxʇ‬"}},"playbackPrevious":{"attrs":{"ariaLabel":"‮Ԁɹǝʌıons‬"}},"playbackFullscreen":{"attrs":{"ariaLabel":"‮ɟnʅʅsɔɹǝǝu‬"}},"playbackSeekBar":{"attrs":{"ariaLabel":{"value":["‮Sǝǝʞ‬ ‮qɐɹ‬, ‮pnɹɐʇıou‬ ",{"type":"idOrVar","name":"duration"}]}}},"incorrectDate":"(‮ıuɔoɹɹǝɔʇ‬ ‮pɐʇǝ‬)","firstDayOfTheWeek":"0","durationformat-pattern":"{hh}:{mm}:{ss}.{SS}","music":"‮Wnsıɔ‬","playlists2":"‮Ԁʅɐʎʅısʇs‬","artists":"‮∀ɹʇısʇs‬","albums":"‮∀ʅqnɯs‬","songs":"‮Souƃs‬","unknown":"?","unknownArtist":"‮∩uʞuoʍu‬ ‮ɐɹʇısʇ‬","unknownAlbum":"‮∩uʞuoʍu‬ ‮ɐʅqnɯ‬","unknownTitle":"‮∩uʞuoʍu‬ ‮ʇıʇʅǝ‬","empty-title":"‮∀pp‬ ‮souƃs‬ ‮ʇo‬ ‮ƃǝʇ‬ ‮sʇɐɹʇǝp‬","empty-text":"‮˥oɐp‬ ‮souƃs‬ ‮ou‬ ‮ʇo‬ ‮ʇɥǝ‬ ‮ɯǝɯoɹʎ‬ ‮ɔɐɹp‬.","nocard2-title":"‮No‬ ‮ɯǝɯoɹʎ‬ ‮ɔɐɹp‬ ‮ɟonup‬","nocard3-text":"‮Iusǝɹʇ‬ ‮ɐ‬ ‮ɯǝɯoɹʎ‬ ‮ɔɐɹp‬ ‮ʇo‬ ‮ʅısʇǝu‬ ‮ʇo‬ ‮souƃs‬.","pluggedin-title":"‮Wnsıɔ‬ ‮ɔɐu‬ ‮uoʇ‬ ‮qǝ‬ ‮nsǝp‬ ‮ʍɥıʅǝ‬ ‮dɥouǝ‬ ‮ıs‬ ‮dʅnƃƃǝp‬ ‮ıu‬","pluggedin-text":"‮∩udʅnƃ‬ ‮ʇɥǝ‬ ‮dɥouǝ‬ ‮ʇo‬ ‮dʅɐʎ‬ ‮ɯnsıɔ‬.","upgrade-title":"‮pɐʇɐqɐsǝ‬ ‮∩dƃɹɐpǝ‬","upgrade-text":"‮Ԁʅǝɐsǝ‬ ‮ʍɐıʇ‬ ‮ʍɥıʅǝ‬ ‮Wnsıɔ‬ ‮ndpɐʇǝs‬ ‮ıʇs‬ ‮pɐʇɐqɐsǝ‬.","search":"‮Sǝɐɹɔɥ‬","search-music":{"attrs":{"placeholder":"‮Sǝɐɹɔɥ‬ ‮Wnsıɔ‬"}},"search-cancel":"‮Ↄɐuɔǝʅ‬","search-artists":"‮∀ɹʇısʇs‬","search-albums":"‮∀ʅqnɯs‬","search-titles":"‮⊥ɹɐɔʞs‬","search-close":"‮ɔʅosǝ‬","search-no-result":"‮No‬ ‮ɯnsıɔ‬ ‮ɟonup‬","playlists-shuffle-all":"‮Sɥnɟɟʅǝ‬ ‮ɐʅʅ‬","playlists-highest-rated":"‮Hıƃɥǝsʇ‬ ‮ɹɐʇǝp‬","playlists-recently-added":"‮ᴚǝɔǝuʇʅʎ‬ ‮ɐppǝp‬","playlists-most-played":"‮Wosʇ‬ ‮dʅɐʎǝp‬","playlists-least-played":"‮˥ǝɐsʇ‬ ‮dʅɐʎǝp‬","save":"‮Sɐʌǝ‬","saved":{"value":["‮Sɐʌǝp‬ ",{"type":"idOrVar","name":"title"}," ‮ʇo‬ ‮Wnsıɔ‬"]},"audioinvalid":"‮∀npıo‬ ‮ɔɐuuoʇ‬ ‮qǝ‬ ‮dʅɐʎǝp‬: ‮ɟoɹɯɐʇ‬ ‮ıs‬ ‮nusnddoɹʇǝp‬ ‮oɹ‬ ‮ɟıʅǝ‬ ‮ıs‬ ‮ıuʌɐʅıp‬.","overlay-cancel-button":"‮Ↄɐuɔǝʅ‬","music-paused-notification":"‮Wnsıɔ‬ ‮dɐnsǝp‬ ‮pnɹıuƃ‬ ‮ʇɥǝ‬ ‮ɔɐʅʅ‬","done":"‮pouǝ‬","share-song":{"attrs":{"ariaLabel":"‮Sɥɐɹǝ‬"}},"player-album-rating":{"attrs":{"ariaLabel":"‮ᴚɐʇıuƃ‬"}},"rating-star":{"attrs":{"ariaLabel":{"value":{"zero":[{"type":"idOrVar","name":"n"}," ‮sʇɐɹs‬"],"one":[{"type":"idOrVar","name":"n"}," ‮sʇɐɹ‬"],"two":[{"type":"idOrVar","name":"n"}," ‮sʇɐɹs‬"],"few":[{"type":"idOrVar","name":"n"}," ‮sʇɐɹs‬"],"many":[{"type":"idOrVar","name":"n"}," ‮sʇɐɹs‬"],"other":[{"type":"idOrVar","name":"n"}," ‮sʇɐɹs‬"]},"index":[{"type":"call","expr":{"type":"prop","expr":{"type":"glob","name":"cldr"},"prop":"plural","cmpt":false},"args":[{"type":"idOrVar","name":"n"}]}]}}},"go-to-player-view":{"attrs":{"ariaLabel":"‮פo‬ ‮ʇo‬ ‮dʅɐʎǝɹ‬ ‮ʌıǝʍ‬"}},"repeat-off":{"attrs":{"ariaLabel":"‮ᴚǝdǝɐʇ‬ ‮oɟɟ‬"}},"repeat-list":{"attrs":{"ariaLabel":"‮ᴚǝdǝɐʇ‬ ‮ɐʅʅ‬"}},"repeat-song":{"attrs":{"ariaLabel":"‮ᴚǝdǝɐʇ‬ ‮ʇɹɐɔʞ‬"}},"shuffle-toggle":{"attrs":{"ariaLabel":"‮Sɥnɟɟʅǝ‬"}},"home-tab":{"attrs":{"ariaLabel":"‮Hoɯǝ‬"}},"playlists-tab":{"attrs":{"ariaLabel":"‮Ԁʅɐʎʅısʇs‬"}},"artists-tab":{"attrs":{"ariaLabel":"‮∀ɹʇısʇs‬"}},"albums-tab":{"attrs":{"ariaLabel":"‮∀ʅqnɯs‬"}},"songs-tab":{"attrs":{"ariaLabel":"‮Souƃs‬"}}}