{"imageDescription":{"attrs":{"ariaLabel":{"value":[{"type":"idOrVar","name":"orientation"}," image, ",{"type":"idOrVar","name":"timestamp"}]}}},"imageDescriptionNoTimestamp":{"attrs":{"ariaLabel":{"value":[{"type":"idOrVar","name":"orientation"}," image"]}}},"videoDescription":{"attrs":{"ariaLabel":{"value":[{"type":"idOrVar","name":"orientation"}," video, ",{"type":"idOrVar","name":"timestamp"}]}}},"videoDescriptionNoTimestamp":{"attrs":{"ariaLabel":{"value":[{"type":"idOrVar","name":"orientation"}," video"]}}},"orientationPortrait":"portrait","orientationLandscape":"landscape","playbackPlay":{"attrs":{"ariaLabel":"Play"}},"playbackPause":{"attrs":{"ariaLabel":"Pause"}},"playbackNext":{"attrs":{"ariaLabel":"Next"}},"playbackPrevious":{"attrs":{"ariaLabel":"Previous"}},"playbackFullscreen":{"attrs":{"ariaLabel":"Fullscreen"}},"playbackSeekBar":{"attrs":{"ariaLabel":{"value":["Seek bar, duration ",{"type":"idOrVar","name":"duration"}]}}},"music":"Music","playlists2":"Playlists","artists":"Artists","albums":"Albums","songs":"Songs","unknown":"?","unknownArtist":"Unknown artist","unknownAlbum":"Unknown album","unknownTitle":"Unknown title","empty-title":"Add songs to get started","empty-text":"Load songs on to the memory card.","nocard2-title":"No memory card found","nocard3-text":"Insert a memory card to listen to songs.","pluggedin-title":"Music can not be used while phone is plugged in","pluggedin-text":"Unplug the phone to play music.","upgrade-title":"Database Upgrade","upgrade-text":"Please wait while Music updates its database.","search":"Search","search-music":{"attrs":{"placeholder":"Search Music"}},"search-cancel":"Cancel","search-artists":"Artists","search-albums":"Albums","search-titles":"Tracks","search-close":"close","search-no-result":"No music found","playlists-shuffle-all":"Shuffle all","playlists-highest-rated":"Highest rated","playlists-recently-added":"Recently added","playlists-most-played":"Most played","playlists-least-played":"Least played","save":"Save","saved":{"value":["Saved ",{"type":"idOrVar","name":"title"}," to Music"]},"audioinvalid":"Audio cannot be played: format is unsupported or file is invalid.","overlay-cancel-button":"Cancel","music-paused-notification":"Music paused during the call","done":"Done","share-song":{"attrs":{"ariaLabel":"Share"}},"player-album-rating":{"attrs":{"ariaLabel":"Rating"}},"rating-star":{"attrs":{"ariaLabel":{"index":[{"type":"call","expr":{"type":"prop","expr":{"type":"glob","name":"cldr"},"prop":"plural","cmpt":false},"args":[{"type":"idOrVar","name":"n"}]}],"value":{"zero":[{"type":"idOrVar","name":"n"}," stars"],"one":[{"type":"idOrVar","name":"n"}," star"],"two":[{"type":"idOrVar","name":"n"}," stars"],"few":[{"type":"idOrVar","name":"n"}," stars"],"many":[{"type":"idOrVar","name":"n"}," stars"],"other":[{"type":"idOrVar","name":"n"}," stars"]}}}},"go-to-player-view":{"attrs":{"ariaLabel":"Go to player view"}},"repeat-off":{"attrs":{"ariaLabel":"Repeat off"}},"repeat-list":{"attrs":{"ariaLabel":"Repeat all"}},"repeat-song":{"attrs":{"ariaLabel":"Repeat track"}},"shuffle-toggle":{"attrs":{"ariaLabel":"Shuffle"}},"home-tab":{"attrs":{"ariaLabel":"Home"}},"playlists-tab":{"attrs":{"ariaLabel":"Playlists"}},"artists-tab":{"attrs":{"ariaLabel":"Artists"}},"albums-tab":{"attrs":{"ariaLabel":"Albums"}},"songs-tab":{"attrs":{"ariaLabel":"Songs"}}}