{"tz-region":"Řḗḗɠīīǿǿƞ","tz-city":"Ƈīīŧẏ","tzRegion-Africa":"Ȧȧƒřīīƈȧȧ","tzRegion-America":"Ȧȧḿḗḗřīīƈȧȧ","tzRegion-Antarctica":"Ȧȧƞŧȧȧřƈŧīīƈȧȧ","tzRegion-Asia":"Ȧȧşīīȧȧ","tzRegion-Atlantic":"Ȧȧŧŀȧȧƞŧīīƈ Ǿǿƈḗḗȧȧƞ","tzRegion-Australia":"Ȧȧŭŭşŧřȧȧŀīīȧȧ","tzRegion-Europe":"Ḗḗŭŭřǿǿƥḗḗ","tzRegion-Indian":"Īīƞḓīīȧȧƞ Ǿǿƈḗḗȧȧƞ","tzRegion-Pacific":"Ƥȧȧƈīīƒīīƈ Ǿǿƈḗḗȧȧƞ","pincode2":"Ḗḗƞŧḗḗř ƤĪīȠ ƈǿǿḓḗḗ","type_pin":"Ŧẏƥḗḗ ẏǿǿŭŭř ƤĪīȠ ƈǿǿḓḗḗ","pincodeLabel":{"value":["ŞĪīḾ ",{"type":"idOrVar","name":"n"}," ƤĪīȠ"]},"pinValidation":"ƤĪīȠ ḿŭŭşŧ ħȧȧṽḗḗ ƀḗḗŧẇḗḗḗḗƞ 4 ȧȧƞḓ 8 ƈħȧȧřȧȧƈŧḗḗřş.","pinError":"Ŧħḗḗ ƤĪīȠ ẇȧȧş īīƞƈǿǿřřḗḗƈŧ.","pinAttemptMsg2":{"value":{"one":"Ẏǿǿŭŭ ħȧȧṽḗḗ ǿǿƞḗḗ ŧřẏ ŀḗḗƒŧ ŧǿǿ ḗḗƞŧḗḗř ŧħḗḗ ƈǿǿřřḗḗƈŧ ƈǿǿḓḗḗ ƀḗḗƒǿǿřḗḗ ŀǿǿƈķīīƞɠ ŧħḗḗ ŞĪīḾ ƈȧȧřḓ.","two":["Ẏǿǿŭŭ ħȧȧṽḗḗ ",{"type":"idOrVar","name":"n"}," ŧřīīḗḗş ŀḗḗƒŧ ŧǿǿ ḗḗƞŧḗḗř ŧħḗḗ ƈǿǿřřḗḗƈŧ ƈǿǿḓḗḗ ƀḗḗƒǿǿřḗḗ ŀǿǿƈķīīƞɠ ŧħḗḗ ŞĪīḾ ƈȧȧřḓ."],"few":["Ẏǿǿŭŭ ħȧȧṽḗḗ ",{"type":"idOrVar","name":"n"}," ŧřīīḗḗş ŀḗḗƒŧ ŧǿǿ ḗḗƞŧḗḗř ŧħḗḗ ƈǿǿřřḗḗƈŧ ƈǿǿḓḗḗ ƀḗḗƒǿǿřḗḗ ŀǿǿƈķīīƞɠ ŧħḗḗ ŞĪīḾ ƈȧȧřḓ."],"many":["Ẏǿǿŭŭ ħȧȧṽḗḗ ",{"type":"idOrVar","name":"n"}," ŧřīīḗḗş ŀḗḗƒŧ ŧǿǿ ḗḗƞŧḗḗř ŧħḗḗ ƈǿǿřřḗḗƈŧ ƈǿǿḓḗḗ ƀḗḗƒǿǿřḗḗ ŀǿǿƈķīīƞɠ ŧħḗḗ ŞĪīḾ ƈȧȧřḓ."],"other":["Ẏǿǿŭŭ ħȧȧṽḗḗ ",{"type":"idOrVar","name":"n"}," ŧřīīḗḗş ŀḗḗƒŧ ŧǿǿ ḗḗƞŧḗḗř ŧħḗḗ ƈǿǿřřḗḗƈŧ ƈǿǿḓḗḗ ƀḗḗƒǿǿřḗḗ ŀǿǿƈķīīƞɠ ŧħḗḗ ŞĪīḾ ƈȧȧřḓ."]},"index":[{"type":"call","expr":{"type":"prop","expr":{"type":"glob","name":"cldr"},"prop":"plural","cmpt":false},"args":[{"type":"idOrVar","name":"n"}]}]},"pinLastChanceMsg":"Ŧħīīş īīş ẏǿǿŭŭř ŀȧȧşŧ ƈħȧȧƞƈḗḗ ŧǿǿ ḗḗƞŧḗḗř ŧħḗḗ ƈǿǿřřḗḗƈŧ ƤĪīȠ. Ǿǿŧħḗḗřẇīīşḗḗ, ẏǿǿŭŭ ḿŭŭşŧ ḗḗƞŧḗḗř ŧħḗḗ ƤŬŭĶ ƈǿǿḓḗḗ ŧǿǿ ŭŭşḗḗ ŧħīīş ŞĪīḾ ƈȧȧřḓ.","pukcode":"Ḗḗƞŧḗḗř ƤŬŭĶ ƈǿǿḓḗḗ","pukcodeTitle":{"value":["Ḗḗƞŧḗḗř ŞĪīḾ ",{"type":"idOrVar","name":"n"}," ƤŬŭĶ"]},"pukcodeLabel":{"value":["ŞĪīḾ ",{"type":"idOrVar","name":"n"}," ƤŬŭĶ"]},"type_puk":"ƤŬŭĶ ƈǿǿḓḗḗ","pukValidation":"ƤŬŭĶ ƈǿǿḓḗḗ ḿŭŭşŧ ħȧȧṽḗḗ ḗḗẋȧȧƈŧŀẏ 8 ƈħȧȧřȧȧƈŧḗḗřş.","pukInfo":"Ẏǿǿŭŭ ḿŭŭşŧ ḗḗƞŧḗḗř ŧħḗḗ Ƥḗḗřşǿǿƞȧȧŀ Ŭŭƞŀǿǿƈķīīƞɠ Ķḗḗẏ (ƤŬŭĶ) Ƈǿǿḓḗḗ ƒǿǿř ŧħḗḗ ŞĪīḾ ƈȧȧřḓ. Řḗḗƒḗḗř ŧǿǿ ẏǿǿŭŭř ŞĪīḾ ƈȧȧřḓ ḓǿǿƈŭŭḿḗḗƞŧȧȧŧīīǿǿƞ ǿǿř ƈǿǿƞŧȧȧƈŧ ẏǿǿŭŭř ƈȧȧřřīīḗḗř ƒǿǿř ḿǿǿřḗḗ īīƞƒǿǿřḿȧȧŧīīǿǿƞ.","pukError":"Ŧħḗḗ ƤŬŭĶ ẇȧȧş īīƞƈǿǿřřḗḗƈŧ.","pukAttemptMsg2":{"value":{"one":"Ẏǿǿŭŭ ħȧȧṽḗḗ ǿǿƞḗḗ ŧřẏ ŀḗḗƒŧ ŧǿǿ ḗḗƞŧḗḗř ŧħḗḗ ƈǿǿřřḗḗƈŧ ƈǿǿḓḗḗ ƀḗḗƒǿǿřḗḗ ŧħīīş ŞĪīḾ ƈȧȧřḓ ẇīīŀŀ ƀḗḗ ƥḗḗřḿȧȧƞḗḗƞŧŀẏ ŭŭƞŭŭşȧȧƀŀḗḗ. Řḗḗƒḗḗř ŧǿǿ ẏǿǿŭŭř ŞĪīḾ ƈȧȧřḓ ḓǿǿƈŭŭḿḗḗƞŧȧȧŧīīǿǿƞ ǿǿř ƈǿǿƞŧȧȧƈŧ ẏǿǿŭŭř ƈȧȧřřīīḗḗř ƒǿǿř ḿǿǿřḗḗ īīƞƒǿǿřḿȧȧŧīīǿǿƞ.","two":["Ẏǿǿŭŭ ħȧȧṽḗḗ ",{"type":"idOrVar","name":"n"}," ŧřīīḗḗş ŀḗḗƒŧ ŧǿǿ ḗḗƞŧḗḗř ŧħḗḗ ƈǿǿřřḗḗƈŧ ƈǿǿḓḗḗ ƀḗḗƒǿǿřḗḗ ŧħīīş ŞĪīḾ ƈȧȧřḓ ẇīīŀŀ ƀḗḗ ƥḗḗřḿȧȧƞḗḗƞŧŀẏ ŭŭƞŭŭşȧȧƀŀḗḗ. Řḗḗƒḗḗř ŧǿǿ ẏǿǿŭŭř ŞĪīḾ ƈȧȧřḓ ḓǿǿƈŭŭḿḗḗƞŧȧȧŧīīǿǿƞ ǿǿř ƈǿǿƞŧȧȧƈŧ ẏǿǿŭŭř ƈȧȧřřīīḗḗř ƒǿǿř ḿǿǿřḗḗ īīƞƒǿǿřḿȧȧŧīīǿǿƞ."],"few":["Ẏǿǿŭŭ ħȧȧṽḗḗ ",{"type":"idOrVar","name":"n"}," ŧřīīḗḗş ŀḗḗƒŧ ŧǿǿ ḗḗƞŧḗḗř ŧħḗḗ ƈǿǿřřḗḗƈŧ ƈǿǿḓḗḗ ƀḗḗƒǿǿřḗḗ ŧħīīş ŞĪīḾ ƈȧȧřḓ ẇīīŀŀ ƀḗḗ ƥḗḗřḿȧȧƞḗḗƞŧŀẏ ŭŭƞŭŭşȧȧƀŀḗḗ. Řḗḗƒḗḗř ŧǿǿ ẏǿǿŭŭř ŞĪīḾ ƈȧȧřḓ ḓǿǿƈŭŭḿḗḗƞŧȧȧŧīīǿǿƞ ǿǿř ƈǿǿƞŧȧȧƈŧ ẏǿǿŭŭř ƈȧȧřřīīḗḗř ƒǿǿř ḿǿǿřḗḗ īīƞƒǿǿřḿȧȧŧīīǿǿƞ."],"many":["Ẏǿǿŭŭ ħȧȧṽḗḗ ",{"type":"idOrVar","name":"n"}," ŧřīīḗḗş ŀḗḗƒŧ ŧǿǿ ḗḗƞŧḗḗř ŧħḗḗ ƈǿǿřřḗḗƈŧ ƈǿǿḓḗḗ ƀḗḗƒǿǿřḗḗ ŧħīīş ŞĪīḾ ƈȧȧřḓ ẇīīŀŀ ƀḗḗ ƥḗḗřḿȧȧƞḗḗƞŧŀẏ ŭŭƞŭŭşȧȧƀŀḗḗ. Řḗḗƒḗḗř ŧǿǿ ẏǿǿŭŭř ŞĪīḾ ƈȧȧřḓ ḓǿǿƈŭŭḿḗḗƞŧȧȧŧīīǿǿƞ ǿǿř ƈǿǿƞŧȧȧƈŧ ẏǿǿŭŭř ƈȧȧřřīīḗḗř ƒǿǿř ḿǿǿřḗḗ īīƞƒǿǿřḿȧȧŧīīǿǿƞ."],"other":["Ẏǿǿŭŭ ħȧȧṽḗḗ ",{"type":"idOrVar","name":"n"}," ŧřīīḗḗş ŀḗḗƒŧ ŧǿǿ ḗḗƞŧḗḗř ŧħḗḗ ƈǿǿřřḗḗƈŧ ƈǿǿḓḗḗ ƀḗḗƒǿǿřḗḗ ŧħīīş ŞĪīḾ ƈȧȧřḓ ẇīīŀŀ ƀḗḗ ƥḗḗřḿȧȧƞḗḗƞŧŀẏ ŭŭƞŭŭşȧȧƀŀḗḗ. Řḗḗƒḗḗř ŧǿǿ ẏǿǿŭŭř ŞĪīḾ ƈȧȧřḓ ḓǿǿƈŭŭḿḗḗƞŧȧȧŧīīǿǿƞ ǿǿř ƈǿǿƞŧȧȧƈŧ ẏǿǿŭŭř ƈȧȧřřīīḗḗř ƒǿǿř ḿǿǿřḗḗ īīƞƒǿǿřḿȧȧŧīīǿǿƞ."]},"index":[{"type":"call","expr":{"type":"prop","expr":{"type":"glob","name":"cldr"},"prop":"plural","cmpt":false},"args":[{"type":"idOrVar","name":"n"}]}]},"pukLastChanceMsg":"Ŧħīīş īīş ẏǿǿŭŭř ŀȧȧşŧ ƈħȧȧƞƈḗḗ ŧǿǿ ḗḗƞŧḗḗř ŧħḗḗ ƈǿǿřřḗḗƈŧ ƤŬŭĶ ƈǿǿḓḗḗ. Ẏǿǿŭŭř ŞĪīḾ ƈȧȧřḓ ẇīīŀŀ ƀḗḗ ƥḗḗřḿȧȧƞḗḗƞŧŀẏ ŭŭƞŭŭşȧȧƀŀḗḗ īīƒ ẏǿǿŭŭ ḗḗƞŧḗḗř īīƞ ŧħḗḗ ẇřǿǿƞɠ ƤŬŭĶ ƈǿǿḓḗḗ.","create_newpin":"Ƈřḗḗȧȧŧḗḗ ƞḗḗẇ ƤĪīȠ (4 ŧǿǿ 8 ḓīīɠīīŧş)","confirm_newpin":"Ƈǿǿƞƒīīřḿ ƞḗḗẇ ƤĪīȠ","newpinConfirmation":"ƤĪīȠş ḓǿǿƞ’ŧ ḿȧȧŧƈħ","nckcode":"Ḗḗƞŧḗḗř ȠƇĶ ƈǿǿḓḗḗ","cckcode":"Ḗḗƞŧḗḗř ƇƇĶ ƈǿǿḓḗḗ","spckcode":"Ḗḗƞŧḗḗř ŞƤƇĶ ƈǿǿḓḗḗ","nck1code":"Ḗḗƞŧḗḗř ȠƇĶ1 ƈǿǿḓḗḗ","nck2code":"Ḗḗƞŧḗḗř ȠƇĶ2 ƈǿǿḓḗḗ","hnckcode":"Ḗḗƞŧḗḗř ĦȠƇĶ ƈǿǿḓḗḗ","rcckcode":"Ḗḗƞŧḗḗř ŘƇƇĶ ƈǿǿḓḗḗ","rspckcode":"Ḗḗƞŧḗḗř ŘŞƤƇĶ ƈǿǿḓḗḗ","nckcodeTitle":{"value":["Ḗḗƞŧḗḗř ŞĪīḾ ",{"type":"idOrVar","name":"n"}," ȠƇĶ"]},"cckcodeTitle":{"value":["Ḗḗƞŧḗḗř ŞĪīḾ ",{"type":"idOrVar","name":"n"}," ƇƇĶ"]},"spckcodeTitle":{"value":["Ḗḗƞŧḗḗř ŞĪīḾ ",{"type":"idOrVar","name":"n"}," ŞƤƇĶ"]},"nck1codeTitle":{"value":["Ḗḗƞŧḗḗř ŞĪīḾ ",{"type":"idOrVar","name":"n"}," ȠƇĶ1"]},"nck2codeTitle":{"value":["Ḗḗƞŧḗḗř ŞĪīḾ ",{"type":"idOrVar","name":"n"}," ȠƇĶ2"]},"hnckcodeTitle":{"value":["Ḗḗƞŧḗḗř ŞĪīḾ ",{"type":"idOrVar","name":"n"}," ĦȠƇĶ"]},"rcckcodeTitle":{"value":["Ḗḗƞŧḗḗř ŞĪīḾ ",{"type":"idOrVar","name":"n"}," ŘƇƇĶ"]},"rspckcodeTitle":{"value":["Ḗḗƞŧḗḗř ŞĪīḾ ",{"type":"idOrVar","name":"n"}," ŘŞƤƇĶ"]},"nckcodeLabel":{"value":["ŞĪīḾ ",{"type":"idOrVar","name":"n"}," ȠƇĶ"]},"cckcodeLabel":{"value":["ŞĪīḾ ",{"type":"idOrVar","name":"n"}," ƇƇĶ"]},"spckcodeLabel":{"value":["ŞĪīḾ ",{"type":"idOrVar","name":"n"}," ŞƤƇĶ"]},"nck1codeLabel":{"value":["ŞĪīḾ ",{"type":"idOrVar","name":"n"}," ȠƇĶ1"]},"nck2codeLabel":{"value":["ŞĪīḾ ",{"type":"idOrVar","name":"n"}," ȠƇĶ2"]},"hnckcodeLabel":{"value":["ŞĪīḾ ",{"type":"idOrVar","name":"n"}," ĦȠƇĶ"]},"rcckcodeLabel":{"value":["ŞĪīḾ ",{"type":"idOrVar","name":"n"}," ŘƇƇĶ"]},"rspckcodeLabel":{"value":["ŞĪīḾ ",{"type":"idOrVar","name":"n"}," ŘŞƤƇĶ"]},"type_nck":"Ŧẏƥḗḗ ẏǿǿŭŭř ȠƇĶ ƈǿǿḓḗḗ","type_cck":"Ŧẏƥḗḗ ẏǿǿŭŭř ƇƇĶ ƈǿǿḓḗḗ","type_spck":"Ŧẏƥḗḗ ẏǿǿŭŭř ŞƤƇĶ ƈǿǿḓḗḗ","type_nck1":"Ŧẏƥḗḗ ẏǿǿŭŭř ȠƇĶ1 ƈǿǿḓḗḗ","type_nck2":"Ŧẏƥḗḗ ẏǿǿŭŭř ȠƇĶ2 ƈǿǿḓḗḗ","type_hnck":"Ŧẏƥḗḗ ẏǿǿŭŭř ĦȠƇĶ ƈǿǿḓḗḗ","type_rcck":"Ŧẏƥḗḗ ẏǿǿŭŭř ŘƇƇĶ ƈǿǿḓḗḗ","type_rspck":"Ŧẏƥḗḗ ẏǿǿŭŭř ŘŞƤƇĶ ƈǿǿḓḗḗ","nckValidation":"ȠƇĶ ḿŭŭşŧ ħȧȧṽḗḗ ƀḗḗŧẇḗḗḗḗƞ 8 ȧȧƞḓ 16 ƈħȧȧřȧȧƈŧḗḗřş.","cckValidation":"ƇƇĶ ḿŭŭşŧ ħȧȧṽḗḗ ƀḗḗŧẇḗḗḗḗƞ 8 ȧȧƞḓ 16 ƈħȧȧřȧȧƈŧḗḗřş.","spckValidation":"ŞƤƇĶ ḿŭŭşŧ ħȧȧṽḗḗ ƀḗḗŧẇḗḗḗḗƞ 8 ȧȧƞḓ 16 ƈħȧȧřȧȧƈŧḗḗřş.","nck1Validation":"ȠƇĶ1 ḿŭŭşŧ ħȧȧṽḗḗ ƀḗḗŧẇḗḗḗḗƞ 8 ȧȧƞḓ 16 ƈħȧȧřȧȧƈŧḗḗřş.","nck2Validation":"ȠƇĶ2 ḿŭŭşŧ ħȧȧṽḗḗ ƀḗḗŧẇḗḗḗḗƞ 8 ȧȧƞḓ 16 ƈħȧȧřȧȧƈŧḗḗřş.","hnckValidation":"ĦȠƇĶ ḿŭŭşŧ ħȧȧṽḗḗ ƀḗḗŧẇḗḗḗḗƞ 8 ȧȧƞḓ 16 ƈħȧȧřȧȧƈŧḗḗřş.","rcckValidation":"ŘƇƇĶ ḿŭŭşŧ ħȧȧṽḗḗ ƀḗḗŧẇḗḗḗḗƞ 8 ȧȧƞḓ 16 ƈħȧȧřȧȧƈŧḗḗřş.","rspckValidation":"ŘŞƤƇĶ ḿŭŭşŧ ħȧȧṽḗḗ ƀḗḗŧẇḗḗḗḗƞ 8 ȧȧƞḓ 16 ƈħȧȧřȧȧƈŧḗḗřş.","nckErrorMsg":"Ŧħḗḗ ȠƇĶ ƈǿǿḓḗḗ īīş īīƞƈǿǿřřḗḗƈŧ.","nckAttemptMsg2":{"value":{"one":"Ƞḗḗŧẇǿǿřķ ḓḗḗƥḗḗřşǿǿƞȧȧŀīīẑȧȧŧīīǿǿƞ řḗḗɋŭŭḗḗşŧ ƒȧȧīīŀŭŭřḗḗ. Ẏǿǿŭŭ ħȧȧṽḗḗ ǿǿƞḗḗ ŧřẏ ŀḗḗƒŧ ŧǿǿ ḗḗƞŧḗḗř ŧħḗḗ ƈǿǿřřḗḗƈŧ ƈǿǿḓḗḗ. Řḗḗƒḗḗř ŧǿǿ ẏǿǿŭŭř ḓḗḗṽīīƈḗḗ ḓǿǿƈŭŭḿḗḗƞŧȧȧŧīīǿǿƞ ǿǿř ƈǿǿƞŧȧȧƈŧ ẏǿǿŭŭř ƈȧȧřřīīḗḗř ƒǿǿř ḿǿǿřḗḗ īīƞƒǿǿřḿȧȧŧīīǿǿƞ.","two":["Ƞḗḗŧẇǿǿřķ ḓḗḗƥḗḗřşǿǿƞȧȧŀīīẑȧȧŧīīǿǿƞ řḗḗɋŭŭḗḗşŧ ƒȧȧīīŀŭŭřḗḗ. Ẏǿǿŭŭ ħȧȧṽḗḗ ",{"type":"idOrVar","name":"n"}," ŧřīīḗḗş ŀḗḗƒŧ ŧǿǿ ḗḗƞŧḗḗř ŧħḗḗ ƈǿǿřřḗḗƈŧ ƈǿǿḓḗḗ. Řḗḗƒḗḗř ŧǿǿ ẏǿǿŭŭř ḓḗḗṽīīƈḗḗ ḓǿǿƈŭŭḿḗḗƞŧȧȧŧīīǿǿƞ ǿǿř ƈǿǿƞŧȧȧƈŧ ẏǿǿŭŭř ƈȧȧřřīīḗḗř ƒǿǿř ḿǿǿřḗḗ īīƞƒǿǿřḿȧȧŧīīǿǿƞ."],"few":["Ƞḗḗŧẇǿǿřķ ḓḗḗƥḗḗřşǿǿƞȧȧŀīīẑȧȧŧīīǿǿƞ řḗḗɋŭŭḗḗşŧ ƒȧȧīīŀŭŭřḗḗ. Ẏǿǿŭŭ ħȧȧṽḗḗ ",{"type":"idOrVar","name":"n"}," ŧřīīḗḗş ŀḗḗƒŧ ŧǿǿ ḗḗƞŧḗḗř ŧħḗḗ ƈǿǿřřḗḗƈŧ ƈǿǿḓḗḗ. Řḗḗƒḗḗř ŧǿǿ ẏǿǿŭŭř ḓḗḗṽīīƈḗḗ ḓǿǿƈŭŭḿḗḗƞŧȧȧŧīīǿǿƞ ǿǿř ƈǿǿƞŧȧȧƈŧ ẏǿǿŭŭř ƈȧȧřřīīḗḗř ƒǿǿř ḿǿǿřḗḗ īīƞƒǿǿřḿȧȧŧīīǿǿƞ."],"many":["Ƞḗḗŧẇǿǿřķ ḓḗḗƥḗḗřşǿǿƞȧȧŀīīẑȧȧŧīīǿǿƞ řḗḗɋŭŭḗḗşŧ ƒȧȧīīŀŭŭřḗḗ. Ẏǿǿŭŭ ħȧȧṽḗḗ ",{"type":"idOrVar","name":"n"}," ŧřīīḗḗş ŀḗḗƒŧ ŧǿǿ ḗḗƞŧḗḗř ŧħḗḗ ƈǿǿřřḗḗƈŧ ƈǿǿḓḗḗ. Řḗḗƒḗḗř ŧǿǿ ẏǿǿŭŭř ḓḗḗṽīīƈḗḗ ḓǿǿƈŭŭḿḗḗƞŧȧȧŧīīǿǿƞ ǿǿř ƈǿǿƞŧȧȧƈŧ ẏǿǿŭŭř ƈȧȧřřīīḗḗř ƒǿǿř ḿǿǿřḗḗ īīƞƒǿǿřḿȧȧŧīīǿǿƞ."],"other":["Ƞḗḗŧẇǿǿřķ ḓḗḗƥḗḗřşǿǿƞȧȧŀīīẑȧȧŧīīǿǿƞ řḗḗɋŭŭḗḗşŧ ƒȧȧīīŀŭŭřḗḗ. Ẏǿǿŭŭ ħȧȧṽḗḗ ",{"type":"idOrVar","name":"n"}," ŧřīīḗḗş ŀḗḗƒŧ ŧǿǿ ḗḗƞŧḗḗř ŧħḗḗ ƈǿǿřřḗḗƈŧ ƈǿǿḓḗḗ. Řḗḗƒḗḗř ŧǿǿ ẏǿǿŭŭř ḓḗḗṽīīƈḗḗ ḓǿǿƈŭŭḿḗḗƞŧȧȧŧīīǿǿƞ ǿǿř ƈǿǿƞŧȧȧƈŧ ẏǿǿŭŭř ƈȧȧřřīīḗḗř ƒǿǿř ḿǿǿřḗḗ īīƞƒǿǿřḿȧȧŧīīǿǿƞ."]},"index":[{"type":"call","expr":{"type":"prop","expr":{"type":"glob","name":"cldr"},"prop":"plural","cmpt":false},"args":[{"type":"idOrVar","name":"n"}]}]},"nckLastChanceMsg":"Ƞḗḗŧẇǿǿřķ ḓḗḗƥḗḗřşǿǿƞȧȧŀīīẑȧȧŧīīǿǿƞ řḗḗɋŭŭḗḗşŧ ƒȧȧīīŀŭŭřḗḗ. Ŀȧȧşŧ ƈħȧȧƞƈḗḗ ŧǿǿ ḗḗƞŧḗḗř ŧħḗḗ ƈǿǿřřḗḗƈŧ ȠƇĶ ƈǿǿḓḗḗ. Řḗḗƒḗḗř ŧǿǿ ẏǿǿŭŭř ḓḗḗṽīīƈḗḗ ḓǿǿƈŭŭḿḗḗƞŧȧȧŧīīǿǿƞ ǿǿř ƈǿǿƞŧȧȧƈŧ ẏǿǿŭŭř ƈȧȧřřīīḗḗř ƒǿǿř ḿǿǿřḗḗ īīƞƒǿǿřḿȧȧŧīīǿǿƞ.","skip":"Şķīīƥ","send":"Şḗḗƞḓ","ok":"ǾǿĶ","simLocked":"Ŧħḗḗ ŞĪīḾ ƈȧȧřḓ īīş ŀǿǿƈķḗḗḓ","inputCodeRetriesLeft":{"value":{"one":"Ŀȧȧşŧ ŧřẏ.","two":[{"type":"idOrVar","name":"n"}," ŧřīīḗḗş ŀḗḗƒŧ."],"few":[{"type":"idOrVar","name":"n"}," ŧřīīḗḗş ŀḗḗƒŧ."],"many":[{"type":"idOrVar","name":"n"}," ŧřīīḗḗş ŀḗḗƒŧ."],"other":[{"type":"idOrVar","name":"n"}," ŧřīīḗḗş ŀḗḗƒŧ."]},"index":[{"type":"call","expr":{"type":"prop","expr":{"type":"glob","name":"cldr"},"prop":"plural","cmpt":false},"args":[{"type":"idOrVar","name":"n"}]}]},"simManager":"ŞĪīḾ Ḿȧȧƞȧȧɠḗḗř","simDetail":{"value":["ŞĪīḾ ",{"type":"idOrVar","name":"n"}]},"simDefault":"(ḓḗḗƒȧȧŭŭŀŧ)","simDefaultMessage":"Ǿǿŭŭŧɠǿǿīīƞɠ ƈȧȧŀŀş, ǿǿŭŭŧɠǿǿīīƞɠ ḿḗḗşşȧȧɠḗḗş ȧȧƞḓ ḓȧȧŧȧȧ ƈǿǿƞƞḗḗƈŧīīǿǿƞ ȧȧřḗḗ şḗḗŧ ŧǿǿ ŞĪīḾ 1 ȧȧş ḓḗḗƒȧȧŭŭŀŧ","simSettingsMessage":"Ẏǿǿŭŭ ƈȧȧƞ ƈħȧȧƞɠḗḗ ḓḗḗƒȧȧŭŭŀŧ şḗḗŧŧīīƞɠş ȧȧŧ Şḗḗŧŧīīƞɠş > ŞĪīḾ ḿȧȧƞȧȧɠḗḗř","simPinLocked":"ŞĪīḾ ƤĪīȠ ŀǿǿƈķḗḗḓ","noOperator":"Ƞǿǿ ǿǿƥḗḗřȧȧŧǿǿř","searchingOperator":"Şḗḗȧȧřƈħīīƞɠ","language":"Ŀȧȧƞɠŭŭȧȧɠḗḗ","3g":"Ƈḗḗŀŀŭŭŀȧȧř Ḓȧȧŧȧȧ","dataConnection":"Ḗḗƞȧȧƀŀḗḗ Ḓȧȧŧȧȧ","dataConnectionInfo":"Ḗḗƞȧȧƀŀīīƞɠ ḓȧȧŧȧȧ ƈǿǿƞƞḗḗƈŧīīǿǿƞ ƞǿǿẇ ẇīīŀŀ ȧȧŀŀǿǿẇ ẏǿǿŭŭ ŧǿǿ şḗḗŧ ŭŭƥ ẏǿǿŭŭř ƥħǿǿƞḗḗ ẇīīŧħǿǿŭŭŧ ȧȧ Ẇīī-Ƒīī ƈǿǿƞƞḗḗƈŧīīǿǿƞ. Ẏǿǿŭŭ ḿȧȧẏ ȧȧŀşǿǿ ḗḗƞȧȧƀŀḗḗ īīŧ ŀȧȧŧḗḗř ǿǿƞ īīƞ Şḗḗŧŧīīƞɠş. Ĵŭŭşŧ ḿȧȧķḗḗ şŭŭřḗḗ ẏǿǿŭŭ ħȧȧṽḗḗ ȧȧ ḓȧȧŧȧȧ ƥŀȧȧƞ ẇīīŧħ ẏǿǿŭŭř ƈȧȧřřīīḗḗř ŧǿǿ ȧȧṽǿǿīīḓ ƥǿǿŧḗḗƞŧīīȧȧŀŀẏ ħḗḗƒŧẏ ƈħȧȧřɠḗḗş.","caution":"Ẇȧȧřƞīīƞɠ","geolocation":"Ɠḗḗǿǿŀǿǿƈȧȧŧīīǿǿƞ","geolocationCheckbox":"Ḗḗƞȧȧƀŀḗḗ Ɠḗḗǿǿŀǿǿƈȧȧŧīīǿǿƞ","geolocationInfo2":{"value":[{"type":"idOrVar","name":"brandShortName"}," ŭŭşḗḗş ḓȧȧŧȧȧ şŭŭƈħ ȧȧş ƓƤŞ, Ẇīī-Ƒīī, ȧȧƞḓ ḿǿǿƀīīŀḗḗ ƞḗḗŧẇǿǿřķş ƞḗḗȧȧř ẏǿǿŭŭ ŧǿǿ ħḗḗŀƥ ḓḗḗŧḗḗřḿīīƞḗḗ ẏǿǿŭŭř ȧȧƥƥřǿǿẋīīḿȧȧŧḗḗ ŀǿǿƈȧȧŧīīǿǿƞ."]},"geolocationInfoMore":"Ḓȧȧŧȧȧ īīş şḗḗƞŧ ŧǿǿ Ḿǿǿẑīīŀŀȧȧ ȧȧƞḓ ǿǿŧħḗḗř şḗḗřṽīīƈḗḗ ƥřǿǿṽīīḓḗḗřş ȧȧƞḓ ẇīīŀŀ ƀḗḗ ŭŭşḗḗḓ īīƞ ŧħḗḗ ȧȧɠɠřḗḗɠȧȧŧḗḗ ŧǿǿ īīḿƥřǿǿṽḗḗ ŧħǿǿşḗḗ ŀǿǿƈȧȧŧīīǿǿƞ ḓȧȧŧȧȧƀȧȧşḗḗş.  Ḓȧȧŧȧȧ ḿȧȧẏ ƀḗḗ şŧǿǿřḗḗḓ ǿǿƞ ẏǿǿŭŭř ḓḗḗṽīīƈḗḗ ȧȧƞḓ ḓȧȧŧȧȧ ƈǿǿŀŀḗḗƈŧīīǿǿƞ ḿȧȧẏ ǿǿƈƈŭŭř ḗḗṽḗḗƞ ẇħḗḗƞ ƞǿǿ ȧȧƥƥş ȧȧřḗḗ řŭŭƞƞīīƞɠ.","notice":"Ƞǿǿŧīīƈḗḗ","aboutYourPrivacy":"Ḿǿǿřḗḗ ȧȧƀǿǿŭŭŧ ẏǿǿŭŭř ƥřīīṽȧȧƈẏ","scanningNetworks":"Şƈȧȧƞƞīīƞɠ ƒǿǿř ƞḗḗŧẇǿǿřķş","selectNetwork":"Şḗḗŀḗḗƈŧ ȧȧ ƞḗḗŧẇǿǿřķ","shortStatus-connecting":"Ƈǿǿƞƞḗḗƈŧīīƞɠ…","shortStatus-associated":"Ǿǿƀŧȧȧīīƞīīƞɠ ȧȧƞ ĪīƤ ȧȧḓḓřḗḗşş…","shortStatus-connected":"Ƈǿǿƞƞḗḗƈŧḗḗḓ","shortStatus-connectingfailed":"Ƈǿǿƞƞḗḗƈŧīīǿǿƞ ƒȧȧīīŀḗḗḓ","shortStatus-disconnected":"Ǿǿƒƒŀīīƞḗḗ","securedBy":{"value":["şḗḗƈŭŭřḗḗḓ ƀẏ ",{"type":"idOrVar","name":"capabilities"}]},"security":"Şḗḗƈŭŭřīīŧẏ","securityNone":"Ƞǿǿƞḗḗ","securityWEP":"ẆḖḗƤ","securityWPA-PSK":"ẆƤȦȧ-ƤŞĶ","securityWPA-EAP":"ẆƤȦȧ-ḖḗȦȧƤ","securityOpen":{"value":"Ǿǿƥḗḗƞ","attrs":{"ariaLabel":"Şḗḗƈŭŭřīīŧẏ"}},"identity":"Ŭŭşḗḗř","identityInput":{"attrs":{"placeholder":"Ŭŭşḗḗř"}},"password":"Ƥȧȧşşẇǿǿřḓ","passwordInput":{"attrs":{"placeholder":"Ƥȧȧşşẇǿǿřḓ"}},"showPassword":"Şħǿǿẇ Ƥȧȧşşẇǿǿřḓ","refresh":"Řḗḗƒřḗḗşħ","noWifiFound3":"Ƞǿǿ ẇīīřḗḗŀḗḗşş ƞḗḗŧẇǿǿřķş ƒǿǿŭŭƞḓ","join-hidden-button":"Ĵǿǿīīƞ ħīīḓḓḗḗƞ ƞḗḗŧẇǿǿřķ","authentication":"Ȧȧŭŭŧħḗḗƞŧīīƈȧȧŧīīǿǿƞ","ssid-name":"ŞŞĪīḒ Ƞḗḗŧẇǿǿřķ Ƞȧȧḿḗḗ","wifiLevel":{"attrs":{"ariaLabel":{"value":[{"type":"idOrVar","name":"level"}," ǿǿƒ 4 ƀȧȧřş"]}}},"networksList":{"attrs":{"ariaLabel":"Ƞḗḗŧẇǿǿřķş ƒǿǿŭŭƞḓ"}},"dateAndTime":"Ḓȧȧŧḗḗ & Ŧīīḿḗḗ","timezoneTitle":{"value":["ŬŭŦƇ",{"type":"idOrVar","name":"utcOffset"}," ",{"type":"idOrVar","name":"region"},"/",{"type":"idOrVar","name":"city"}]},"timeZone":"Ŧīīḿḗḗ ẑǿǿƞḗḗ","change":"Ƈħȧȧƞɠḗḗ","region":{"attrs":{"ariaLabel":"Řḗḗɠīīǿǿƞ"}},"city":{"attrs":{"ariaLabel":"Ƈīīŧẏ"}},"date":{"attrs":{"ariaLabel":"Ḓȧȧŧḗḗ"}},"time":{"attrs":{"ariaLabel":"Ŧīīḿḗḗ"}},"importContacts3":"Īīḿƥǿǿřŧ ƈǿǿƞŧȧȧƈŧş","importSim2":"ŞĪīḾ ƈȧȧřḓ","importOutlook":"Ǿǿŭŭŧŀǿǿǿǿķ","importGmail":"Ɠḿȧȧīīŀ","notImportedYet":"Ƞǿǿŧ īīḿƥǿǿřŧḗḗḓ ẏḗḗŧ","otherAccount":"Ǿǿŧħḗḗř ȧȧƈƈǿǿŭŭƞŧş","firefox-accounts":"Ƒīīřḗḗƒǿǿẋ Ȧȧƈƈǿǿŭŭƞŧş","fxa-upsell":"Ȧȧ Ƒīīřḗḗƒǿǿẋ Ȧȧƈƈǿǿŭŭƞŧ ŀḗḗŧş ẏǿǿŭŭ ƒīīƞḓ ȧȧ ŀǿǿşŧ ƥħǿǿƞḗḗ ȧȧƞḓ ƀŭŭẏ ȧȧƥƥş ƒřǿǿḿ ŧħḗḗ Ƒīīřḗḗƒǿǿẋ Ḿȧȧřķḗḗŧƥŀȧȧƈḗḗ.","fxa-create-account-or-sign-in":"Ƈřḗḗȧȧŧḗḗ Ȧȧƈƈǿǿŭŭƞŧ ǿǿř Şīīɠƞ Īīƞ","fxa-email-sent":{"value":["Ȧȧ ṽḗḗřīīƒīīƈȧȧŧīīǿǿƞ ŀīīƞķ ħȧȧş ƀḗḗḗḗƞ şḗḗƞŧ ŧǿǿ ",{"type":"idOrVar","name":"email"}]},"fxa-signed-in":{"value":["Şīīɠƞḗḗḓ īīƞ ȧȧş ",{"type":"idOrVar","name":"email"}]},"about-your-rights-0":{"value":[{"type":"idOrVar","name":"brandShortName"}," īīş ƀŭŭīīŀŧ ǿǿƞ ƒřḗḗḗḗ ȧȧƞḓ ǿǿƥḗḗƞ şǿǿŭŭřƈḗḗ şǿǿƒŧẇȧȧřḗḗ ƀẏ ȧȧ ƈǿǿḿḿŭŭƞīīŧẏ ǿǿƒ ŧħǿǿŭŭşȧȧƞḓş ƒřǿǿḿ ȧȧŀŀ ǿǿṽḗḗř ŧħḗḗ ẇǿǿřŀḓ. Ŧħḗḗřḗḗ ȧȧřḗḗ ȧȧ ƒḗḗẇ ŧħīīƞɠş ẏǿǿŭŭ şħǿǿŭŭŀḓ ķƞǿǿẇ:"]},"about-your-rights-1":{"value":[{"type":"idOrVar","name":"brandShortName"}," īīş ḿȧȧḓḗḗ ȧȧṽȧȧīīŀȧȧƀŀḗḗ ŧǿǿ ẏǿǿŭŭ ŭŭƞḓḗḗř ŧħḗḗ ŧḗḗřḿş ǿǿƒ şḗḗṽḗḗřȧȧŀ ǿǿƥḗḗƞ şǿǿŭŭřƈḗḗ ŀīīƈḗḗƞşḗḗş īīƞƈŀŭŭḓīīƞɠ ŧħḗḗ Ḿǿǿẑīīŀŀȧȧ Ƥŭŭƀŀīīƈ Ŀīīƈḗḗƞşḗḗ. Ȧȧ ḓḗḗṽīīƈḗḗ řŭŭƞƞīīƞɠ ",{"type":"idOrVar","name":"brandShortName"}," ḿȧȧẏ ȧȧŀşǿǿ ƈǿǿƞŧȧȧīīƞ ƥřǿǿƥřīīḗḗŧȧȧřẏ şǿǿƒŧẇȧȧřḗḗ ƒřǿǿḿ ŧħīīřḓ ƥȧȧřŧīīḗḗş. Ȧȧƞẏ ƈǿǿḓḗḗ ƥřǿǿṽīīḓḗḗḓ ŭŭƞḓḗḗř ǿǿƥḗḗƞ ŀīīƈḗḗƞşḗḗş ɠīīṽḗḗ ẏǿǿŭŭ ŧħḗḗ řīīɠħŧ ŧǿǿ ḿǿǿḓīīƒẏ ŧħḗḗ şǿǿŭŭřƈḗḗ ƈǿǿḓḗḗ ȧȧƞḓ ḓīīşŧřīīƀŭŭŧḗḗ ẏǿǿŭŭř ḿǿǿḓīīƒīīḗḗḓ ṽḗḗřşīīǿǿƞş ȧȧş ŀǿǿƞɠ ȧȧş ẏǿǿŭŭ ƈǿǿḿƥŀẏ ẇīīŧħ ŧħḗḗīīř ŧḗḗřḿş."]},"about-your-rights-2":{"value":["Ẏǿǿŭŭ ȧȧřḗḗ ƞǿǿŧ ɠřȧȧƞŧḗḗḓ ȧȧƞẏ ŧřȧȧḓḗḗḿȧȧřķ řīīɠħŧş ǿǿř ŀīīƈḗḗƞşḗḗş ŧǿǿ ŧħḗḗ ŧřȧȧḓḗḗḿȧȧřķş ǿǿƒ ŧħḗḗ Ḿǿǿẑīīŀŀȧȧ Ƒǿǿŭŭƞḓȧȧŧīīǿǿƞ ǿǿř ȧȧƞẏ ƥȧȧřŧẏ, īīƞƈŀŭŭḓīīƞɠ ẇīīŧħǿǿŭŭŧ ŀīīḿīīŧȧȧŧīīǿǿƞ ŧħḗḗ ",{"type":"idOrVar","name":"brandShortName"}," ƞȧȧḿḗḗ ǿǿř ŀǿǿɠǿǿ."]},"about-your-rights-3":{"value":["Şǿǿḿḗḗ ƒḗḗȧȧŧŭŭřḗḗş īīƞ ",{"type":"idOrVar","name":"brandShortName"},", şŭŭƈħ ȧȧş ŧħḗḗ Ƈřȧȧşħ Řḗḗƥǿǿřŧḗḗř, ɠīīṽḗḗ ẏǿǿŭŭ ŧħḗḗ ǿǿƥŧīīǿǿƞ ŧǿǿ ƥřǿǿṽīīḓḗḗ ƒḗḗḗḗḓƀȧȧƈķ ŧǿǿ Ḿǿǿẑīīŀŀȧȧ. Ɓẏ ƈħǿǿǿǿşīīƞɠ ŧǿǿ şŭŭƀḿīīŧ ƒḗḗḗḗḓƀȧȧƈķ, ẏǿǿŭŭ ɠīīṽḗḗ Ḿǿǿẑīīŀŀȧȧ ƥḗḗřḿīīşşīīǿǿƞ ŧǿǿ ŭŭşḗḗ ŧħḗḗ ƒḗḗḗḗḓƀȧȧƈķ ŧǿǿ īīḿƥřǿǿṽḗḗ īīŧş ƥřǿǿḓŭŭƈŧş, ŧǿǿ ƥŭŭƀŀīīşħ ŧħḗḗ ƒḗḗḗḗḓƀȧȧƈķ ǿǿƞ īīŧş ẇḗḗƀşīīŧḗḗş, ȧȧƞḓ ŧǿǿ ḓīīşŧřīīƀŭŭŧḗḗ ŧħḗḗ ƒḗḗḗḗḓƀȧȧƈķ."]},"SIM_mandatory":"ŞĪīḾ Ƈȧȧřḓ Ẇȧȧřƞīīƞɠ","SIM_mandatory_warm":"Ƥŀḗḗȧȧşḗḗ, īīƞşḗḗřŧ ȧȧ ŞĪīḾ ƈȧȧřḓ ȧȧƞḓ řḗḗƀǿǿǿǿŧ ẏǿǿŭŭř ƥħǿǿƞḗḗ.","telemetry-sends2":{"value":["Ŧḗḗŀḗḗḿḗḗŧřẏ şḗḗƞḓş Ḿǿǿẑīīŀŀȧȧ ḓȧȧŧȧȧ ȧȧƀǿǿŭŭŧ ƥḗḗřƒǿǿřḿȧȧƞƈḗḗ, ħȧȧřḓẇȧȧřḗḗ, ƈǿǿƞƒīīɠŭŭřȧȧŧīīǿǿƞş, ƈŭŭşŧǿǿḿīīẑȧȧŧīīǿǿƞş ȧȧƞḓ ȧȧƥƥ ŭŭşȧȧɠḗḗ īīƞ ẏǿǿŭŭř ",{"type":"idOrVar","name":"brandShortName"}," ḓḗḗṽīīƈḗḗ. Ẇḗḗ ŭŭşḗḗ ŧħīīş ŧǿǿ ḿȧȧķḗḗ ǿǿŭŭř ƥřǿǿḓŭŭƈŧş ƀḗḗŧŧḗḗř, ƒȧȧşŧḗḗř ȧȧƞḓ ḿǿǿřḗḗ řḗḗşƥǿǿƞşīīṽḗḗ."]},"learn-more-telemetry2":{"value":["Ŀḗḗȧȧřƞ ḿǿǿřḗḗ ȧȧŧ <a>",{"type":"idOrVar","name":"url"},"</a>"]},"learn-more-information2":{"value":["Ŀḗḗȧȧřƞ ħǿǿẇ Ḿǿǿẑīīŀŀȧȧ ħȧȧƞḓŀḗḗş ẏǿǿŭŭř īīƞƒǿǿřḿȧȧŧīīǿǿƞ ȧȧŧ <a>",{"type":"idOrVar","name":"url"},"</a>"]},"htmlWelcome2":{"value":["Ẇḗḗŀƈǿǿḿḗḗ ŧǿǿ <a>",{"type":"idOrVar","name":"brandShortName"},"</a>, ŧħḗḗ ƒřḗḗḗḗ ȧȧƞḓ ǿǿƥḗḗƞ şǿǿŭŭřƈḗḗ ǿǿƥḗḗřȧȧŧīīƞɠ şẏşŧḗḗḿ ƒřǿǿḿ Ḿǿǿẑīīŀŀȧȧ. Ǿǿŭŭř ḿīīşşīīǿǿƞ īīş ŧǿǿ ƥřǿǿḿǿǿŧḗḗ ǿǿƥḗḗƞƞḗḗşş, īīƞƞǿǿṽȧȧŧīīǿǿƞ ȧȧƞḓ ǿǿƥƥǿǿřŧŭŭƞīīŧẏ ƀẏ ķḗḗḗḗƥīīƞɠ ŧħḗḗ ƥǿǿẇḗḗř ǿǿƒ ŧħḗḗ Ẇḗḗƀ īīƞ ẏǿǿŭŭř ħȧȧƞḓş."]},"helpImprove2":"Ẏǿǿŭŭ ƈȧȧƞ ħḗḗŀƥ ŭŭş īīḿƥřǿǿṽḗḗ ǿǿŭŭř ƥřǿǿḓŭŭƈŧş ȧȧƞḓ şḗḗřṽīīƈḗḗş ƀẏ ȧȧŭŭŧǿǿḿȧȧŧīīƈȧȧŀŀẏ şḗḗƞḓīīƞɠ ȧȧƞȧȧŀẏŧīīƈş ḓȧȧŧȧȧ. Şḗḗḗḗ ǿǿŭŭř <a>Ƥřīīṽȧȧƈẏ Ƞǿǿŧīīƈḗḗ</a> ŧǿǿ ŀḗḗȧȧřƞ ħǿǿẇ ẇḗḗ ħȧȧƞḓŀḗḗ ḓȧȧŧȧȧ ƒřǿǿḿ ẏǿǿŭŭř ḓḗḗṽīīƈḗḗ.","helpImprove3":"Ħḗḗŀƥ ŭŭş īīḿƥřǿǿṽḗḗ ǿǿŭŭř ƥřǿǿḓŭŭƈŧş ȧȧƞḓ şḗḗřṽīīƈḗḗş ƀẏ ȧȧŭŭŧǿǿḿȧȧŧīīƈȧȧŀŀẏ şḗḗƞḓīīƞɠ ȧȧƞȧȧŀẏŧīīƈş ḓȧȧŧȧȧ.","learn-more-privacy2":"Ŀḗḗȧȧřƞ ħǿǿẇ Ḿǿǿẑīīŀŀȧȧ ħȧȧƞḓŀḗḗş ẏǿǿŭŭř īīƞƒǿǿřḿȧȧŧīīǿǿƞ īīƞ ǿǿŭŭř <a>ƥřīīṽȧȧƈẏ ƥǿǿŀīīƈẏ</a>.","learn-more-privacy3":"Řḗḗȧȧḓ ǿǿŭŭř <a>Ƥřīīṽȧȧƈẏ Ƞǿǿŧīīƈḗḗ</a>","aboutBrowser":{"value":["Ȧȧƀǿǿŭŭŧ ",{"type":"idOrVar","name":"brandShortName"}]},"aboutYourPrivacy2":"Ẏǿǿŭŭř Ƥřīīṽȧȧƈẏ","mozillaCommunity2":{"value":["Ẇħḗḗƞ ẏǿǿŭŭ ŭŭşḗḗ ",{"type":"idOrVar","name":"brandShortName"},", ẏǿǿŭŭ ƀḗḗƈǿǿḿḗḗ ƥȧȧřŧ ǿǿƒ ȧȧ ɠŀǿǿƀȧȧŀ ƈǿǿḿḿŭŭƞīīŧẏ ħḗḗŀƥīīƞɠ ŧǿǿ ƀŭŭīīŀḓ ȧȧ ƀřīīɠħŧḗḗř ƒŭŭŧŭŭřḗḗ ƒǿǿř ŧħḗḗ Ẇḗḗƀ. Īīƒ ẏǿǿŭŭ’ḓ ŀīīķḗḗ ŧǿǿ ķƞǿǿẇ ḿǿǿřḗḗ ȧȧƀǿǿŭŭŧ ŧħḗḗ Ḿǿǿẑīīŀŀȧȧ ƈǿǿḿḿŭŭƞīīŧẏ, ǿǿŭŭř ǿǿŧħḗḗř ƥřǿǿḓŭŭƈŧş ȧȧƞḓ ḗḗṽḗḗƞŧş ƞḗḗȧȧř ẏǿǿŭŭ, ƥŀḗḗȧȧşḗḗ ḗḗƞŧḗḗř ẏǿǿŭŭř ḗḗḿȧȧīīŀ ȧȧḓḓřḗḗşş ƀḗḗŀǿǿẇ."]},"sharePerformanceAndUsageData2":"Ẏḗḗş! Şḗḗƞḓ ḓȧȧŧȧȧ.","emailAddress":{"attrs":{"placeholder":"Ḗḗḿȧȧīīŀ ȧȧḓḓřḗḗşş"}},"email-successfully-added":"Ḗḗḿȧȧīīŀ şŭŭƈƈḗḗşşƒŭŭŀŀẏ ȧȧḓḓḗḗḓ","email-loading":"Şȧȧṽīīƞɠ ẏǿǿŭŭř ḗḗḿȧȧīīŀ…","privacy-b2g":{"value":[{"type":"idOrVar","name":"brandShortName"}],"attrs":{"title":{"value":[{"type":"idOrVar","name":"brandShortName"}]}}},"privacy-marketplace":{"value":"Ḿȧȧřķḗḗŧƥŀȧȧƈḗḗ","attrs":{"title":{"value":[{"type":"idOrVar","name":"privacy-marketplace"}]}}},"basicMetricsRadio":"Ɓȧȧşīīƈ","enhancedMetricsRadio":"Ḗḗƞħȧȧƞƈḗḗḓ","noneMetricsRadio":"Ƞǿǿƞḗḗ","basicMetricsExplain":"Şḗḗƞḓ ȧȧƥƥ ŭŭşȧȧɠḗḗ ȧȧƞḓ ḗḗřřǿǿř řḗḗƥǿǿřŧş.","enhancedMetricsExplain":"Şḗḗƞḓ Ɓȧȧşīīƈ řḗḗƥǿǿřŧ ƥŀŭŭş ḓīīȧȧɠƞǿǿşŧīīƈ īīƞƒǿǿřḿȧȧŧīīǿǿƞ.","noneMetricsExplain":"Ḓǿǿ ƞǿǿŧ şḗḗƞḓ ȧȧƞẏ ḓȧȧŧȧȧ.","navbar-back":"Ɓȧȧƈķ","navbar-next":"Ƞḗḗẋŧ","navbar-join":"Ĵǿǿīīƞ","done":"Ḓǿǿƞḗḗ","thatsIt":"Ŧħȧȧŧ’ş īīŧ!","startYourPhone":"Şŧȧȧřŧ ẏǿǿŭŭř ƥħǿǿƞḗḗ ŧǿǿŭŭř!","startYourTablet":"Şŧȧȧřŧ ẏǿǿŭŭř ŧȧȧƀŀḗḗŧ ŧǿǿŭŭř!","joinTutorial":"Ĵǿǿīīƞ ŭŭş ƒǿǿř ȧȧ ɋŭŭīīƈķ ŧŭŭŧǿǿřīīȧȧŀ ȧȧƀǿǿŭŭŧ ẏǿǿŭŭř ƞḗḗẇ ƥħǿǿƞḗḗ.","joinTutorialUpdated":"Ĵǿǿīīƞ ŭŭş ƒǿǿř ȧȧ ɋŭŭīīƈķ ŧŭŭŧǿǿřīīȧȧŀ ȧȧƀǿǿŭŭŧ ŧħḗḗ ŭŭƥḓȧȧŧḗḗş ŧǿǿ ẏǿǿŭŭř ƥħǿǿƞḗḗ!","enjoyYourPhone":"Ẏǿǿŭŭ’řḗḗ řḗḗȧȧḓẏ ŧǿǿ ḗḗƞĵǿǿẏ ẏǿǿŭŭř ƞḗḗẇ ƥħǿǿƞḗḗ.","enjoyYourPhoneUpdated":"Ẏǿǿŭŭ’řḗḗ řḗḗȧȧḓẏ ŧǿǿ ḗḗƞĵǿǿẏ ẏǿǿŭŭř ŭŭƥḓȧȧŧḗḗḓ ƥħǿǿƞḗḗ.","optionsAvailable":"Ẏǿǿŭŭ ƈȧȧƞ ƈħȧȧƞɠḗḗ ŧħḗḗ ŀȧȧƞɠŭŭȧȧɠḗḗ, ḓȧȧŧḗḗ/ŧīīḿḗḗ ȧȧƞḓ Ẇīī-Ƒīī ƈǿǿƞƞḗḗƈŧīīǿǿƞ īīƞ şḗḗŧŧīīƞɠş.","letsGo":"Ŀḗḗŧ’ş ɠǿǿ","startTour":"Şŧȧȧřŧ ŧǿǿŭŭř","thatsIt1Tablet-2":"Ẏǿǿŭŭ ƈȧȧƞ ȧȧŀẇȧȧẏş şẇīīƥḗḗ ƒřǿǿḿ ŧħḗḗ ƀǿǿŧŧǿǿḿ ḗḗḓɠḗḗ ŧǿǿ ḗḗƞŧḗḗř ħǿǿḿḗḗ şƈřḗḗḗḗƞ.","thatsIt2Tablet-2":"Ŀḗḗŧ’ş ḓǿǿ īīŧ!","late-customization":"Ƒřḗḗḗḗ Ȧȧƥƥş","late-customization-downloading-message":{"value":[{"type":"idOrVar","name":"carrierName"}," īīş ǿǿƒƒḗḗřīīƞɠ ƒřḗḗḗḗ ȧȧƥƥş ŧǿǿ ħḗḗŀƥ ɠḗḗŧ ẏǿǿŭŭ şŧȧȧřŧḗḗḓ. Ŧħḗḗẏ ẇīīŀŀ ḓǿǿẇƞŀǿǿȧȧḓ <em>ȧȧŧ ƞǿǿ ƈħȧȧřɠḗḗ</em> ẇħīīŀḗḗ ẏǿǿŭŭ ƒīīƞīīşħ şḗḗŧŧīīƞɠ ŭŭƥ ẏǿǿŭŭř ƥħǿǿƞḗḗ."]},"late-customization-download-later":{"value":[{"type":"idOrVar","name":"carrierName"}," īīş ǿǿƒƒḗḗřīīƞɠ ƒřḗḗḗḗ ȧȧƥƥş ŧǿǿ ħḗḗŀƥ ɠḗḗŧ ẏǿǿŭŭ şŧȧȧřŧḗḗḓ. Ẏǿǿŭŭ ƈȧȧƞ ḓǿǿẇƞŀǿǿȧȧḓ ŧħḗḗḿ <em>ȧȧŧ ƞǿǿ ƈħȧȧřɠḗḗ</em>."]},"late-customization-downloading-message-default":"Ẏǿǿŭŭř ƈȧȧřřīīḗḗř īīş ǿǿƒƒḗḗřīīƞɠ ƒřḗḗḗḗ ȧȧƥƥş ŧǿǿ ħḗḗŀƥ ɠḗḗŧ ẏǿǿŭŭ şŧȧȧřŧḗḗḓ. Ŧħḗḗẏ ẇīīŀŀ ḓǿǿẇƞŀǿǿȧȧḓ <em>ȧȧŧ ƞǿǿ ƈħȧȧřɠḗḗ</em> ẇħīīŀḗḗ ẏǿǿŭŭ ƒīīƞīīşħ şḗḗŧŧīīƞɠ ŭŭƥ ẏǿǿŭŭř ƥħǿǿƞḗḗ.","late-customization-download-later-default":"Ẏǿǿŭŭř ƈȧȧřřīīḗḗř īīş ǿǿƒƒḗḗřīīƞɠ ƒřḗḗḗḗ ȧȧƥƥş ŧǿǿ ħḗḗŀƥ ɠḗḗŧ ẏǿǿŭŭ şŧȧȧřŧḗḗḓ. Ẏǿǿŭŭ ƈȧȧƞ ḓǿǿẇƞŀǿǿȧȧḓ ŧħḗḗḿ <em>ȧȧŧ ƞǿǿ ƈħȧȧřɠḗḗ</em>.","late-customization-download-later-marketplace":"Ƒīīƞḓ ŧħḗḗşḗḗ ȧȧƥƥş ȧȧƞḓ ḿȧȧƞẏ ḿǿǿřḗḗ ẇħḗḗƞ ẏǿǿŭŭ ṽīīşīīŧ Ḿȧȧřķḗḗŧƥŀȧȧƈḗḗ!","tutorial":"Ŧŭŭŧǿǿřīīȧȧŀ","tutorial-step1-large-3":"Şẇīīƥḗḗ ḓǿǿẇƞ ŧǿǿ ȧȧƈƈḗḗşş řḗḗƈḗḗƞŧ ƞǿǿŧīīƒīīƈȧȧŧīīǿǿƞş, ŭŭşȧȧɠḗḗ īīƞƒǿǿřḿȧȧŧīīǿǿƞ ȧȧƞḓ şḗḗŧŧīīƞɠş.","tutorial-step2-large-2":"Şẇīīƥḗḗ ŀḗḗƒŧ ǿǿř řīīɠħŧ ŧǿǿ ḓīīşƈǿǿṽḗḗř ƞḗḗẇ ȧȧƥƥş ǿǿƞ ħǿǿḿḗḗ şƈřḗḗḗḗƞ.","tutorial-step3-large-2":"Ŧȧȧƥ ȧȧƞḓ ħǿǿŀḓ ǿǿƞ ȧȧƞ īīƈǿǿƞ ŧǿǿ ḓḗḗŀḗḗŧḗḗ ǿǿř ḿǿǿṽḗḗ īīŧ.","tutorial-step4-large-2":"Ŧẇǿǿ ƒīīƞɠḗḗřş şẇīīƥḗḗ ŭŭƥ ƒřǿǿḿ ŧħḗḗ ƀǿǿŧŧǿǿḿ ḗḗḓɠḗḗ ŧǿǿ ŧřīīɠɠḗḗř ƈȧȧřḓ ṽīīḗḗẇ.","tutorial-homescreen-tiny":"Şẇīīƥḗḗ ŭŭƥ ȧȧƞḓ ḓǿǿẇƞ ŧǿǿ ƀřǿǿẇşḗḗ ẏǿǿŭŭř ȧȧƥƥş. Ŧȧȧƥ ȧȧƞḓ ħǿǿŀḓ ȧȧƞ īīƈǿǿƞ ŧǿǿ ḓḗḗŀḗḗŧḗḗ, ḿǿǿṽḗḗ, ǿǿř ḗḗḓīīŧ īīŧ.","tutorial-notifications-v2-tiny":"Şẇīīƥḗḗ ḓǿǿẇƞ ŧǿǿ ȧȧƈƈḗḗşş řḗḗƈḗḗƞŧ ƞǿǿŧīīƒīīƈȧȧŧīīǿǿƞş, ŭŭşȧȧɠḗḗ īīƞƒǿǿřḿȧȧŧīīǿǿƞ ȧȧƞḓ şḗḗŧŧīīƞɠş.","tutorial-sheets-tiny":"Ḓřȧȧɠ ƒřǿǿḿ ŧħḗḗ ŀḗḗƒŧ ḗḗḓɠḗḗ ǿǿƒ ẏǿǿŭŭř şƈřḗḗḗḗƞ ŧǿǿ řḗḗŧŭŭřƞ ŧǿǿ řḗḗƈḗḗƞŧŀẏ ŭŭşḗḗḓ ȧȧƥƥş.","tutorial-rocketbar-tiny":"Ŧȧȧƥ ǿǿƞ ŧħḗḗ şḗḗȧȧřƈħ ƀǿǿẋ ȧȧƞẏŧīīḿḗḗ ŧǿǿ şŧȧȧřŧ ȧȧ şḗḗȧȧřƈħ ǿǿř ɠǿǿ ŧǿǿ ȧȧ ẇḗḗƀşīīŧḗḗ.","tutorial-bookmarks-migration-tiny":"Ẏǿǿŭŭř ƀǿǿǿǿķḿȧȧřķş ħȧȧṽḗḗ ƀḗḗḗḗƞ ḿǿǿṽḗḗḓ ŧǿǿ ŧħḗḗ ħǿǿḿḗḗşƈřḗḗḗḗƞ. Ẇħḗḗƞ ḗḗḓīīŧīīƞɠ, ŧȧȧƥ ȧȧ ƀǿǿǿǿķḿȧȧřķ ŧǿǿ ḗḗḓīīŧ ǿǿř řḗḗƞȧȧḿḗḗ īīŧ.","offline-dialog-title":"Ẏǿǿŭŭ ḿŭŭşŧ ƀḗḗ ƈǿǿƞƞḗḗƈŧḗḗḓ ŧǿǿ ŧħḗḗ Īīƞŧḗḗřƞḗḗŧ ŧǿǿ ṽīīḗḗẇ ŧħḗḗ ƥȧȧɠḗḗ.","offline-dialog-text":{"value":["Ƥŀḗḗȧȧşḗḗ ɠǿǿ ƀȧȧƈķ ȧȧƞḓ ƈǿǿƞƞḗḗƈŧ ŧǿǿ ŧħḗḗ Īīƞŧḗḗřƞḗḗŧ. Ẏǿǿŭŭ ƈȧȧƞ ȧȧŀşǿǿ ṽīīḗḗẇ ŧħḗḗ ƥȧȧɠḗḗ ŀȧȧŧḗḗř ƒřǿǿḿ Şḗḗŧŧīīƞɠş ǿǿř ƀẏ ḗḗƞŧḗḗřīīƞɠ ",{"type":"idOrVar","name":"url"}," īīƞ ȧȧƞẏ ƀřǿǿẇşḗḗř."]},"OK":"ǾǿĶ","offline-newsletter-dialog-title":"Ẏǿǿŭŭ ḿŭŭşŧ ƀḗḗ ƈǿǿƞƞḗḗƈŧḗḗḓ ŧǿǿ ŧħḗḗ Īīƞŧḗḗřƞḗḗŧ ŧǿǿ şŭŭƀşƈřīīƀḗḗ ŧǿǿ ŧħḗḗ ƞḗḗẇşŀḗḗŧŧḗḗř.","offline-newsletter-dialog-text":"Ƥŀḗḗȧȧşḗḗ ɠǿǿ ƀȧȧƈķ ȧȧƞḓ ƈǿǿƞƞḗḗƈŧ ŧǿǿ ŧħḗḗ Īīƞŧḗḗřƞḗḗŧ.","invalid-email-dialog-title":"Ẏǿǿŭŭř ḗḗḿȧȧīīŀ īīş ƞǿǿŧ ṽȧȧŀīīḓ","invalid-email-dialog-text":"Ƥŀḗḗȧȧşḗḗ ɠǿǿ ƀȧȧƈķ ȧȧƞḓ ƈǿǿřřḗḗƈŧ ẏǿǿŭŭř ḗḗƞŧřẏ.","retry":"Řḗḗŧřẏ","cancel":"Ƈȧȧƞƈḗḗŀ","progressbar":{"value":["Şŧḗḗƥ ",{"type":"idOrVar","name":"step"}," ǿǿƒ ",{"type":"idOrVar","name":"total"}],"attrs":{"ariaLabel":"Ƒīīřşŧ Ŧīīḿḗḗ Ḗḗẋƥḗḗřīīḗḗƞƈḗḗ"}},"back":"Ɓȧȧƈķ","noSimMsg":"Ŧǿǿ īīḿƥǿǿřŧ ƈǿǿƞŧȧȧƈŧş īīƞşḗḗřŧ ǿǿř ŭŭƞŀǿǿƈķ ẏǿǿŭŭř ŞĪīḾ ƈȧȧřḓ","noMemoryCardMsg":"Ŧǿǿ īīḿƥǿǿřŧ ƈǿǿƞŧȧȧƈŧş īīƞşḗḗřŧ ȧȧ ḿḗḗḿǿǿřẏ ƈȧȧřḓ","importMemoryCard":"Ḿḗḗḿǿǿřẏ ƈȧȧřḓ","emptyAccount":"Ƞǿǿ ƒřīīḗḗƞḓş ǿǿř ƈǿǿƞŧȧȧƈŧş ƒǿǿŭŭƞḓ īīƞ ŧħīīş ȧȧƈƈǿǿŭŭƞŧ.","simContacts-import":"Īīḿƥǿǿřŧ ŞĪīḾ ƈǿǿƞŧȧȧƈŧş","simContacts-importing":"Īīḿƥǿǿřŧīīƞɠ ŞĪīḾ ƈǿǿƞŧȧȧƈŧş…","simContacts-reading":"Řḗḗȧȧḓīīƞɠ ƒřǿǿḿ ŞĪīḾ ƈȧȧřḓ…","simContacts-error":"Ƈǿǿŭŭŀḓ ƞǿǿŧ īīḿƥǿǿřŧ ƈǿǿƞŧȧȧƈŧş ƒřǿǿḿ ŞĪīḾ","simContacts-imported3":{"value":{"zero":"Ƞǿǿ ƈǿǿƞŧȧȧƈŧş ḓḗḗŧḗḗƈŧḗḗḓ ǿǿƞ ŞĪīḾ ŧǿǿ īīḿƥǿǿřŧ","one":"Īīḿƥǿǿřŧḗḗḓ ǿǿƞḗḗ ƈǿǿƞŧȧȧƈŧ","two":["Īīḿƥǿǿřŧḗḗḓ ",{"type":"idOrVar","name":"n"}," ƈǿǿƞŧȧȧƈŧş"],"few":["Īīḿƥǿǿřŧḗḗḓ ",{"type":"idOrVar","name":"n"}," ƈǿǿƞŧȧȧƈŧş"],"many":["Īīḿƥǿǿřŧḗḗḓ ",{"type":"idOrVar","name":"n"}," ƈǿǿƞŧȧȧƈŧş"],"other":["Īīḿƥǿǿřŧḗḗḓ ",{"type":"idOrVar","name":"n"}," ƈǿǿƞŧȧȧƈŧş"]},"index":[{"type":"call","expr":{"type":"prop","expr":{"type":"glob","name":"cldr"},"prop":"plural","cmpt":false},"args":[{"type":"idOrVar","name":"n"}]}]},"memoryCardContacts-import":"Īīḿƥǿǿřŧ ƈǿǿƞŧȧȧƈŧş ƒřǿǿḿ ḿḗḗḿǿǿřẏ ƈȧȧřḓ","memoryCardContacts-importing":"Īīḿƥǿǿřŧīīƞɠ ƈǿǿƞŧȧȧƈŧş ƒřǿǿḿ ḿḗḗḿǿǿřẏ ƈȧȧřḓ…","memoryCardContacts-error":"Ƈǿǿŭŭŀḓ ƞǿǿŧ īīḿƥǿǿřŧ ƈǿǿƞŧȧȧƈŧş ƒřǿǿḿ ḿḗḗḿǿǿřẏ ƈȧȧřḓ","memoryCardContacts-imported3":{"value":{"zero":"Ƞǿǿ ƈǿǿƞŧȧȧƈŧş ḓḗḗŧḗḗƈŧḗḗḓ ǿǿƞ ḿḗḗḿǿǿřẏ ƈȧȧřḓ ŧǿǿ īīḿƥǿǿřŧ","one":"Īīḿƥǿǿřŧḗḗḓ ǿǿƞḗḗ ƈǿǿƞŧȧȧƈŧ","two":["Īīḿƥǿǿřŧḗḗḓ ",{"type":"idOrVar","name":"n"}," ƈǿǿƞŧȧȧƈŧş"],"few":["Īīḿƥǿǿřŧḗḗḓ ",{"type":"idOrVar","name":"n"}," ƈǿǿƞŧȧȧƈŧş"],"many":["Īīḿƥǿǿřŧḗḗḓ ",{"type":"idOrVar","name":"n"}," ƈǿǿƞŧȧȧƈŧş"],"other":["Īīḿƥǿǿřŧḗḗḓ ",{"type":"idOrVar","name":"n"}," ƈǿǿƞŧȧȧƈŧş"]},"index":[{"type":"call","expr":{"type":"prop","expr":{"type":"glob","name":"cldr"},"prop":"plural","cmpt":false},"args":[{"type":"idOrVar","name":"n"}]}]},"genericProgress":{"value":[{"type":"idOrVar","name":"current"},"/",{"type":"idOrVar","name":"total"}]},"infiniteProgress":{"value":{"zero":"Ƞǿǿ ƈǿǿƞŧȧȧƈŧş īīḿƥǿǿřŧḗḗḓ ẏḗḗŧ","one":"Īīḿƥǿǿřŧḗḗḓ ǿǿƞḗḗ ƈǿǿƞŧȧȧƈŧ","two":["Īīḿƥǿǿřŧḗḗḓ ",{"type":"idOrVar","name":"n"}," ƈǿǿƞŧȧȧƈŧş"],"few":["Īīḿƥǿǿřŧḗḗḓ ",{"type":"idOrVar","name":"n"}," ƈǿǿƞŧȧȧƈŧş"],"many":["Īīḿƥǿǿřŧḗḗḓ ",{"type":"idOrVar","name":"n"}," ƈǿǿƞŧȧȧƈŧş"],"other":["Īīḿƥǿǿřŧḗḗḓ ",{"type":"idOrVar","name":"n"}," ƈǿǿƞŧȧȧƈŧş"]},"index":[{"type":"call","expr":{"type":"prop","expr":{"type":"glob","name":"cldr"},"prop":"plural","cmpt":false},"args":[{"type":"idOrVar","name":"n"}]}]},"friendsUpdated":{"value":{"zero":"Ƞǿǿ ƒřīīḗḗƞḓş ŭŭƥḓȧȧŧḗḗḓ","one":"Ŭŭƥḓȧȧŧḗḗḓ ǿǿƞḗḗ ƒřīīḗḗƞḓ","two":["Ŭŭƥḓȧȧŧḗḗḓ ",{"type":"idOrVar","name":"numFriends"}," ƒřīīḗḗƞḓş"],"few":["Ŭŭƥḓȧȧŧḗḗḓ ",{"type":"idOrVar","name":"numFriends"}," ƒřīīḗḗƞḓş"],"many":["Ŭŭƥḓȧȧŧḗḗḓ ",{"type":"idOrVar","name":"numFriends"}," ƒřīīḗḗƞḓş"],"other":["Ŭŭƥḓȧȧŧḗḗḓ ",{"type":"idOrVar","name":"numFriends"}," ƒřīīḗḗƞḓş"]},"index":[{"type":"call","expr":{"type":"prop","expr":{"type":"glob","name":"cldr"},"prop":"plural","cmpt":false},"args":[{"type":"idOrVar","name":"numFriends"}]}]},"friendsMerged":{"value":{"zero":"Ƞǿǿ ḓŭŭƥŀīīƈȧȧŧḗḗḓ ƒřīīḗḗƞḓş ḿḗḗřɠḗḗḓ","one":"Ǿǿƞḗḗ ḓŭŭƥŀīīƈȧȧŧḗḗḓ ƒřīīḗḗƞḓ ḿḗḗřɠḗḗḓ","two":[{"type":"idOrVar","name":"numDups"}," ƒřīīḗḗƞḓş ḿḗḗřɠḗḗḓ"],"few":[{"type":"idOrVar","name":"numDups"}," ƒřīīḗḗƞḓş ḿḗḗřɠḗḗḓ"],"many":[{"type":"idOrVar","name":"numDups"}," ƒřīīḗḗƞḓş ḿḗḗřɠḗḗḓ"],"other":[{"type":"idOrVar","name":"numDups"}," ƒřīīḗḗƞḓş ḿḗḗřɠḗḗḓ"]},"index":[{"type":"call","expr":{"type":"prop","expr":{"type":"glob","name":"cldr"},"prop":"plural","cmpt":false},"args":[{"type":"idOrVar","name":"numDups"}]}]},"contactsMerged":{"value":{"zero":"Ƞǿǿ ḓŭŭƥŀīīƈȧȧŧḗḗḓ ƈǿǿƞŧȧȧƈŧş ḿḗḗřɠḗḗḓ","one":"Ǿǿƞḗḗ ḓŭŭƥŀīīƈȧȧŧḗḗḓ ƈǿǿƞŧȧȧƈŧ ḿḗḗřɠḗḗḓ","two":[{"type":"idOrVar","name":"numDups"}," ƈǿǿƞŧȧȧƈŧş ḿḗḗřɠḗḗḓ"],"few":[{"type":"idOrVar","name":"numDups"}," ƈǿǿƞŧȧȧƈŧş ḿḗḗřɠḗḗḓ"],"many":[{"type":"idOrVar","name":"numDups"}," ƈǿǿƞŧȧȧƈŧş ḿḗḗřɠḗḗḓ"],"other":[{"type":"idOrVar","name":"numDups"}," ƈǿǿƞŧȧȧƈŧş ḿḗḗřɠḗḗḓ"]},"index":[{"type":"call","expr":{"type":"prop","expr":{"type":"glob","name":"cldr"},"prop":"plural","cmpt":false},"args":[{"type":"idOrVar","name":"numDups"}]}]},"import":"Īīḿƥǿǿřŧ","update":"Ŭŭƥḓȧȧŧḗḗ","fbFriends":"Ƒȧȧƈḗḗƀǿǿǿǿķ Ƒřīīḗḗƞḓş","live-serviceName":"Ǿǿŭŭŧŀǿǿǿǿķ","gmail-serviceName":"Ɠḿȧȧīīŀ","facebook-serviceName":"Ƒȧȧƈḗḗƀǿǿǿǿķ Ƒřīīḗḗƞḓş","selectAll":"Şḗḗŀḗḗƈŧ ȧȧŀŀ","deselectAll":"Ḓḗḗşḗḗŀḗḗƈŧ ȧȧŀŀ","viewAll":"Ṽīīḗḗẇ Ȧȧŀŀ Ƒȧȧƈḗḗƀǿǿǿǿķ Ƒřīīḗḗƞḓş","viewRecommend":"Ṽīīḗḗẇ Ǿǿƞŀẏ Řḗḗƈǿǿḿḿḗḗƞḓḗḗḓ","linkProposal":{"value":{"zero":"Ƞǿǿ ḿȧȧŧƈħīīƞɠ ƒřīīḗḗƞḓş. Şħǿǿẇīīƞɠ ȧȧŀŀ","one":"Şḗḗŀḗḗƈŧ ŧħḗḗ řḗḗƈǿǿḿḿḗḗƞḓḗḗḓ ǿǿƞḗḗ","two":"Şḗḗŀḗḗƈŧ ȧȧ řḗḗƈǿǿḿḿḗḗƞḓḗḗḓ ǿǿƞḗḗ","few":"Şḗḗŀḗḗƈŧ ȧȧ řḗḗƈǿǿḿḿḗḗƞḓḗḗḓ ǿǿƞḗḗ","many":"Şḗḗŀḗḗƈŧ ȧȧ řḗḗƈǿǿḿḿḗḗƞḓḗḗḓ ǿǿƞḗḗ","other":"Şḗḗŀḗḗƈŧ ȧȧ řḗḗƈǿǿḿḿḗḗƞḓḗḗḓ ǿǿƞḗḗ"},"index":[{"type":"call","expr":{"type":"prop","expr":{"type":"glob","name":"cldr"},"prop":"plural","cmpt":false},"args":[{"type":"idOrVar","name":"numFriends"}]}]},"fbFriendsFound":{"value":{"zero":"Ȧȧŀŀ ẏǿǿŭŭř ƒřīīḗḗƞḓş ȧȧřḗḗ īīḿƥǿǿřŧḗḗḓ","one":"Ƒǿǿŭŭƞḓ ǿǿƞḗḗ ƒřīīḗḗƞḓ ŧǿǿ īīḿƥǿǿřŧ","two":["Ƒǿǿŭŭƞḓ ",{"type":"idOrVar","name":"numFriends"}," ƒřīīḗḗƞḓş ŧǿǿ īīḿƥǿǿřŧ"],"few":["Ƒǿǿŭŭƞḓ ",{"type":"idOrVar","name":"numFriends"}," ƒřīīḗḗƞḓş ŧǿǿ īīḿƥǿǿřŧ"],"many":["Ƒǿǿŭŭƞḓ ",{"type":"idOrVar","name":"numFriends"}," ƒřīīḗḗƞḓş ŧǿǿ īīḿƥǿǿřŧ"],"other":["Ƒǿǿŭŭƞḓ ",{"type":"idOrVar","name":"numFriends"}," ƒřīīḗḗƞḓş ŧǿǿ īīḿƥǿǿřŧ"]},"index":[{"type":"call","expr":{"type":"prop","expr":{"type":"glob","name":"cldr"},"prop":"plural","cmpt":false},"args":[{"type":"idOrVar","name":"numFriends"}]}]},"fbNoFriends":"Ƞǿǿ ƈǿǿƞŧȧȧƈŧş ȧȧṽȧȧīīŀȧȧƀŀḗḗ ŧǿǿ īīḿƥǿǿřŧ","facebook":"Ƒȧȧƈḗḗƀǿǿǿǿķ","search-contact":{"attrs":{"placeholder":"Şḗḗȧȧřƈħ"}},"noResults":"Ƞǿǿ ƈǿǿƞŧȧȧƈŧş ƒǿǿŭŭƞḓ","done-search":"Ḓǿǿƞḗḗ","progressFB3ImportTitle":"Īīḿƥǿǿřŧīīƞɠ ƒřīīḗḗƞḓş ŧǿǿ Ƈǿǿƞŧȧȧƈŧş","progressFB":{"value":[{"type":"idOrVar","name":"current"},"/",{"type":"idOrVar","name":"total"}]},"progressFB3UpdateTitle":"Ŭŭƥḓȧȧŧīīƞɠ ƒřīīḗḗƞḓş īīƞ Ƈǿǿƞŧȧȧƈŧş","message2":"Ŧħīīş ḿȧȧẏ ŧȧȧķḗḗ ȧȧ ƈǿǿŭŭƥŀḗḗ ǿǿƒ ḿīīƞŭŭŧḗḗş","messageLinking":"Ƥŀḗḗȧȧşḗḗ ħǿǿŀḓ ǿǿƞ. Ẇḗḗ ȧȧřḗḗ ŀīīƞķīīƞɠ ẏǿǿŭŭř ƒřīīḗḗƞḓ ȧȧƞḓ ẏǿǿŭŭř ƈǿǿƞŧȧȧƈŧ.","messageCanceling":"Ƥŀḗḗȧȧşḗḗ ħǿǿŀḓ ǿǿƞ. Ẇḗḗ ȧȧřḗḗ ƈȧȧƞƈḗḗŀīīƞɠ ŧħḗḗ ǿǿƞɠǿǿīīƞɠ ǿǿƥḗḗřȧȧŧīīǿǿƞ.","error1":{"value":["Ḗḗřřǿǿř ",{"type":"idOrVar","name":"from"}]},"error2":"Ḓǿǿ ẏǿǿŭŭ ẇȧȧƞŧ ŧǿǿ řḗḗŧřẏ?","errorProposal":"ƈȧȧŀƈŭŭŀȧȧŧīīƞɠ ƥřǿǿƥǿǿşȧȧŀş","errorFriends":"řḗḗŧřīīḗḗṽīīƞɠ ƒřīīḗḗƞḓş","errorLinking":"ŀīīƞķīīƞɠ ƈǿǿƞŧȧȧƈŧ","timeout1":{"value":["Ḗḗẋƈḗḗḗḗḓḗḗḓ ŧīīḿḗḗǿǿŭŭŧ ",{"type":"idOrVar","name":"from"}]},"timeout2":"Ḓǿǿ ẏǿǿŭŭ ẇȧȧƞŧ ŧǿǿ řḗḗŧřẏ?","timeoutProposal":"ƈȧȧŀƈŭŭŀȧȧŧīīƞɠ ƥřǿǿƥǿǿşȧȧŀş","timeoutFriends":"řḗḗŧřīīḗḗṽīīƞɠ ƒřīīḗḗƞḓş","timeoutLinking":"ŀīīƞķīīƞɠ ƈǿǿƞŧȧȧƈŧş","wait1":"Ƥŀḗḗȧȧşḗḗ ħǿǿŀḓ ǿǿƞ","wait2":"Ŧħīīş ḿȧȧẏ ŧȧȧķḗḗ ȧȧ ƈǿǿŭŭƥŀḗḗ ǿǿƒ ḿīīƞŭŭŧḗḗş","waitProposal":"Ƥŀḗḗȧȧşḗḗ ħǿǿŀḓ ǿǿƞ. Ẇḗḗ ȧȧřḗḗ ƈȧȧŀƈŭŭŀȧȧŧīīƞɠ ȧȧ ƥřǿǿƥǿǿşȧȧŀ.","waitFriends":"Ƥŀḗḗȧȧşḗḗ ħǿǿŀḓ ǿǿƞ. Ẇḗḗ ȧȧřḗḗ ƈǿǿƞƞḗḗƈŧīīƞɠ ŧǿǿ ǿǿƀŧȧȧīīƞ ẏǿǿŭŭř ƒřīīḗḗƞḓ ŀīīşŧ.","curtainCancel":"Ƈȧȧƞƈḗḗŀ","curtainRetry":"Řḗḗŧřẏ","curtainOK":"ǾǿĶ","connectionLost":"Ƞǿǿ Īīƞŧḗḗřƞḗḗŧ ƈǿǿƞƞḗḗƈŧīīǿǿƞ","connectionLostMsg":"Ƒřīīḗḗƞḓş’ ƥħǿǿŧǿǿş ẇīīŀŀ ƞǿǿŧ ƀḗḗ ȧȧḓḓḗḗḓ ŧǿǿ ẏǿǿŭŭř ƈǿǿƞŧȧȧƈŧş. Ƈǿǿƞŧīīƞŭŭḗḗ ȧȧƞẏẇȧȧẏ?","yesOption":"ǾǿĶ","noOption":"Ƈȧȧƞƈḗḗŀ","notificationLogin":"Ẏǿǿŭŭř Ƒȧȧƈḗḗƀǿǿǿǿķ şḗḗşşīīǿǿƞ īīş īīƞṽȧȧŀīīḓ. Ƥŀḗḗȧȧşḗḗ şīīɠƞ īīƞ.","syncError":"Ŧħḗḗřḗḗ ẇȧȧş ȧȧƞ ḗḗřřǿǿř şẏƞƈħřǿǿƞīīẑīīƞɠ ẏǿǿŭŭř ƒřīīḗḗƞḓ’ş ḓȧȧŧȧȧ","brandShortName":"Ƒǿǿẋƒǿǿǿǿḓ","browserBrandShortName":"Ƒǿǿẋƒǿǿǿǿḓ","browserBrandFullName":"Ḿǿǿẑīīŀŀȧȧ Ƒǿǿẋƒǿǿǿǿḓ Ƈǿǿḿḿŭŭƞīīŧẏ Ḗḗḓīīŧīīǿǿƞ","ringtoneBrandName":"Ḓḗḗƒȧȧŭŭŀŧ","ringtoneSectionBrandName":"Şẏşŧḗḗḿ"}