{"tz-region":"‮ᴚǝƃıou‬","tz-city":"‮Ↄıʇʎ‬","tzRegion-Africa":"‮∀ɟɹıɔɐ‬","tzRegion-America":"‮∀ɯǝɹıɔɐ‬","tzRegion-Antarctica":"‮∀uʇɐɹɔʇıɔɐ‬","tzRegion-Asia":"‮∀sıɐ‬","tzRegion-Atlantic":"‮∀ʇʅɐuʇıɔ‬ ‮Oɔǝɐu‬","tzRegion-Australia":"‮∀nsʇɹɐʅıɐ‬","tzRegion-Europe":"‮Ǝnɹodǝ‬","tzRegion-Indian":"‮Iupıɐu‬ ‮Oɔǝɐu‬","tzRegion-Pacific":"‮Ԁɐɔıɟıɔ‬ ‮Oɔǝɐu‬","pincode2":"‮Ǝuʇǝɹ‬ ‮ԀIN‬ ‮ɔopǝ‬","type_pin":"‮⊥ʎdǝ‬ ‮ʎonɹ‬ ‮ԀIN‬ ‮ɔopǝ‬","pincodeLabel":{"value":["‮SIW‬ ",{"type":"idOrVar","name":"n"}," ‮ԀIN‬"]},"pinValidation":"‮ԀIN‬ ‮ɯnsʇ‬ ‮ɥɐʌǝ‬ ‮qǝʇʍǝǝu‬ 4 ‮ɐup‬ 8 ‮ɔɥɐɹɐɔʇǝɹs‬.","pinError":"‮⊥ɥǝ‬ ‮ԀIN‬ ‮ʍɐs‬ ‮ıuɔoɹɹǝɔʇ‬.","pinAttemptMsg2":{"value":{"one":"‮ʎon‬ ‮ɥɐʌǝ‬ ‮ouǝ‬ ‮ʇɹʎ‬ ‮ʅǝɟʇ‬ ‮ʇo‬ ‮ǝuʇǝɹ‬ ‮ʇɥǝ‬ ‮ɔoɹɹǝɔʇ‬ ‮ɔopǝ‬ ‮qǝɟoɹǝ‬ ‮ʅoɔʞıuƃ‬ ‮ʇɥǝ‬ ‮SIW‬ ‮ɔɐɹp‬.","two":["‮ʎon‬ ‮ɥɐʌǝ‬ ",{"type":"idOrVar","name":"n"}," ‮ʇɹıǝs‬ ‮ʅǝɟʇ‬ ‮ʇo‬ ‮ǝuʇǝɹ‬ ‮ʇɥǝ‬ ‮ɔoɹɹǝɔʇ‬ ‮ɔopǝ‬ ‮qǝɟoɹǝ‬ ‮ʅoɔʞıuƃ‬ ‮ʇɥǝ‬ ‮SIW‬ ‮ɔɐɹp‬."],"few":["‮ʎon‬ ‮ɥɐʌǝ‬ ",{"type":"idOrVar","name":"n"}," ‮ʇɹıǝs‬ ‮ʅǝɟʇ‬ ‮ʇo‬ ‮ǝuʇǝɹ‬ ‮ʇɥǝ‬ ‮ɔoɹɹǝɔʇ‬ ‮ɔopǝ‬ ‮qǝɟoɹǝ‬ ‮ʅoɔʞıuƃ‬ ‮ʇɥǝ‬ ‮SIW‬ ‮ɔɐɹp‬."],"many":["‮ʎon‬ ‮ɥɐʌǝ‬ ",{"type":"idOrVar","name":"n"}," ‮ʇɹıǝs‬ ‮ʅǝɟʇ‬ ‮ʇo‬ ‮ǝuʇǝɹ‬ ‮ʇɥǝ‬ ‮ɔoɹɹǝɔʇ‬ ‮ɔopǝ‬ ‮qǝɟoɹǝ‬ ‮ʅoɔʞıuƃ‬ ‮ʇɥǝ‬ ‮SIW‬ ‮ɔɐɹp‬."],"other":["‮ʎon‬ ‮ɥɐʌǝ‬ ",{"type":"idOrVar","name":"n"}," ‮ʇɹıǝs‬ ‮ʅǝɟʇ‬ ‮ʇo‬ ‮ǝuʇǝɹ‬ ‮ʇɥǝ‬ ‮ɔoɹɹǝɔʇ‬ ‮ɔopǝ‬ ‮qǝɟoɹǝ‬ ‮ʅoɔʞıuƃ‬ ‮ʇɥǝ‬ ‮SIW‬ ‮ɔɐɹp‬."]},"index":[{"type":"call","expr":{"type":"prop","expr":{"type":"glob","name":"cldr"},"prop":"plural","cmpt":false},"args":[{"type":"idOrVar","name":"n"}]}]},"pinLastChanceMsg":"‮⊥ɥıs‬ ‮ıs‬ ‮ʎonɹ‬ ‮ʅɐsʇ‬ ‮ɔɥɐuɔǝ‬ ‮ʇo‬ ‮ǝuʇǝɹ‬ ‮ʇɥǝ‬ ‮ɔoɹɹǝɔʇ‬ ‮ԀIN‬. ‮Oʇɥǝɹʍısǝ‬, ‮ʎon‬ ‮ɯnsʇ‬ ‮ǝuʇǝɹ‬ ‮ʇɥǝ‬ ‮Ԁ∩Ӽ‬ ‮ɔopǝ‬ ‮ʇo‬ ‮nsǝ‬ ‮ʇɥıs‬ ‮SIW‬ ‮ɔɐɹp‬.","pukcode":"‮Ǝuʇǝɹ‬ ‮Ԁ∩Ӽ‬ ‮ɔopǝ‬","pukcodeTitle":{"value":["‮Ǝuʇǝɹ‬ ‮SIW‬ ",{"type":"idOrVar","name":"n"}," ‮Ԁ∩Ӽ‬"]},"pukcodeLabel":{"value":["‮SIW‬ ",{"type":"idOrVar","name":"n"}," ‮Ԁ∩Ӽ‬"]},"type_puk":"‮Ԁ∩Ӽ‬ ‮ɔopǝ‬","pukValidation":"‮Ԁ∩Ӽ‬ ‮ɔopǝ‬ ‮ɯnsʇ‬ ‮ɥɐʌǝ‬ ‮ǝxɐɔʇʅʎ‬ 8 ‮ɔɥɐɹɐɔʇǝɹs‬.","pukInfo":"‮ʎon‬ ‮ɯnsʇ‬ ‮ǝuʇǝɹ‬ ‮ʇɥǝ‬ ‮Ԁǝɹsouɐʅ‬ ‮∩uʅoɔʞıuƃ‬ ‮Ӽǝʎ‬ (‮Ԁ∩Ӽ‬) ‮Ↄopǝ‬ ‮ɟoɹ‬ ‮ʇɥǝ‬ ‮SIW‬ ‮ɔɐɹp‬. ‮ᴚǝɟǝɹ‬ ‮ʇo‬ ‮ʎonɹ‬ ‮SIW‬ ‮ɔɐɹp‬ ‮poɔnɯǝuʇɐʇıou‬ ‮oɹ‬ ‮ɔouʇɐɔʇ‬ ‮ʎonɹ‬ ‮ɔɐɹɹıǝɹ‬ ‮ɟoɹ‬ ‮ɯoɹǝ‬ ‮ıuɟoɹɯɐʇıou‬.","pukError":"‮⊥ɥǝ‬ ‮Ԁ∩Ӽ‬ ‮ʍɐs‬ ‮ıuɔoɹɹǝɔʇ‬.","pukAttemptMsg2":{"value":{"one":"‮ʎon‬ ‮ɥɐʌǝ‬ ‮ouǝ‬ ‮ʇɹʎ‬ ‮ʅǝɟʇ‬ ‮ʇo‬ ‮ǝuʇǝɹ‬ ‮ʇɥǝ‬ ‮ɔoɹɹǝɔʇ‬ ‮ɔopǝ‬ ‮qǝɟoɹǝ‬ ‮ʇɥıs‬ ‮SIW‬ ‮ɔɐɹp‬ ‮ʍıʅʅ‬ ‮qǝ‬ ‮dǝɹɯɐuǝuʇʅʎ‬ ‮nunsɐqʅǝ‬. ‮ᴚǝɟǝɹ‬ ‮ʇo‬ ‮ʎonɹ‬ ‮SIW‬ ‮ɔɐɹp‬ ‮poɔnɯǝuʇɐʇıou‬ ‮oɹ‬ ‮ɔouʇɐɔʇ‬ ‮ʎonɹ‬ ‮ɔɐɹɹıǝɹ‬ ‮ɟoɹ‬ ‮ɯoɹǝ‬ ‮ıuɟoɹɯɐʇıou‬.","two":["‮ʎon‬ ‮ɥɐʌǝ‬ ",{"type":"idOrVar","name":"n"}," ‮ʇɹıǝs‬ ‮ʅǝɟʇ‬ ‮ʇo‬ ‮ǝuʇǝɹ‬ ‮ʇɥǝ‬ ‮ɔoɹɹǝɔʇ‬ ‮ɔopǝ‬ ‮qǝɟoɹǝ‬ ‮ʇɥıs‬ ‮SIW‬ ‮ɔɐɹp‬ ‮ʍıʅʅ‬ ‮qǝ‬ ‮dǝɹɯɐuǝuʇʅʎ‬ ‮nunsɐqʅǝ‬. ‮ᴚǝɟǝɹ‬ ‮ʇo‬ ‮ʎonɹ‬ ‮SIW‬ ‮ɔɐɹp‬ ‮poɔnɯǝuʇɐʇıou‬ ‮oɹ‬ ‮ɔouʇɐɔʇ‬ ‮ʎonɹ‬ ‮ɔɐɹɹıǝɹ‬ ‮ɟoɹ‬ ‮ɯoɹǝ‬ ‮ıuɟoɹɯɐʇıou‬."],"few":["‮ʎon‬ ‮ɥɐʌǝ‬ ",{"type":"idOrVar","name":"n"}," ‮ʇɹıǝs‬ ‮ʅǝɟʇ‬ ‮ʇo‬ ‮ǝuʇǝɹ‬ ‮ʇɥǝ‬ ‮ɔoɹɹǝɔʇ‬ ‮ɔopǝ‬ ‮qǝɟoɹǝ‬ ‮ʇɥıs‬ ‮SIW‬ ‮ɔɐɹp‬ ‮ʍıʅʅ‬ ‮qǝ‬ ‮dǝɹɯɐuǝuʇʅʎ‬ ‮nunsɐqʅǝ‬. ‮ᴚǝɟǝɹ‬ ‮ʇo‬ ‮ʎonɹ‬ ‮SIW‬ ‮ɔɐɹp‬ ‮poɔnɯǝuʇɐʇıou‬ ‮oɹ‬ ‮ɔouʇɐɔʇ‬ ‮ʎonɹ‬ ‮ɔɐɹɹıǝɹ‬ ‮ɟoɹ‬ ‮ɯoɹǝ‬ ‮ıuɟoɹɯɐʇıou‬."],"many":["‮ʎon‬ ‮ɥɐʌǝ‬ ",{"type":"idOrVar","name":"n"}," ‮ʇɹıǝs‬ ‮ʅǝɟʇ‬ ‮ʇo‬ ‮ǝuʇǝɹ‬ ‮ʇɥǝ‬ ‮ɔoɹɹǝɔʇ‬ ‮ɔopǝ‬ ‮qǝɟoɹǝ‬ ‮ʇɥıs‬ ‮SIW‬ ‮ɔɐɹp‬ ‮ʍıʅʅ‬ ‮qǝ‬ ‮dǝɹɯɐuǝuʇʅʎ‬ ‮nunsɐqʅǝ‬. ‮ᴚǝɟǝɹ‬ ‮ʇo‬ ‮ʎonɹ‬ ‮SIW‬ ‮ɔɐɹp‬ ‮poɔnɯǝuʇɐʇıou‬ ‮oɹ‬ ‮ɔouʇɐɔʇ‬ ‮ʎonɹ‬ ‮ɔɐɹɹıǝɹ‬ ‮ɟoɹ‬ ‮ɯoɹǝ‬ ‮ıuɟoɹɯɐʇıou‬."],"other":["‮ʎon‬ ‮ɥɐʌǝ‬ ",{"type":"idOrVar","name":"n"}," ‮ʇɹıǝs‬ ‮ʅǝɟʇ‬ ‮ʇo‬ ‮ǝuʇǝɹ‬ ‮ʇɥǝ‬ ‮ɔoɹɹǝɔʇ‬ ‮ɔopǝ‬ ‮qǝɟoɹǝ‬ ‮ʇɥıs‬ ‮SIW‬ ‮ɔɐɹp‬ ‮ʍıʅʅ‬ ‮qǝ‬ ‮dǝɹɯɐuǝuʇʅʎ‬ ‮nunsɐqʅǝ‬. ‮ᴚǝɟǝɹ‬ ‮ʇo‬ ‮ʎonɹ‬ ‮SIW‬ ‮ɔɐɹp‬ ‮poɔnɯǝuʇɐʇıou‬ ‮oɹ‬ ‮ɔouʇɐɔʇ‬ ‮ʎonɹ‬ ‮ɔɐɹɹıǝɹ‬ ‮ɟoɹ‬ ‮ɯoɹǝ‬ ‮ıuɟoɹɯɐʇıou‬."]},"index":[{"type":"call","expr":{"type":"prop","expr":{"type":"glob","name":"cldr"},"prop":"plural","cmpt":false},"args":[{"type":"idOrVar","name":"n"}]}]},"pukLastChanceMsg":"‮⊥ɥıs‬ ‮ıs‬ ‮ʎonɹ‬ ‮ʅɐsʇ‬ ‮ɔɥɐuɔǝ‬ ‮ʇo‬ ‮ǝuʇǝɹ‬ ‮ʇɥǝ‬ ‮ɔoɹɹǝɔʇ‬ ‮Ԁ∩Ӽ‬ ‮ɔopǝ‬. ‮ʎonɹ‬ ‮SIW‬ ‮ɔɐɹp‬ ‮ʍıʅʅ‬ ‮qǝ‬ ‮dǝɹɯɐuǝuʇʅʎ‬ ‮nunsɐqʅǝ‬ ‮ıɟ‬ ‮ʎon‬ ‮ǝuʇǝɹ‬ ‮ıu‬ ‮ʇɥǝ‬ ‮ʍɹouƃ‬ ‮Ԁ∩Ӽ‬ ‮ɔopǝ‬.","create_newpin":"‮Ↄɹǝɐʇǝ‬ ‮uǝʍ‬ ‮ԀIN‬ (4 ‮ʇo‬ 8 ‮pıƃıʇs‬)","confirm_newpin":"‮Ↄouɟıɹɯ‬ ‮uǝʍ‬ ‮ԀIN‬","newpinConfirmation":"‮ԀINs‬ ‮pou‬’‮ʇ‬ ‮ɯɐʇɔɥ‬","nckcode":"‮Ǝuʇǝɹ‬ ‮NↃӼ‬ ‮ɔopǝ‬","cckcode":"‮Ǝuʇǝɹ‬ ‮ↃↃӼ‬ ‮ɔopǝ‬","spckcode":"‮Ǝuʇǝɹ‬ ‮SԀↃӼ‬ ‮ɔopǝ‬","nck1code":"‮Ǝuʇǝɹ‬ ‮NↃӼ‬1 ‮ɔopǝ‬","nck2code":"‮Ǝuʇǝɹ‬ ‮NↃӼ‬2 ‮ɔopǝ‬","hnckcode":"‮Ǝuʇǝɹ‬ ‮HNↃӼ‬ ‮ɔopǝ‬","rcckcode":"‮Ǝuʇǝɹ‬ ‮ᴚↃↃӼ‬ ‮ɔopǝ‬","rspckcode":"‮Ǝuʇǝɹ‬ ‮ᴚSԀↃӼ‬ ‮ɔopǝ‬","nckcodeTitle":{"value":["‮Ǝuʇǝɹ‬ ‮SIW‬ ",{"type":"idOrVar","name":"n"}," ‮NↃӼ‬"]},"cckcodeTitle":{"value":["‮Ǝuʇǝɹ‬ ‮SIW‬ ",{"type":"idOrVar","name":"n"}," ‮ↃↃӼ‬"]},"spckcodeTitle":{"value":["‮Ǝuʇǝɹ‬ ‮SIW‬ ",{"type":"idOrVar","name":"n"}," ‮SԀↃӼ‬"]},"nck1codeTitle":{"value":["‮Ǝuʇǝɹ‬ ‮SIW‬ ",{"type":"idOrVar","name":"n"}," ‮NↃӼ‬1"]},"nck2codeTitle":{"value":["‮Ǝuʇǝɹ‬ ‮SIW‬ ",{"type":"idOrVar","name":"n"}," ‮NↃӼ‬2"]},"hnckcodeTitle":{"value":["‮Ǝuʇǝɹ‬ ‮SIW‬ ",{"type":"idOrVar","name":"n"}," ‮HNↃӼ‬"]},"rcckcodeTitle":{"value":["‮Ǝuʇǝɹ‬ ‮SIW‬ ",{"type":"idOrVar","name":"n"}," ‮ᴚↃↃӼ‬"]},"rspckcodeTitle":{"value":["‮Ǝuʇǝɹ‬ ‮SIW‬ ",{"type":"idOrVar","name":"n"}," ‮ᴚSԀↃӼ‬"]},"nckcodeLabel":{"value":["‮SIW‬ ",{"type":"idOrVar","name":"n"}," ‮NↃӼ‬"]},"cckcodeLabel":{"value":["‮SIW‬ ",{"type":"idOrVar","name":"n"}," ‮ↃↃӼ‬"]},"spckcodeLabel":{"value":["‮SIW‬ ",{"type":"idOrVar","name":"n"}," ‮SԀↃӼ‬"]},"nck1codeLabel":{"value":["‮SIW‬ ",{"type":"idOrVar","name":"n"}," ‮NↃӼ‬1"]},"nck2codeLabel":{"value":["‮SIW‬ ",{"type":"idOrVar","name":"n"}," ‮NↃӼ‬2"]},"hnckcodeLabel":{"value":["‮SIW‬ ",{"type":"idOrVar","name":"n"}," ‮HNↃӼ‬"]},"rcckcodeLabel":{"value":["‮SIW‬ ",{"type":"idOrVar","name":"n"}," ‮ᴚↃↃӼ‬"]},"rspckcodeLabel":{"value":["‮SIW‬ ",{"type":"idOrVar","name":"n"}," ‮ᴚSԀↃӼ‬"]},"type_nck":"‮⊥ʎdǝ‬ ‮ʎonɹ‬ ‮NↃӼ‬ ‮ɔopǝ‬","type_cck":"‮⊥ʎdǝ‬ ‮ʎonɹ‬ ‮ↃↃӼ‬ ‮ɔopǝ‬","type_spck":"‮⊥ʎdǝ‬ ‮ʎonɹ‬ ‮SԀↃӼ‬ ‮ɔopǝ‬","type_nck1":"‮⊥ʎdǝ‬ ‮ʎonɹ‬ ‮NↃӼ‬1 ‮ɔopǝ‬","type_nck2":"‮⊥ʎdǝ‬ ‮ʎonɹ‬ ‮NↃӼ‬2 ‮ɔopǝ‬","type_hnck":"‮⊥ʎdǝ‬ ‮ʎonɹ‬ ‮HNↃӼ‬ ‮ɔopǝ‬","type_rcck":"‮⊥ʎdǝ‬ ‮ʎonɹ‬ ‮ᴚↃↃӼ‬ ‮ɔopǝ‬","type_rspck":"‮⊥ʎdǝ‬ ‮ʎonɹ‬ ‮ᴚSԀↃӼ‬ ‮ɔopǝ‬","nckValidation":"‮NↃӼ‬ ‮ɯnsʇ‬ ‮ɥɐʌǝ‬ ‮qǝʇʍǝǝu‬ 8 ‮ɐup‬ 16 ‮ɔɥɐɹɐɔʇǝɹs‬.","cckValidation":"‮ↃↃӼ‬ ‮ɯnsʇ‬ ‮ɥɐʌǝ‬ ‮qǝʇʍǝǝu‬ 8 ‮ɐup‬ 16 ‮ɔɥɐɹɐɔʇǝɹs‬.","spckValidation":"‮SԀↃӼ‬ ‮ɯnsʇ‬ ‮ɥɐʌǝ‬ ‮qǝʇʍǝǝu‬ 8 ‮ɐup‬ 16 ‮ɔɥɐɹɐɔʇǝɹs‬.","nck1Validation":"‮NↃӼ‬1 ‮ɯnsʇ‬ ‮ɥɐʌǝ‬ ‮qǝʇʍǝǝu‬ 8 ‮ɐup‬ 16 ‮ɔɥɐɹɐɔʇǝɹs‬.","nck2Validation":"‮NↃӼ‬2 ‮ɯnsʇ‬ ‮ɥɐʌǝ‬ ‮qǝʇʍǝǝu‬ 8 ‮ɐup‬ 16 ‮ɔɥɐɹɐɔʇǝɹs‬.","hnckValidation":"‮HNↃӼ‬ ‮ɯnsʇ‬ ‮ɥɐʌǝ‬ ‮qǝʇʍǝǝu‬ 8 ‮ɐup‬ 16 ‮ɔɥɐɹɐɔʇǝɹs‬.","rcckValidation":"‮ᴚↃↃӼ‬ ‮ɯnsʇ‬ ‮ɥɐʌǝ‬ ‮qǝʇʍǝǝu‬ 8 ‮ɐup‬ 16 ‮ɔɥɐɹɐɔʇǝɹs‬.","rspckValidation":"‮ᴚSԀↃӼ‬ ‮ɯnsʇ‬ ‮ɥɐʌǝ‬ ‮qǝʇʍǝǝu‬ 8 ‮ɐup‬ 16 ‮ɔɥɐɹɐɔʇǝɹs‬.","nckErrorMsg":"‮⊥ɥǝ‬ ‮NↃӼ‬ ‮ɔopǝ‬ ‮ıs‬ ‮ıuɔoɹɹǝɔʇ‬.","nckAttemptMsg2":{"value":{"one":"‮Nǝʇʍoɹʞ‬ ‮pǝdǝɹsouɐʅızɐʇıou‬ ‮ɹǝbnǝsʇ‬ ‮ɟɐıʅnɹǝ‬. ‮ʎon‬ ‮ɥɐʌǝ‬ ‮ouǝ‬ ‮ʇɹʎ‬ ‮ʅǝɟʇ‬ ‮ʇo‬ ‮ǝuʇǝɹ‬ ‮ʇɥǝ‬ ‮ɔoɹɹǝɔʇ‬ ‮ɔopǝ‬. ‮ᴚǝɟǝɹ‬ ‮ʇo‬ ‮ʎonɹ‬ ‮pǝʌıɔǝ‬ ‮poɔnɯǝuʇɐʇıou‬ ‮oɹ‬ ‮ɔouʇɐɔʇ‬ ‮ʎonɹ‬ ‮ɔɐɹɹıǝɹ‬ ‮ɟoɹ‬ ‮ɯoɹǝ‬ ‮ıuɟoɹɯɐʇıou‬.","two":["‮Nǝʇʍoɹʞ‬ ‮pǝdǝɹsouɐʅızɐʇıou‬ ‮ɹǝbnǝsʇ‬ ‮ɟɐıʅnɹǝ‬. ‮ʎon‬ ‮ɥɐʌǝ‬ ",{"type":"idOrVar","name":"n"}," ‮ʇɹıǝs‬ ‮ʅǝɟʇ‬ ‮ʇo‬ ‮ǝuʇǝɹ‬ ‮ʇɥǝ‬ ‮ɔoɹɹǝɔʇ‬ ‮ɔopǝ‬. ‮ᴚǝɟǝɹ‬ ‮ʇo‬ ‮ʎonɹ‬ ‮pǝʌıɔǝ‬ ‮poɔnɯǝuʇɐʇıou‬ ‮oɹ‬ ‮ɔouʇɐɔʇ‬ ‮ʎonɹ‬ ‮ɔɐɹɹıǝɹ‬ ‮ɟoɹ‬ ‮ɯoɹǝ‬ ‮ıuɟoɹɯɐʇıou‬."],"few":["‮Nǝʇʍoɹʞ‬ ‮pǝdǝɹsouɐʅızɐʇıou‬ ‮ɹǝbnǝsʇ‬ ‮ɟɐıʅnɹǝ‬. ‮ʎon‬ ‮ɥɐʌǝ‬ ",{"type":"idOrVar","name":"n"}," ‮ʇɹıǝs‬ ‮ʅǝɟʇ‬ ‮ʇo‬ ‮ǝuʇǝɹ‬ ‮ʇɥǝ‬ ‮ɔoɹɹǝɔʇ‬ ‮ɔopǝ‬. ‮ᴚǝɟǝɹ‬ ‮ʇo‬ ‮ʎonɹ‬ ‮pǝʌıɔǝ‬ ‮poɔnɯǝuʇɐʇıou‬ ‮oɹ‬ ‮ɔouʇɐɔʇ‬ ‮ʎonɹ‬ ‮ɔɐɹɹıǝɹ‬ ‮ɟoɹ‬ ‮ɯoɹǝ‬ ‮ıuɟoɹɯɐʇıou‬."],"many":["‮Nǝʇʍoɹʞ‬ ‮pǝdǝɹsouɐʅızɐʇıou‬ ‮ɹǝbnǝsʇ‬ ‮ɟɐıʅnɹǝ‬. ‮ʎon‬ ‮ɥɐʌǝ‬ ",{"type":"idOrVar","name":"n"}," ‮ʇɹıǝs‬ ‮ʅǝɟʇ‬ ‮ʇo‬ ‮ǝuʇǝɹ‬ ‮ʇɥǝ‬ ‮ɔoɹɹǝɔʇ‬ ‮ɔopǝ‬. ‮ᴚǝɟǝɹ‬ ‮ʇo‬ ‮ʎonɹ‬ ‮pǝʌıɔǝ‬ ‮poɔnɯǝuʇɐʇıou‬ ‮oɹ‬ ‮ɔouʇɐɔʇ‬ ‮ʎonɹ‬ ‮ɔɐɹɹıǝɹ‬ ‮ɟoɹ‬ ‮ɯoɹǝ‬ ‮ıuɟoɹɯɐʇıou‬."],"other":["‮Nǝʇʍoɹʞ‬ ‮pǝdǝɹsouɐʅızɐʇıou‬ ‮ɹǝbnǝsʇ‬ ‮ɟɐıʅnɹǝ‬. ‮ʎon‬ ‮ɥɐʌǝ‬ ",{"type":"idOrVar","name":"n"}," ‮ʇɹıǝs‬ ‮ʅǝɟʇ‬ ‮ʇo‬ ‮ǝuʇǝɹ‬ ‮ʇɥǝ‬ ‮ɔoɹɹǝɔʇ‬ ‮ɔopǝ‬. ‮ᴚǝɟǝɹ‬ ‮ʇo‬ ‮ʎonɹ‬ ‮pǝʌıɔǝ‬ ‮poɔnɯǝuʇɐʇıou‬ ‮oɹ‬ ‮ɔouʇɐɔʇ‬ ‮ʎonɹ‬ ‮ɔɐɹɹıǝɹ‬ ‮ɟoɹ‬ ‮ɯoɹǝ‬ ‮ıuɟoɹɯɐʇıou‬."]},"index":[{"type":"call","expr":{"type":"prop","expr":{"type":"glob","name":"cldr"},"prop":"plural","cmpt":false},"args":[{"type":"idOrVar","name":"n"}]}]},"nckLastChanceMsg":"‮Nǝʇʍoɹʞ‬ ‮pǝdǝɹsouɐʅızɐʇıou‬ ‮ɹǝbnǝsʇ‬ ‮ɟɐıʅnɹǝ‬. ‮˥ɐsʇ‬ ‮ɔɥɐuɔǝ‬ ‮ʇo‬ ‮ǝuʇǝɹ‬ ‮ʇɥǝ‬ ‮ɔoɹɹǝɔʇ‬ ‮NↃӼ‬ ‮ɔopǝ‬. ‮ᴚǝɟǝɹ‬ ‮ʇo‬ ‮ʎonɹ‬ ‮pǝʌıɔǝ‬ ‮poɔnɯǝuʇɐʇıou‬ ‮oɹ‬ ‮ɔouʇɐɔʇ‬ ‮ʎonɹ‬ ‮ɔɐɹɹıǝɹ‬ ‮ɟoɹ‬ ‮ɯoɹǝ‬ ‮ıuɟoɹɯɐʇıou‬.","skip":"‮Sʞıd‬","send":"‮Sǝup‬","ok":"‮OӼ‬","simLocked":"‮⊥ɥǝ‬ ‮SIW‬ ‮ɔɐɹp‬ ‮ıs‬ ‮ʅoɔʞǝp‬","inputCodeRetriesLeft":{"value":{"one":"‮˥ɐsʇ‬ ‮ʇɹʎ‬.","two":[{"type":"idOrVar","name":"n"}," ‮ʇɹıǝs‬ ‮ʅǝɟʇ‬."],"few":[{"type":"idOrVar","name":"n"}," ‮ʇɹıǝs‬ ‮ʅǝɟʇ‬."],"many":[{"type":"idOrVar","name":"n"}," ‮ʇɹıǝs‬ ‮ʅǝɟʇ‬."],"other":[{"type":"idOrVar","name":"n"}," ‮ʇɹıǝs‬ ‮ʅǝɟʇ‬."]},"index":[{"type":"call","expr":{"type":"prop","expr":{"type":"glob","name":"cldr"},"prop":"plural","cmpt":false},"args":[{"type":"idOrVar","name":"n"}]}]},"simManager":"‮SIW‬ ‮Wɐuɐƃǝɹ‬","simDetail":{"value":["‮SIW‬ ",{"type":"idOrVar","name":"n"}]},"simDefault":"(‮pǝɟɐnʅʇ‬)","simDefaultMessage":"‮Onʇƃoıuƃ‬ ‮ɔɐʅʅs‬, ‮onʇƃoıuƃ‬ ‮ɯǝssɐƃǝs‬ ‮ɐup‬ ‮pɐʇɐ‬ ‮ɔouuǝɔʇıou‬ ‮ɐɹǝ‬ ‮sǝʇ‬ ‮ʇo‬ ‮SIW‬ 1 ‮ɐs‬ ‮pǝɟɐnʅʇ‬","simSettingsMessage":"‮ʎon‬ ‮ɔɐu‬ ‮ɔɥɐuƃǝ‬ ‮pǝɟɐnʅʇ‬ ‮sǝʇʇıuƃs‬ ‮ɐʇ‬ ‮Sǝʇʇıuƃs‬ > ‮SIW‬ ‮ɯɐuɐƃǝɹ‬","simPinLocked":"‮SIW‬ ‮ԀIN‬ ‮ʅoɔʞǝp‬","noOperator":"‮No‬ ‮odǝɹɐʇoɹ‬","searchingOperator":"‮Sǝɐɹɔɥıuƃ‬","language":"‮˥ɐuƃnɐƃǝ‬","3g":"‮Ↄǝʅʅnʅɐɹ‬ ‮pɐʇɐ‬","dataConnection":"‮Ǝuɐqʅǝ‬ ‮pɐʇɐ‬","dataConnectionInfo":"‮Ǝuɐqʅıuƃ‬ ‮pɐʇɐ‬ ‮ɔouuǝɔʇıou‬ ‮uoʍ‬ ‮ʍıʅʅ‬ ‮ɐʅʅoʍ‬ ‮ʎon‬ ‮ʇo‬ ‮sǝʇ‬ ‮nd‬ ‮ʎonɹ‬ ‮dɥouǝ‬ ‮ʍıʇɥonʇ‬ ‮ɐ‬ ‮Ｍı‬-‮ɟı‬ ‮ɔouuǝɔʇıou‬. ‮ʎon‬ ‮ɯɐʎ‬ ‮ɐʅso‬ ‮ǝuɐqʅǝ‬ ‮ıʇ‬ ‮ʅɐʇǝɹ‬ ‮ou‬ ‮ıu‬ ‮Sǝʇʇıuƃs‬. ‮ſnsʇ‬ ‮ɯɐʞǝ‬ ‮snɹǝ‬ ‮ʎon‬ ‮ɥɐʌǝ‬ ‮ɐ‬ ‮pɐʇɐ‬ ‮dʅɐu‬ ‮ʍıʇɥ‬ ‮ʎonɹ‬ ‮ɔɐɹɹıǝɹ‬ ‮ʇo‬ ‮ɐʌoıp‬ ‮doʇǝuʇıɐʅʅʎ‬ ‮ɥǝɟʇʎ‬ ‮ɔɥɐɹƃǝs‬.","caution":"‮Ｍɐɹuıuƃ‬","geolocation":"‮פǝoʅoɔɐʇıou‬","geolocationCheckbox":"‮Ǝuɐqʅǝ‬ ‮פǝoʅoɔɐʇıou‬","geolocationInfo2":{"value":[{"type":"idOrVar","name":"brandShortName"}," ‮nsǝs‬ ‮pɐʇɐ‬ ‮snɔɥ‬ ‮ɐs‬ ‮פԀS‬, ‮Ｍı‬-‮ɟı‬, ‮ɐup‬ ‮ɯoqıʅǝ‬ ‮uǝʇʍoɹʞs‬ ‮uǝɐɹ‬ ‮ʎon‬ ‮ʇo‬ ‮ɥǝʅd‬ ‮pǝʇǝɹɯıuǝ‬ ‮ʎonɹ‬ ‮ɐddɹoxıɯɐʇǝ‬ ‮ʅoɔɐʇıou‬."]},"geolocationInfoMore":"‮pɐʇɐ‬ ‮ıs‬ ‮sǝuʇ‬ ‮ʇo‬ ‮Wozıʅʅɐ‬ ‮ɐup‬ ‮oʇɥǝɹ‬ ‮sǝɹʌıɔǝ‬ ‮dɹoʌıpǝɹs‬ ‮ɐup‬ ‮ʍıʅʅ‬ ‮qǝ‬ ‮nsǝp‬ ‮ıu‬ ‮ʇɥǝ‬ ‮ɐƃƃɹǝƃɐʇǝ‬ ‮ʇo‬ ‮ıɯdɹoʌǝ‬ ‮ʇɥosǝ‬ ‮ʅoɔɐʇıou‬ ‮pɐʇɐqɐsǝs‬.  ‮pɐʇɐ‬ ‮ɯɐʎ‬ ‮qǝ‬ ‮sʇoɹǝp‬ ‮ou‬ ‮ʎonɹ‬ ‮pǝʌıɔǝ‬ ‮ɐup‬ ‮pɐʇɐ‬ ‮ɔoʅʅǝɔʇıou‬ ‮ɯɐʎ‬ ‮oɔɔnɹ‬ ‮ǝʌǝu‬ ‮ʍɥǝu‬ ‮uo‬ ‮ɐdds‬ ‮ɐɹǝ‬ ‮ɹnuuıuƃ‬.","notice":"‮Noʇıɔǝ‬","aboutYourPrivacy":"‮Woɹǝ‬ ‮ɐqonʇ‬ ‮ʎonɹ‬ ‮dɹıʌɐɔʎ‬","scanningNetworks":"‮Sɔɐuuıuƃ‬ ‮ɟoɹ‬ ‮uǝʇʍoɹʞs‬","selectNetwork":"‮Sǝʅǝɔʇ‬ ‮ɐ‬ ‮uǝʇʍoɹʞ‬","shortStatus-connecting":"‮Ↄouuǝɔʇıuƃ‬…","shortStatus-associated":"‮Oqʇɐıuıuƃ‬ ‮ɐu‬ ‮IԀ‬ ‮ɐppɹǝss‬…","shortStatus-connected":"‮Ↄouuǝɔʇǝp‬","shortStatus-connectingfailed":"‮Ↄouuǝɔʇıou‬ ‮ɟɐıʅǝp‬","shortStatus-disconnected":"‮Oɟɟʅıuǝ‬","securedBy":{"value":["‮sǝɔnɹǝp‬ ‮qʎ‬ ",{"type":"idOrVar","name":"capabilities"}]},"security":"‮Sǝɔnɹıʇʎ‬","securityNone":"‮Nouǝ‬","securityWEP":"‮ＭƎԀ‬","securityWPA-PSK":"‮ＭԀ∀‬-‮ԀSӼ‬","securityWPA-EAP":"‮ＭԀ∀‬-‮Ǝ∀Ԁ‬","securityOpen":{"value":"‮Odǝu‬","attrs":{"ariaLabel":"‮Sǝɔnɹıʇʎ‬"}},"identity":"‮∩sǝɹ‬","identityInput":{"attrs":{"placeholder":"‮∩sǝɹ‬"}},"password":"‮Ԁɐssʍoɹp‬","passwordInput":{"attrs":{"placeholder":"‮Ԁɐssʍoɹp‬"}},"showPassword":"‮Sɥoʍ‬ ‮Ԁɐssʍoɹp‬","refresh":"‮ᴚǝɟɹǝsɥ‬","noWifiFound3":"‮No‬ ‮ʍıɹǝʅǝss‬ ‮uǝʇʍoɹʞs‬ ‮ɟonup‬","join-hidden-button":"‮ſoıu‬ ‮ɥıppǝu‬ ‮uǝʇʍoɹʞ‬","authentication":"‮∀nʇɥǝuʇıɔɐʇıou‬","ssid-name":"‮SSIp‬ ‮Nǝʇʍoɹʞ‬ ‮Nɐɯǝ‬","wifiLevel":{"attrs":{"ariaLabel":{"value":[{"type":"idOrVar","name":"level"}," ‮oɟ‬ 4 ‮qɐɹs‬"]}}},"networksList":{"attrs":{"ariaLabel":"‮Nǝʇʍoɹʞs‬ ‮ɟonup‬"}},"dateAndTime":"‮pɐʇǝ‬ & ‮⊥ıɯǝ‬","timezoneTitle":{"value":["‮∩⊥Ↄ‬",{"type":"idOrVar","name":"utcOffset"}," ",{"type":"idOrVar","name":"region"},"/",{"type":"idOrVar","name":"city"}]},"timeZone":"‮⊥ıɯǝ‬ ‮zouǝ‬","change":"‮Ↄɥɐuƃǝ‬","region":{"attrs":{"ariaLabel":"‮ᴚǝƃıou‬"}},"city":{"attrs":{"ariaLabel":"‮Ↄıʇʎ‬"}},"date":{"attrs":{"ariaLabel":"‮pɐʇǝ‬"}},"time":{"attrs":{"ariaLabel":"‮⊥ıɯǝ‬"}},"importContacts3":"‮Iɯdoɹʇ‬ ‮ɔouʇɐɔʇs‬","importSim2":"‮SIW‬ ‮ɔɐɹp‬","importOutlook":"‮Onʇʅooʞ‬","importGmail":"‮פɯɐıʅ‬","notImportedYet":"‮Noʇ‬ ‮ıɯdoɹʇǝp‬ ‮ʎǝʇ‬","otherAccount":"‮Oʇɥǝɹ‬ ‮ɐɔɔonuʇs‬","firefox-accounts":"‮ɟıɹǝɟox‬ ‮∀ɔɔonuʇs‬","fxa-upsell":"‮∀‬ ‮ɟıɹǝɟox‬ ‮∀ɔɔonuʇ‬ ‮ʅǝʇs‬ ‮ʎon‬ ‮ɟıup‬ ‮ɐ‬ ‮ʅosʇ‬ ‮dɥouǝ‬ ‮ɐup‬ ‮qnʎ‬ ‮ɐdds‬ ‮ɟɹoɯ‬ ‮ʇɥǝ‬ ‮ɟıɹǝɟox‬ ‮Wɐɹʞǝʇdʅɐɔǝ‬.","fxa-create-account-or-sign-in":"‮Ↄɹǝɐʇǝ‬ ‮∀ɔɔonuʇ‬ ‮oɹ‬ ‮Sıƃu‬ ‮Iu‬","fxa-email-sent":{"value":["‮∀‬ ‮ʌǝɹıɟıɔɐʇıou‬ ‮ʅıuʞ‬ ‮ɥɐs‬ ‮qǝǝu‬ ‮sǝuʇ‬ ‮ʇo‬ ",{"type":"idOrVar","name":"email"}]},"fxa-signed-in":{"value":["‮Sıƃuǝp‬ ‮ıu‬ ‮ɐs‬ ",{"type":"idOrVar","name":"email"}]},"about-your-rights-0":{"value":[{"type":"idOrVar","name":"brandShortName"}," ‮ıs‬ ‮qnıʅʇ‬ ‮ou‬ ‮ɟɹǝǝ‬ ‮ɐup‬ ‮odǝu‬ ‮sonɹɔǝ‬ ‮soɟʇʍɐɹǝ‬ ‮qʎ‬ ‮ɐ‬ ‮ɔoɯɯnuıʇʎ‬ ‮oɟ‬ ‮ʇɥonsɐups‬ ‮ɟɹoɯ‬ ‮ɐʅʅ‬ ‮oʌǝɹ‬ ‮ʇɥǝ‬ ‮ʍoɹʅp‬. ‮⊥ɥǝɹǝ‬ ‮ɐɹǝ‬ ‮ɐ‬ ‮ɟǝʍ‬ ‮ʇɥıuƃs‬ ‮ʎon‬ ‮sɥonʅp‬ ‮ʞuoʍ‬:"]},"about-your-rights-1":{"value":[{"type":"idOrVar","name":"brandShortName"}," ‮ıs‬ ‮ɯɐpǝ‬ ‮ɐʌɐıʅɐqʅǝ‬ ‮ʇo‬ ‮ʎon‬ ‮nupǝɹ‬ ‮ʇɥǝ‬ ‮ʇǝɹɯs‬ ‮oɟ‬ ‮sǝʌǝɹɐʅ‬ ‮odǝu‬ ‮sonɹɔǝ‬ ‮ʅıɔǝusǝs‬ ‮ıuɔʅnpıuƃ‬ ‮ʇɥǝ‬ ‮Wozıʅʅɐ‬ ‮Ԁnqʅıɔ‬ ‮˥ıɔǝusǝ‬. ‮∀‬ ‮pǝʌıɔǝ‬ ‮ɹnuuıuƃ‬ ",{"type":"idOrVar","name":"brandShortName"}," ‮ɯɐʎ‬ ‮ɐʅso‬ ‮ɔouʇɐıu‬ ‮dɹodɹıǝʇɐɹʎ‬ ‮soɟʇʍɐɹǝ‬ ‮ɟɹoɯ‬ ‮ʇɥıɹp‬ ‮dɐɹʇıǝs‬. ‮∀uʎ‬ ‮ɔopǝ‬ ‮dɹoʌıpǝp‬ ‮nupǝɹ‬ ‮odǝu‬ ‮ʅıɔǝusǝs‬ ‮ƃıʌǝ‬ ‮ʎon‬ ‮ʇɥǝ‬ ‮ɹıƃɥʇ‬ ‮ʇo‬ ‮ɯopıɟʎ‬ ‮ʇɥǝ‬ ‮sonɹɔǝ‬ ‮ɔopǝ‬ ‮ɐup‬ ‮pısʇɹıqnʇǝ‬ ‮ʎonɹ‬ ‮ɯopıɟıǝp‬ ‮ʌǝɹsıous‬ ‮ɐs‬ ‮ʅouƃ‬ ‮ɐs‬ ‮ʎon‬ ‮ɔoɯdʅʎ‬ ‮ʍıʇɥ‬ ‮ʇɥǝıɹ‬ ‮ʇǝɹɯs‬."]},"about-your-rights-2":{"value":["‮ʎon‬ ‮ɐɹǝ‬ ‮uoʇ‬ ‮ƃɹɐuʇǝp‬ ‮ɐuʎ‬ ‮ʇɹɐpǝɯɐɹʞ‬ ‮ɹıƃɥʇs‬ ‮oɹ‬ ‮ʅıɔǝusǝs‬ ‮ʇo‬ ‮ʇɥǝ‬ ‮ʇɹɐpǝɯɐɹʞs‬ ‮oɟ‬ ‮ʇɥǝ‬ ‮Wozıʅʅɐ‬ ‮ɟonupɐʇıou‬ ‮oɹ‬ ‮ɐuʎ‬ ‮dɐɹʇʎ‬, ‮ıuɔʅnpıuƃ‬ ‮ʍıʇɥonʇ‬ ‮ʅıɯıʇɐʇıou‬ ‮ʇɥǝ‬ ",{"type":"idOrVar","name":"brandShortName"}," ‮uɐɯǝ‬ ‮oɹ‬ ‮ʅoƃo‬."]},"about-your-rights-3":{"value":["‮Soɯǝ‬ ‮ɟǝɐʇnɹǝs‬ ‮ıu‬ ",{"type":"idOrVar","name":"brandShortName"},", ‮snɔɥ‬ ‮ɐs‬ ‮ʇɥǝ‬ ‮Ↄɹɐsɥ‬ ‮ᴚǝdoɹʇǝɹ‬, ‮ƃıʌǝ‬ ‮ʎon‬ ‮ʇɥǝ‬ ‮odʇıou‬ ‮ʇo‬ ‮dɹoʌıpǝ‬ ‮ɟǝǝpqɐɔʞ‬ ‮ʇo‬ ‮Wozıʅʅɐ‬. ‮Ԑʎ‬ ‮ɔɥoosıuƃ‬ ‮ʇo‬ ‮snqɯıʇ‬ ‮ɟǝǝpqɐɔʞ‬, ‮ʎon‬ ‮ƃıʌǝ‬ ‮Wozıʅʅɐ‬ ‮dǝɹɯıssıou‬ ‮ʇo‬ ‮nsǝ‬ ‮ʇɥǝ‬ ‮ɟǝǝpqɐɔʞ‬ ‮ʇo‬ ‮ıɯdɹoʌǝ‬ ‮ıʇs‬ ‮dɹopnɔʇs‬, ‮ʇo‬ ‮dnqʅısɥ‬ ‮ʇɥǝ‬ ‮ɟǝǝpqɐɔʞ‬ ‮ou‬ ‮ıʇs‬ ‮ʍǝqsıʇǝs‬, ‮ɐup‬ ‮ʇo‬ ‮pısʇɹıqnʇǝ‬ ‮ʇɥǝ‬ ‮ɟǝǝpqɐɔʞ‬."]},"SIM_mandatory":"‮SIW‬ ‮Ↄɐɹp‬ ‮Ｍɐɹuıuƃ‬","SIM_mandatory_warm":"‮Ԁʅǝɐsǝ‬, ‮ıusǝɹʇ‬ ‮ɐ‬ ‮SIW‬ ‮ɔɐɹp‬ ‮ɐup‬ ‮ɹǝqooʇ‬ ‮ʎonɹ‬ ‮dɥouǝ‬.","telemetry-sends2":{"value":["‮⊥ǝʅǝɯǝʇɹʎ‬ ‮sǝups‬ ‮Wozıʅʅɐ‬ ‮pɐʇɐ‬ ‮ɐqonʇ‬ ‮dǝɹɟoɹɯɐuɔǝ‬, ‮ɥɐɹpʍɐɹǝ‬, ‮ɔouɟıƃnɹɐʇıous‬, ‮ɔnsʇoɯızɐʇıous‬ ‮ɐup‬ ‮ɐdd‬ ‮nsɐƃǝ‬ ‮ıu‬ ‮ʎonɹ‬ ",{"type":"idOrVar","name":"brandShortName"}," ‮pǝʌıɔǝ‬. ‮Ｍǝ‬ ‮nsǝ‬ ‮ʇɥıs‬ ‮ʇo‬ ‮ɯɐʞǝ‬ ‮onɹ‬ ‮dɹopnɔʇs‬ ‮qǝʇʇǝɹ‬, ‮ɟɐsʇǝɹ‬ ‮ɐup‬ ‮ɯoɹǝ‬ ‮ɹǝsdousıʌǝ‬."]},"learn-more-telemetry2":{"value":["‮˥ǝɐɹu‬ ‮ɯoɹǝ‬ ‮ɐʇ‬ <a>",{"type":"idOrVar","name":"url"},"</a>"]},"learn-more-information2":{"value":["‮˥ǝɐɹu‬ ‮ɥoʍ‬ ‮Wozıʅʅɐ‬ ‮ɥɐupʅǝs‬ ‮ʎonɹ‬ ‮ıuɟoɹɯɐʇıou‬ ‮ɐʇ‬ <a>",{"type":"idOrVar","name":"url"},"</a>"]},"htmlWelcome2":{"value":["‮Ｍǝʅɔoɯǝ‬ ‮ʇo‬ <a>",{"type":"idOrVar","name":"brandShortName"},"</a>, ‮ʇɥǝ‬ ‮ɟɹǝǝ‬ ‮ɐup‬ ‮odǝu‬ ‮sonɹɔǝ‬ ‮odǝɹɐʇıuƃ‬ ‮sʎsʇǝɯ‬ ‮ɟɹoɯ‬ ‮Wozıʅʅɐ‬. ‮Onɹ‬ ‮ɯıssıou‬ ‮ıs‬ ‮ʇo‬ ‮dɹoɯoʇǝ‬ ‮odǝuuǝss‬, ‮ıuuoʌɐʇıou‬ ‮ɐup‬ ‮oddoɹʇnuıʇʎ‬ ‮qʎ‬ ‮ʞǝǝdıuƃ‬ ‮ʇɥǝ‬ ‮doʍǝɹ‬ ‮oɟ‬ ‮ʇɥǝ‬ ‮Ｍǝq‬ ‮ıu‬ ‮ʎonɹ‬ ‮ɥɐups‬."]},"helpImprove2":"‮ʎon‬ ‮ɔɐu‬ ‮ɥǝʅd‬ ‮ns‬ ‮ıɯdɹoʌǝ‬ ‮onɹ‬ ‮dɹopnɔʇs‬ ‮ɐup‬ ‮sǝɹʌıɔǝs‬ ‮qʎ‬ ‮ɐnʇoɯɐʇıɔɐʅʅʎ‬ ‮sǝupıuƃ‬ ‮ɐuɐʅʎʇıɔs‬ ‮pɐʇɐ‬. ‮Sǝǝ‬ ‮onɹ‬ <a>‮Ԁɹıʌɐɔʎ‬ ‮Noʇıɔǝ‬</a> ‮ʇo‬ ‮ʅǝɐɹu‬ ‮ɥoʍ‬ ‮ʍǝ‬ ‮ɥɐupʅǝ‬ ‮pɐʇɐ‬ ‮ɟɹoɯ‬ ‮ʎonɹ‬ ‮pǝʌıɔǝ‬.","helpImprove3":"‮Hǝʅd‬ ‮ns‬ ‮ıɯdɹoʌǝ‬ ‮onɹ‬ ‮dɹopnɔʇs‬ ‮ɐup‬ ‮sǝɹʌıɔǝs‬ ‮qʎ‬ ‮ɐnʇoɯɐʇıɔɐʅʅʎ‬ ‮sǝupıuƃ‬ ‮ɐuɐʅʎʇıɔs‬ ‮pɐʇɐ‬.","learn-more-privacy2":"‮˥ǝɐɹu‬ ‮ɥoʍ‬ ‮Wozıʅʅɐ‬ ‮ɥɐupʅǝs‬ ‮ʎonɹ‬ ‮ıuɟoɹɯɐʇıou‬ ‮ıu‬ ‮onɹ‬ <a>‮dɹıʌɐɔʎ‬ ‮doʅıɔʎ‬</a>.","learn-more-privacy3":"‮ᴚǝɐp‬ ‮onɹ‬ <a>‮Ԁɹıʌɐɔʎ‬ ‮Noʇıɔǝ‬</a>","aboutBrowser":{"value":["‮∀qonʇ‬ ",{"type":"idOrVar","name":"brandShortName"}]},"aboutYourPrivacy2":"‮ʎonɹ‬ ‮Ԁɹıʌɐɔʎ‬","mozillaCommunity2":{"value":["‮Ｍɥǝu‬ ‮ʎon‬ ‮nsǝ‬ ",{"type":"idOrVar","name":"brandShortName"},", ‮ʎon‬ ‮qǝɔoɯǝ‬ ‮dɐɹʇ‬ ‮oɟ‬ ‮ɐ‬ ‮ƃʅoqɐʅ‬ ‮ɔoɯɯnuıʇʎ‬ ‮ɥǝʅdıuƃ‬ ‮ʇo‬ ‮qnıʅp‬ ‮ɐ‬ ‮qɹıƃɥʇǝɹ‬ ‮ɟnʇnɹǝ‬ ‮ɟoɹ‬ ‮ʇɥǝ‬ ‮Ｍǝq‬. ‮Iɟ‬ ‮ʎon‬’‮p‬ ‮ʅıʞǝ‬ ‮ʇo‬ ‮ʞuoʍ‬ ‮ɯoɹǝ‬ ‮ɐqonʇ‬ ‮ʇɥǝ‬ ‮Wozıʅʅɐ‬ ‮ɔoɯɯnuıʇʎ‬, ‮onɹ‬ ‮oʇɥǝɹ‬ ‮dɹopnɔʇs‬ ‮ɐup‬ ‮ǝʌǝuʇs‬ ‮uǝɐɹ‬ ‮ʎon‬, ‮dʅǝɐsǝ‬ ‮ǝuʇǝɹ‬ ‮ʎonɹ‬ ‮ǝɯɐıʅ‬ ‮ɐppɹǝss‬ ‮qǝʅoʍ‬."]},"sharePerformanceAndUsageData2":"‮ʎǝs‬! ‮Sǝup‬ ‮pɐʇɐ‬.","emailAddress":{"attrs":{"placeholder":"‮Ǝɯɐıʅ‬ ‮ɐppɹǝss‬"}},"email-successfully-added":"‮Ǝɯɐıʅ‬ ‮snɔɔǝssɟnʅʅʎ‬ ‮ɐppǝp‬","email-loading":"‮Sɐʌıuƃ‬ ‮ʎonɹ‬ ‮ǝɯɐıʅ‬…","privacy-b2g":{"value":[{"type":"idOrVar","name":"brandShortName"}],"attrs":{"title":{"value":[{"type":"idOrVar","name":"brandShortName"}]}}},"privacy-marketplace":{"value":"‮Wɐɹʞǝʇdʅɐɔǝ‬","attrs":{"title":{"value":[{"type":"idOrVar","name":"privacy-marketplace"}]}}},"basicMetricsRadio":"‮Ԑɐsıɔ‬","enhancedMetricsRadio":"‮Ǝuɥɐuɔǝp‬","noneMetricsRadio":"‮Nouǝ‬","basicMetricsExplain":"‮Sǝup‬ ‮ɐdd‬ ‮nsɐƃǝ‬ ‮ɐup‬ ‮ǝɹɹoɹ‬ ‮ɹǝdoɹʇs‬.","enhancedMetricsExplain":"‮Sǝup‬ ‮Ԑɐsıɔ‬ ‮ɹǝdoɹʇ‬ ‮dʅns‬ ‮pıɐƃuosʇıɔ‬ ‮ıuɟoɹɯɐʇıou‬.","noneMetricsExplain":"‮po‬ ‮uoʇ‬ ‮sǝup‬ ‮ɐuʎ‬ ‮pɐʇɐ‬.","navbar-back":"‮Ԑɐɔʞ‬","navbar-next":"‮Nǝxʇ‬","navbar-join":"‮ſoıu‬","done":"‮pouǝ‬","thatsIt":"‮⊥ɥɐʇ‬’‮s‬ ‮ıʇ‬!","startYourPhone":"‮Sʇɐɹʇ‬ ‮ʎonɹ‬ ‮dɥouǝ‬ ‮ʇonɹ‬!","startYourTablet":"‮Sʇɐɹʇ‬ ‮ʎonɹ‬ ‮ʇɐqʅǝʇ‬ ‮ʇonɹ‬!","joinTutorial":"‮ſoıu‬ ‮ns‬ ‮ɟoɹ‬ ‮ɐ‬ ‮bnıɔʞ‬ ‮ʇnʇoɹıɐʅ‬ ‮ɐqonʇ‬ ‮ʎonɹ‬ ‮uǝʍ‬ ‮dɥouǝ‬.","joinTutorialUpdated":"‮ſoıu‬ ‮ns‬ ‮ɟoɹ‬ ‮ɐ‬ ‮bnıɔʞ‬ ‮ʇnʇoɹıɐʅ‬ ‮ɐqonʇ‬ ‮ʇɥǝ‬ ‮ndpɐʇǝs‬ ‮ʇo‬ ‮ʎonɹ‬ ‮dɥouǝ‬!","enjoyYourPhone":"‮ʎon‬’‮ɹǝ‬ ‮ɹǝɐpʎ‬ ‮ʇo‬ ‮ǝuɾoʎ‬ ‮ʎonɹ‬ ‮uǝʍ‬ ‮dɥouǝ‬.","enjoyYourPhoneUpdated":"‮ʎon‬’‮ɹǝ‬ ‮ɹǝɐpʎ‬ ‮ʇo‬ ‮ǝuɾoʎ‬ ‮ʎonɹ‬ ‮ndpɐʇǝp‬ ‮dɥouǝ‬.","optionsAvailable":"‮ʎon‬ ‮ɔɐu‬ ‮ɔɥɐuƃǝ‬ ‮ʇɥǝ‬ ‮ʅɐuƃnɐƃǝ‬, ‮pɐʇǝ‬/‮ʇıɯǝ‬ ‮ɐup‬ ‮Ｍı‬-‮ɟı‬ ‮ɔouuǝɔʇıou‬ ‮ıu‬ ‮sǝʇʇıuƃs‬.","letsGo":"‮˥ǝʇ‬’‮s‬ ‮ƃo‬","startTour":"‮Sʇɐɹʇ‬ ‮ʇonɹ‬","thatsIt1Tablet-2":"‮ʎon‬ ‮ɔɐu‬ ‮ɐʅʍɐʎs‬ ‮sʍıdǝ‬ ‮ɟɹoɯ‬ ‮ʇɥǝ‬ ‮qoʇʇoɯ‬ ‮ǝpƃǝ‬ ‮ʇo‬ ‮ǝuʇǝɹ‬ ‮ɥoɯǝ‬ ‮sɔɹǝǝu‬.","thatsIt2Tablet-2":"‮˥ǝʇ‬’‮s‬ ‮po‬ ‮ıʇ‬!","late-customization":"‮ɟɹǝǝ‬ ‮∀dds‬","late-customization-downloading-message":{"value":[{"type":"idOrVar","name":"carrierName"}," ‮ıs‬ ‮oɟɟǝɹıuƃ‬ ‮ɟɹǝǝ‬ ‮ɐdds‬ ‮ʇo‬ ‮ɥǝʅd‬ ‮ƃǝʇ‬ ‮ʎon‬ ‮sʇɐɹʇǝp‬. ‮⊥ɥǝʎ‬ ‮ʍıʅʅ‬ ‮poʍuʅoɐp‬ <em>‮ɐʇ‬ ‮uo‬ ‮ɔɥɐɹƃǝ‬</em> ‮ʍɥıʅǝ‬ ‮ʎon‬ ‮ɟıuısɥ‬ ‮sǝʇʇıuƃ‬ ‮nd‬ ‮ʎonɹ‬ ‮dɥouǝ‬."]},"late-customization-download-later":{"value":[{"type":"idOrVar","name":"carrierName"}," ‮ıs‬ ‮oɟɟǝɹıuƃ‬ ‮ɟɹǝǝ‬ ‮ɐdds‬ ‮ʇo‬ ‮ɥǝʅd‬ ‮ƃǝʇ‬ ‮ʎon‬ ‮sʇɐɹʇǝp‬. ‮ʎon‬ ‮ɔɐu‬ ‮poʍuʅoɐp‬ ‮ʇɥǝɯ‬ <em>‮ɐʇ‬ ‮uo‬ ‮ɔɥɐɹƃǝ‬</em>."]},"late-customization-downloading-message-default":"‮ʎonɹ‬ ‮ɔɐɹɹıǝɹ‬ ‮ıs‬ ‮oɟɟǝɹıuƃ‬ ‮ɟɹǝǝ‬ ‮ɐdds‬ ‮ʇo‬ ‮ɥǝʅd‬ ‮ƃǝʇ‬ ‮ʎon‬ ‮sʇɐɹʇǝp‬. ‮⊥ɥǝʎ‬ ‮ʍıʅʅ‬ ‮poʍuʅoɐp‬ <em>‮ɐʇ‬ ‮uo‬ ‮ɔɥɐɹƃǝ‬</em> ‮ʍɥıʅǝ‬ ‮ʎon‬ ‮ɟıuısɥ‬ ‮sǝʇʇıuƃ‬ ‮nd‬ ‮ʎonɹ‬ ‮dɥouǝ‬.","late-customization-download-later-default":"‮ʎonɹ‬ ‮ɔɐɹɹıǝɹ‬ ‮ıs‬ ‮oɟɟǝɹıuƃ‬ ‮ɟɹǝǝ‬ ‮ɐdds‬ ‮ʇo‬ ‮ɥǝʅd‬ ‮ƃǝʇ‬ ‮ʎon‬ ‮sʇɐɹʇǝp‬. ‮ʎon‬ ‮ɔɐu‬ ‮poʍuʅoɐp‬ ‮ʇɥǝɯ‬ <em>‮ɐʇ‬ ‮uo‬ ‮ɔɥɐɹƃǝ‬</em>.","late-customization-download-later-marketplace":"‮ɟıup‬ ‮ʇɥǝsǝ‬ ‮ɐdds‬ ‮ɐup‬ ‮ɯɐuʎ‬ ‮ɯoɹǝ‬ ‮ʍɥǝu‬ ‮ʎon‬ ‮ʌısıʇ‬ ‮Wɐɹʞǝʇdʅɐɔǝ‬!","tutorial":"‮⊥nʇoɹıɐʅ‬","tutorial-step1-large-3":"‮Sʍıdǝ‬ ‮poʍu‬ ‮ʇo‬ ‮ɐɔɔǝss‬ ‮ɹǝɔǝuʇ‬ ‮uoʇıɟıɔɐʇıous‬, ‮nsɐƃǝ‬ ‮ıuɟoɹɯɐʇıou‬ ‮ɐup‬ ‮sǝʇʇıuƃs‬.","tutorial-step2-large-2":"‮Sʍıdǝ‬ ‮ʅǝɟʇ‬ ‮oɹ‬ ‮ɹıƃɥʇ‬ ‮ʇo‬ ‮pısɔoʌǝɹ‬ ‮uǝʍ‬ ‮ɐdds‬ ‮ou‬ ‮ɥoɯǝ‬ ‮sɔɹǝǝu‬.","tutorial-step3-large-2":"‮⊥ɐd‬ ‮ɐup‬ ‮ɥoʅp‬ ‮ou‬ ‮ɐu‬ ‮ıɔou‬ ‮ʇo‬ ‮pǝʅǝʇǝ‬ ‮oɹ‬ ‮ɯoʌǝ‬ ‮ıʇ‬.","tutorial-step4-large-2":"‮⊥ʍo‬ ‮ɟıuƃǝɹs‬ ‮sʍıdǝ‬ ‮nd‬ ‮ɟɹoɯ‬ ‮ʇɥǝ‬ ‮qoʇʇoɯ‬ ‮ǝpƃǝ‬ ‮ʇo‬ ‮ʇɹıƃƃǝɹ‬ ‮ɔɐɹp‬ ‮ʌıǝʍ‬.","tutorial-homescreen-tiny":"‮Sʍıdǝ‬ ‮nd‬ ‮ɐup‬ ‮poʍu‬ ‮ʇo‬ ‮qɹoʍsǝ‬ ‮ʎonɹ‬ ‮ɐdds‬. ‮⊥ɐd‬ ‮ɐup‬ ‮ɥoʅp‬ ‮ɐu‬ ‮ıɔou‬ ‮ʇo‬ ‮pǝʅǝʇǝ‬, ‮ɯoʌǝ‬, ‮oɹ‬ ‮ǝpıʇ‬ ‮ıʇ‬.","tutorial-notifications-v2-tiny":"‮Sʍıdǝ‬ ‮poʍu‬ ‮ʇo‬ ‮ɐɔɔǝss‬ ‮ɹǝɔǝuʇ‬ ‮uoʇıɟıɔɐʇıous‬, ‮nsɐƃǝ‬ ‮ıuɟoɹɯɐʇıou‬ ‮ɐup‬ ‮sǝʇʇıuƃs‬.","tutorial-sheets-tiny":"‮pɹɐƃ‬ ‮ɟɹoɯ‬ ‮ʇɥǝ‬ ‮ʅǝɟʇ‬ ‮ǝpƃǝ‬ ‮oɟ‬ ‮ʎonɹ‬ ‮sɔɹǝǝu‬ ‮ʇo‬ ‮ɹǝʇnɹu‬ ‮ʇo‬ ‮ɹǝɔǝuʇʅʎ‬ ‮nsǝp‬ ‮ɐdds‬.","tutorial-rocketbar-tiny":"‮⊥ɐd‬ ‮ou‬ ‮ʇɥǝ‬ ‮sǝɐɹɔɥ‬ ‮qox‬ ‮ɐuʎʇıɯǝ‬ ‮ʇo‬ ‮sʇɐɹʇ‬ ‮ɐ‬ ‮sǝɐɹɔɥ‬ ‮oɹ‬ ‮ƃo‬ ‮ʇo‬ ‮ɐ‬ ‮ʍǝqsıʇǝ‬.","tutorial-bookmarks-migration-tiny":"‮ʎonɹ‬ ‮qooʞɯɐɹʞs‬ ‮ɥɐʌǝ‬ ‮qǝǝu‬ ‮ɯoʌǝp‬ ‮ʇo‬ ‮ʇɥǝ‬ ‮ɥoɯǝsɔɹǝǝu‬. ‮Ｍɥǝu‬ ‮ǝpıʇıuƃ‬, ‮ʇɐd‬ ‮ɐ‬ ‮qooʞɯɐɹʞ‬ ‮ʇo‬ ‮ǝpıʇ‬ ‮oɹ‬ ‮ɹǝuɐɯǝ‬ ‮ıʇ‬.","offline-dialog-title":"‮ʎon‬ ‮ɯnsʇ‬ ‮qǝ‬ ‮ɔouuǝɔʇǝp‬ ‮ʇo‬ ‮ʇɥǝ‬ ‮Iuʇǝɹuǝʇ‬ ‮ʇo‬ ‮ʌıǝʍ‬ ‮ʇɥǝ‬ ‮dɐƃǝ‬.","offline-dialog-text":{"value":["‮Ԁʅǝɐsǝ‬ ‮ƃo‬ ‮qɐɔʞ‬ ‮ɐup‬ ‮ɔouuǝɔʇ‬ ‮ʇo‬ ‮ʇɥǝ‬ ‮Iuʇǝɹuǝʇ‬. ‮ʎon‬ ‮ɔɐu‬ ‮ɐʅso‬ ‮ʌıǝʍ‬ ‮ʇɥǝ‬ ‮dɐƃǝ‬ ‮ʅɐʇǝɹ‬ ‮ɟɹoɯ‬ ‮Sǝʇʇıuƃs‬ ‮oɹ‬ ‮qʎ‬ ‮ǝuʇǝɹıuƃ‬ ",{"type":"idOrVar","name":"url"}," ‮ıu‬ ‮ɐuʎ‬ ‮qɹoʍsǝɹ‬."]},"OK":"‮OӼ‬","offline-newsletter-dialog-title":"‮ʎon‬ ‮ɯnsʇ‬ ‮qǝ‬ ‮ɔouuǝɔʇǝp‬ ‮ʇo‬ ‮ʇɥǝ‬ ‮Iuʇǝɹuǝʇ‬ ‮ʇo‬ ‮snqsɔɹıqǝ‬ ‮ʇo‬ ‮ʇɥǝ‬ ‮uǝʍsʅǝʇʇǝɹ‬.","offline-newsletter-dialog-text":"‮Ԁʅǝɐsǝ‬ ‮ƃo‬ ‮qɐɔʞ‬ ‮ɐup‬ ‮ɔouuǝɔʇ‬ ‮ʇo‬ ‮ʇɥǝ‬ ‮Iuʇǝɹuǝʇ‬.","invalid-email-dialog-title":"‮ʎonɹ‬ ‮ǝɯɐıʅ‬ ‮ıs‬ ‮uoʇ‬ ‮ʌɐʅıp‬","invalid-email-dialog-text":"‮Ԁʅǝɐsǝ‬ ‮ƃo‬ ‮qɐɔʞ‬ ‮ɐup‬ ‮ɔoɹɹǝɔʇ‬ ‮ʎonɹ‬ ‮ǝuʇɹʎ‬.","retry":"‮ᴚǝʇɹʎ‬","cancel":"‮Ↄɐuɔǝʅ‬","progressbar":{"value":["‮Sʇǝd‬ ",{"type":"idOrVar","name":"step"}," ‮oɟ‬ ",{"type":"idOrVar","name":"total"}],"attrs":{"ariaLabel":"‮ɟıɹsʇ‬ ‮⊥ıɯǝ‬ ‮Ǝxdǝɹıǝuɔǝ‬"}},"back":"‮Ԑɐɔʞ‬","noSimMsg":"‮⊥o‬ ‮ıɯdoɹʇ‬ ‮ɔouʇɐɔʇs‬ ‮ıusǝɹʇ‬ ‮oɹ‬ ‮nuʅoɔʞ‬ ‮ʎonɹ‬ ‮SIW‬ ‮ɔɐɹp‬","noMemoryCardMsg":"‮⊥o‬ ‮ıɯdoɹʇ‬ ‮ɔouʇɐɔʇs‬ ‮ıusǝɹʇ‬ ‮ɐ‬ ‮ɯǝɯoɹʎ‬ ‮ɔɐɹp‬","importMemoryCard":"‮Wǝɯoɹʎ‬ ‮ɔɐɹp‬","emptyAccount":"‮No‬ ‮ɟɹıǝups‬ ‮oɹ‬ ‮ɔouʇɐɔʇs‬ ‮ɟonup‬ ‮ıu‬ ‮ʇɥıs‬ ‮ɐɔɔonuʇ‬.","simContacts-import":"‮Iɯdoɹʇ‬ ‮SIW‬ ‮ɔouʇɐɔʇs‬","simContacts-importing":"‮Iɯdoɹʇıuƃ‬ ‮SIW‬ ‮ɔouʇɐɔʇs‬…","simContacts-reading":"‮ᴚǝɐpıuƃ‬ ‮ɟɹoɯ‬ ‮SIW‬ ‮ɔɐɹp‬…","simContacts-error":"‮Ↄonʅp‬ ‮uoʇ‬ ‮ıɯdoɹʇ‬ ‮ɔouʇɐɔʇs‬ ‮ɟɹoɯ‬ ‮SIW‬","simContacts-imported3":{"value":{"zero":"‮No‬ ‮ɔouʇɐɔʇs‬ ‮pǝʇǝɔʇǝp‬ ‮ou‬ ‮SIW‬ ‮ʇo‬ ‮ıɯdoɹʇ‬","one":"‮Iɯdoɹʇǝp‬ ‮ouǝ‬ ‮ɔouʇɐɔʇ‬","two":["‮Iɯdoɹʇǝp‬ ",{"type":"idOrVar","name":"n"}," ‮ɔouʇɐɔʇs‬"],"few":["‮Iɯdoɹʇǝp‬ ",{"type":"idOrVar","name":"n"}," ‮ɔouʇɐɔʇs‬"],"many":["‮Iɯdoɹʇǝp‬ ",{"type":"idOrVar","name":"n"}," ‮ɔouʇɐɔʇs‬"],"other":["‮Iɯdoɹʇǝp‬ ",{"type":"idOrVar","name":"n"}," ‮ɔouʇɐɔʇs‬"]},"index":[{"type":"call","expr":{"type":"prop","expr":{"type":"glob","name":"cldr"},"prop":"plural","cmpt":false},"args":[{"type":"idOrVar","name":"n"}]}]},"memoryCardContacts-import":"‮Iɯdoɹʇ‬ ‮ɔouʇɐɔʇs‬ ‮ɟɹoɯ‬ ‮ɯǝɯoɹʎ‬ ‮ɔɐɹp‬","memoryCardContacts-importing":"‮Iɯdoɹʇıuƃ‬ ‮ɔouʇɐɔʇs‬ ‮ɟɹoɯ‬ ‮ɯǝɯoɹʎ‬ ‮ɔɐɹp‬…","memoryCardContacts-error":"‮Ↄonʅp‬ ‮uoʇ‬ ‮ıɯdoɹʇ‬ ‮ɔouʇɐɔʇs‬ ‮ɟɹoɯ‬ ‮ɯǝɯoɹʎ‬ ‮ɔɐɹp‬","memoryCardContacts-imported3":{"value":{"zero":"‮No‬ ‮ɔouʇɐɔʇs‬ ‮pǝʇǝɔʇǝp‬ ‮ou‬ ‮ɯǝɯoɹʎ‬ ‮ɔɐɹp‬ ‮ʇo‬ ‮ıɯdoɹʇ‬","one":"‮Iɯdoɹʇǝp‬ ‮ouǝ‬ ‮ɔouʇɐɔʇ‬","two":["‮Iɯdoɹʇǝp‬ ",{"type":"idOrVar","name":"n"}," ‮ɔouʇɐɔʇs‬"],"few":["‮Iɯdoɹʇǝp‬ ",{"type":"idOrVar","name":"n"}," ‮ɔouʇɐɔʇs‬"],"many":["‮Iɯdoɹʇǝp‬ ",{"type":"idOrVar","name":"n"}," ‮ɔouʇɐɔʇs‬"],"other":["‮Iɯdoɹʇǝp‬ ",{"type":"idOrVar","name":"n"}," ‮ɔouʇɐɔʇs‬"]},"index":[{"type":"call","expr":{"type":"prop","expr":{"type":"glob","name":"cldr"},"prop":"plural","cmpt":false},"args":[{"type":"idOrVar","name":"n"}]}]},"genericProgress":{"value":[{"type":"idOrVar","name":"current"},"/",{"type":"idOrVar","name":"total"}]},"infiniteProgress":{"value":{"zero":"‮No‬ ‮ɔouʇɐɔʇs‬ ‮ıɯdoɹʇǝp‬ ‮ʎǝʇ‬","one":"‮Iɯdoɹʇǝp‬ ‮ouǝ‬ ‮ɔouʇɐɔʇ‬","two":["‮Iɯdoɹʇǝp‬ ",{"type":"idOrVar","name":"n"}," ‮ɔouʇɐɔʇs‬"],"few":["‮Iɯdoɹʇǝp‬ ",{"type":"idOrVar","name":"n"}," ‮ɔouʇɐɔʇs‬"],"many":["‮Iɯdoɹʇǝp‬ ",{"type":"idOrVar","name":"n"}," ‮ɔouʇɐɔʇs‬"],"other":["‮Iɯdoɹʇǝp‬ ",{"type":"idOrVar","name":"n"}," ‮ɔouʇɐɔʇs‬"]},"index":[{"type":"call","expr":{"type":"prop","expr":{"type":"glob","name":"cldr"},"prop":"plural","cmpt":false},"args":[{"type":"idOrVar","name":"n"}]}]},"friendsUpdated":{"value":{"zero":"‮No‬ ‮ɟɹıǝups‬ ‮ndpɐʇǝp‬","one":"‮∩dpɐʇǝp‬ ‮ouǝ‬ ‮ɟɹıǝup‬","two":["‮∩dpɐʇǝp‬ ",{"type":"idOrVar","name":"numFriends"}," ‮ɟɹıǝups‬"],"few":["‮∩dpɐʇǝp‬ ",{"type":"idOrVar","name":"numFriends"}," ‮ɟɹıǝups‬"],"many":["‮∩dpɐʇǝp‬ ",{"type":"idOrVar","name":"numFriends"}," ‮ɟɹıǝups‬"],"other":["‮∩dpɐʇǝp‬ ",{"type":"idOrVar","name":"numFriends"}," ‮ɟɹıǝups‬"]},"index":[{"type":"call","expr":{"type":"prop","expr":{"type":"glob","name":"cldr"},"prop":"plural","cmpt":false},"args":[{"type":"idOrVar","name":"numFriends"}]}]},"friendsMerged":{"value":{"zero":"‮No‬ ‮pndʅıɔɐʇǝp‬ ‮ɟɹıǝups‬ ‮ɯǝɹƃǝp‬","one":"‮Ouǝ‬ ‮pndʅıɔɐʇǝp‬ ‮ɟɹıǝup‬ ‮ɯǝɹƃǝp‬","two":[{"type":"idOrVar","name":"numDups"}," ‮ɟɹıǝups‬ ‮ɯǝɹƃǝp‬"],"few":[{"type":"idOrVar","name":"numDups"}," ‮ɟɹıǝups‬ ‮ɯǝɹƃǝp‬"],"many":[{"type":"idOrVar","name":"numDups"}," ‮ɟɹıǝups‬ ‮ɯǝɹƃǝp‬"],"other":[{"type":"idOrVar","name":"numDups"}," ‮ɟɹıǝups‬ ‮ɯǝɹƃǝp‬"]},"index":[{"type":"call","expr":{"type":"prop","expr":{"type":"glob","name":"cldr"},"prop":"plural","cmpt":false},"args":[{"type":"idOrVar","name":"numDups"}]}]},"contactsMerged":{"value":{"zero":"‮No‬ ‮pndʅıɔɐʇǝp‬ ‮ɔouʇɐɔʇs‬ ‮ɯǝɹƃǝp‬","one":"‮Ouǝ‬ ‮pndʅıɔɐʇǝp‬ ‮ɔouʇɐɔʇ‬ ‮ɯǝɹƃǝp‬","two":[{"type":"idOrVar","name":"numDups"}," ‮ɔouʇɐɔʇs‬ ‮ɯǝɹƃǝp‬"],"few":[{"type":"idOrVar","name":"numDups"}," ‮ɔouʇɐɔʇs‬ ‮ɯǝɹƃǝp‬"],"many":[{"type":"idOrVar","name":"numDups"}," ‮ɔouʇɐɔʇs‬ ‮ɯǝɹƃǝp‬"],"other":[{"type":"idOrVar","name":"numDups"}," ‮ɔouʇɐɔʇs‬ ‮ɯǝɹƃǝp‬"]},"index":[{"type":"call","expr":{"type":"prop","expr":{"type":"glob","name":"cldr"},"prop":"plural","cmpt":false},"args":[{"type":"idOrVar","name":"numDups"}]}]},"import":"‮Iɯdoɹʇ‬","update":"‮∩dpɐʇǝ‬","fbFriends":"‮ɟɐɔǝqooʞ‬ ‮ɟɹıǝups‬","live-serviceName":"‮Onʇʅooʞ‬","gmail-serviceName":"‮פɯɐıʅ‬","facebook-serviceName":"‮ɟɐɔǝqooʞ‬ ‮ɟɹıǝups‬","selectAll":"‮Sǝʅǝɔʇ‬ ‮ɐʅʅ‬","deselectAll":"‮pǝsǝʅǝɔʇ‬ ‮ɐʅʅ‬","viewAll":"‮Ʌıǝʍ‬ ‮∀ʅʅ‬ ‮ɟɐɔǝqooʞ‬ ‮ɟɹıǝups‬","viewRecommend":"‮Ʌıǝʍ‬ ‮Ouʅʎ‬ ‮ᴚǝɔoɯɯǝupǝp‬","linkProposal":{"value":{"zero":"‮No‬ ‮ɯɐʇɔɥıuƃ‬ ‮ɟɹıǝups‬. ‮Sɥoʍıuƃ‬ ‮ɐʅʅ‬","one":"‮Sǝʅǝɔʇ‬ ‮ʇɥǝ‬ ‮ɹǝɔoɯɯǝupǝp‬ ‮ouǝ‬","two":"‮Sǝʅǝɔʇ‬ ‮ɐ‬ ‮ɹǝɔoɯɯǝupǝp‬ ‮ouǝ‬","few":"‮Sǝʅǝɔʇ‬ ‮ɐ‬ ‮ɹǝɔoɯɯǝupǝp‬ ‮ouǝ‬","many":"‮Sǝʅǝɔʇ‬ ‮ɐ‬ ‮ɹǝɔoɯɯǝupǝp‬ ‮ouǝ‬","other":"‮Sǝʅǝɔʇ‬ ‮ɐ‬ ‮ɹǝɔoɯɯǝupǝp‬ ‮ouǝ‬"},"index":[{"type":"call","expr":{"type":"prop","expr":{"type":"glob","name":"cldr"},"prop":"plural","cmpt":false},"args":[{"type":"idOrVar","name":"numFriends"}]}]},"fbFriendsFound":{"value":{"zero":"‮∀ʅʅ‬ ‮ʎonɹ‬ ‮ɟɹıǝups‬ ‮ɐɹǝ‬ ‮ıɯdoɹʇǝp‬","one":"‮ɟonup‬ ‮ouǝ‬ ‮ɟɹıǝup‬ ‮ʇo‬ ‮ıɯdoɹʇ‬","two":["‮ɟonup‬ ",{"type":"idOrVar","name":"numFriends"}," ‮ɟɹıǝups‬ ‮ʇo‬ ‮ıɯdoɹʇ‬"],"few":["‮ɟonup‬ ",{"type":"idOrVar","name":"numFriends"}," ‮ɟɹıǝups‬ ‮ʇo‬ ‮ıɯdoɹʇ‬"],"many":["‮ɟonup‬ ",{"type":"idOrVar","name":"numFriends"}," ‮ɟɹıǝups‬ ‮ʇo‬ ‮ıɯdoɹʇ‬"],"other":["‮ɟonup‬ ",{"type":"idOrVar","name":"numFriends"}," ‮ɟɹıǝups‬ ‮ʇo‬ ‮ıɯdoɹʇ‬"]},"index":[{"type":"call","expr":{"type":"prop","expr":{"type":"glob","name":"cldr"},"prop":"plural","cmpt":false},"args":[{"type":"idOrVar","name":"numFriends"}]}]},"fbNoFriends":"‮No‬ ‮ɔouʇɐɔʇs‬ ‮ɐʌɐıʅɐqʅǝ‬ ‮ʇo‬ ‮ıɯdoɹʇ‬","facebook":"‮ɟɐɔǝqooʞ‬","search-contact":{"attrs":{"placeholder":"‮Sǝɐɹɔɥ‬"}},"noResults":"‮No‬ ‮ɔouʇɐɔʇs‬ ‮ɟonup‬","done-search":"‮pouǝ‬","progressFB3ImportTitle":"‮Iɯdoɹʇıuƃ‬ ‮ɟɹıǝups‬ ‮ʇo‬ ‮Ↄouʇɐɔʇs‬","progressFB":{"value":[{"type":"idOrVar","name":"current"},"/",{"type":"idOrVar","name":"total"}]},"progressFB3UpdateTitle":"‮∩dpɐʇıuƃ‬ ‮ɟɹıǝups‬ ‮ıu‬ ‮Ↄouʇɐɔʇs‬","message2":"‮⊥ɥıs‬ ‮ɯɐʎ‬ ‮ʇɐʞǝ‬ ‮ɐ‬ ‮ɔondʅǝ‬ ‮oɟ‬ ‮ɯıunʇǝs‬","messageLinking":"‮Ԁʅǝɐsǝ‬ ‮ɥoʅp‬ ‮ou‬. ‮Ｍǝ‬ ‮ɐɹǝ‬ ‮ʅıuʞıuƃ‬ ‮ʎonɹ‬ ‮ɟɹıǝup‬ ‮ɐup‬ ‮ʎonɹ‬ ‮ɔouʇɐɔʇ‬.","messageCanceling":"‮Ԁʅǝɐsǝ‬ ‮ɥoʅp‬ ‮ou‬. ‮Ｍǝ‬ ‮ɐɹǝ‬ ‮ɔɐuɔǝʅıuƃ‬ ‮ʇɥǝ‬ ‮ouƃoıuƃ‬ ‮odǝɹɐʇıou‬.","error1":{"value":["‮Ǝɹɹoɹ‬ ",{"type":"idOrVar","name":"from"}]},"error2":"‮po‬ ‮ʎon‬ ‮ʍɐuʇ‬ ‮ʇo‬ ‮ɹǝʇɹʎ‬?","errorProposal":"‮ɔɐʅɔnʅɐʇıuƃ‬ ‮dɹodosɐʅs‬","errorFriends":"‮ɹǝʇɹıǝʌıuƃ‬ ‮ɟɹıǝups‬","errorLinking":"‮ʅıuʞıuƃ‬ ‮ɔouʇɐɔʇ‬","timeout1":{"value":["‮Ǝxɔǝǝpǝp‬ ‮ʇıɯǝonʇ‬ ",{"type":"idOrVar","name":"from"}]},"timeout2":"‮po‬ ‮ʎon‬ ‮ʍɐuʇ‬ ‮ʇo‬ ‮ɹǝʇɹʎ‬?","timeoutProposal":"‮ɔɐʅɔnʅɐʇıuƃ‬ ‮dɹodosɐʅs‬","timeoutFriends":"‮ɹǝʇɹıǝʌıuƃ‬ ‮ɟɹıǝups‬","timeoutLinking":"‮ʅıuʞıuƃ‬ ‮ɔouʇɐɔʇs‬","wait1":"‮Ԁʅǝɐsǝ‬ ‮ɥoʅp‬ ‮ou‬","wait2":"‮⊥ɥıs‬ ‮ɯɐʎ‬ ‮ʇɐʞǝ‬ ‮ɐ‬ ‮ɔondʅǝ‬ ‮oɟ‬ ‮ɯıunʇǝs‬","waitProposal":"‮Ԁʅǝɐsǝ‬ ‮ɥoʅp‬ ‮ou‬. ‮Ｍǝ‬ ‮ɐɹǝ‬ ‮ɔɐʅɔnʅɐʇıuƃ‬ ‮ɐ‬ ‮dɹodosɐʅ‬.","waitFriends":"‮Ԁʅǝɐsǝ‬ ‮ɥoʅp‬ ‮ou‬. ‮Ｍǝ‬ ‮ɐɹǝ‬ ‮ɔouuǝɔʇıuƃ‬ ‮ʇo‬ ‮oqʇɐıu‬ ‮ʎonɹ‬ ‮ɟɹıǝup‬ ‮ʅısʇ‬.","curtainCancel":"‮Ↄɐuɔǝʅ‬","curtainRetry":"‮ᴚǝʇɹʎ‬","curtainOK":"‮OӼ‬","connectionLost":"‮No‬ ‮Iuʇǝɹuǝʇ‬ ‮ɔouuǝɔʇıou‬","connectionLostMsg":"‮ɟɹıǝups‬’ ‮dɥoʇos‬ ‮ʍıʅʅ‬ ‮uoʇ‬ ‮qǝ‬ ‮ɐppǝp‬ ‮ʇo‬ ‮ʎonɹ‬ ‮ɔouʇɐɔʇs‬. ‮Ↄouʇıunǝ‬ ‮ɐuʎʍɐʎ‬?","yesOption":"‮OӼ‬","noOption":"‮Ↄɐuɔǝʅ‬","notificationLogin":"‮ʎonɹ‬ ‮ɟɐɔǝqooʞ‬ ‮sǝssıou‬ ‮ıs‬ ‮ıuʌɐʅıp‬. ‮Ԁʅǝɐsǝ‬ ‮sıƃu‬ ‮ıu‬.","syncError":"‮⊥ɥǝɹǝ‬ ‮ʍɐs‬ ‮ɐu‬ ‮ǝɹɹoɹ‬ ‮sʎuɔɥɹouızıuƃ‬ ‮ʎonɹ‬ ‮ɟɹıǝup‬’‮s‬ ‮pɐʇɐ‬","brandShortName":"‮ɟoxɟoop‬","browserBrandShortName":"‮ɟoxɟoop‬","browserBrandFullName":"‮Wozıʅʅɐ‬ ‮ɟoxɟoop‬ ‮Ↄoɯɯnuıʇʎ‬ ‮Ǝpıʇıou‬","ringtoneBrandName":"‮pǝɟɐnʅʇ‬","ringtoneSectionBrandName":"‮Sʎsʇǝɯ‬"}