[{"$i":"back","$v":"Ɓȧȧƈķ"},{"$i":"noSimMsg","$v":"Ŧǿǿ īīḿƥǿǿřŧ ƈǿǿƞŧȧȧƈŧş īīƞşḗḗřŧ ǿǿř ŭŭƞŀǿǿƈķ ẏǿǿŭŭř ŞĪīḾ ƈȧȧřḓ"},{"$i":"noMemoryCardMsg","$v":"Ŧǿǿ īīḿƥǿǿřŧ ƈǿǿƞŧȧȧƈŧş īīƞşḗḗřŧ ȧȧ ḿḗḗḿǿǿřẏ ƈȧȧřḓ"},{"$i":"importMemoryCard","$v":"Ḿḗḗḿǿǿřẏ ƈȧȧřḓ"},{"$i":"emptyAccount","$v":"Ƞǿǿ ƒřīīḗḗƞḓş ǿǿř ƈǿǿƞŧȧȧƈŧş ƒǿǿŭŭƞḓ īīƞ ŧħīīş ȧȧƈƈǿǿŭŭƞŧ."},{"$i":"simContacts-import","$v":"Īīḿƥǿǿřŧ ŞĪīḾ ƈǿǿƞŧȧȧƈŧş"},{"$i":"simContacts-importing","$v":"Īīḿƥǿǿřŧīīƞɠ ŞĪīḾ ƈǿǿƞŧȧȧƈŧş…"},{"$i":"simContacts-reading","$v":"Řḗḗȧȧḓīīƞɠ ƒřǿǿḿ ŞĪīḾ ƈȧȧřḓ…"},{"$i":"simContacts-error","$v":"Ƈǿǿŭŭŀḓ ƞǿǿŧ īīḿƥǿǿřŧ ƈǿǿƞŧȧȧƈŧş ƒřǿǿḿ ŞĪīḾ"},{"$i":"simContacts-imported3","$v":{"zero":"Ƞǿǿ ƈǿǿƞŧȧȧƈŧş ḓḗḗŧḗḗƈŧḗḗḓ ǿǿƞ ŞĪīḾ ŧǿǿ īīḿƥǿǿřŧ","one":"Īīḿƥǿǿřŧḗḗḓ ǿǿƞḗḗ ƈǿǿƞŧȧȧƈŧ","two":["Īīḿƥǿǿřŧḗḗḓ ",{"t":"idOrVar","v":"n"}," ƈǿǿƞŧȧȧƈŧş"],"few":["Īīḿƥǿǿřŧḗḗḓ ",{"t":"idOrVar","v":"n"}," ƈǿǿƞŧȧȧƈŧş"],"many":["Īīḿƥǿǿřŧḗḗḓ ",{"t":"idOrVar","v":"n"}," ƈǿǿƞŧȧȧƈŧş"],"other":["Īīḿƥǿǿřŧḗḗḓ ",{"t":"idOrVar","v":"n"}," ƈǿǿƞŧȧȧƈŧş"]},"$x":[{"t":"idOrVar","v":"plural"},"n"]},{"$i":"memoryCardContacts-import","$v":"Īīḿƥǿǿřŧ ƈǿǿƞŧȧȧƈŧş ƒřǿǿḿ ḿḗḗḿǿǿřẏ ƈȧȧřḓ"},{"$i":"memoryCardContacts-importing","$v":"Īīḿƥǿǿřŧīīƞɠ ƈǿǿƞŧȧȧƈŧş ƒřǿǿḿ ḿḗḗḿǿǿřẏ ƈȧȧřḓ…"},{"$i":"memoryCardContacts-error","$v":"Ƈǿǿŭŭŀḓ ƞǿǿŧ īīḿƥǿǿřŧ ƈǿǿƞŧȧȧƈŧş ƒřǿǿḿ ḿḗḗḿǿǿřẏ ƈȧȧřḓ"},{"$i":"memoryCardContacts-imported3","$v":{"zero":"Ƞǿǿ ƈǿǿƞŧȧȧƈŧş ḓḗḗŧḗḗƈŧḗḗḓ ǿǿƞ ḿḗḗḿǿǿřẏ ƈȧȧřḓ ŧǿǿ īīḿƥǿǿřŧ","one":"Īīḿƥǿǿřŧḗḗḓ ǿǿƞḗḗ ƈǿǿƞŧȧȧƈŧ","two":["Īīḿƥǿǿřŧḗḗḓ ",{"t":"idOrVar","v":"n"}," ƈǿǿƞŧȧȧƈŧş"],"few":["Īīḿƥǿǿřŧḗḗḓ ",{"t":"idOrVar","v":"n"}," ƈǿǿƞŧȧȧƈŧş"],"many":["Īīḿƥǿǿřŧḗḗḓ ",{"t":"idOrVar","v":"n"}," ƈǿǿƞŧȧȧƈŧş"],"other":["Īīḿƥǿǿřŧḗḗḓ ",{"t":"idOrVar","v":"n"}," ƈǿǿƞŧȧȧƈŧş"]},"$x":[{"t":"idOrVar","v":"plural"},"n"]},{"$i":"genericProgress","$v":[{"t":"idOrVar","v":"current"},"/",{"t":"idOrVar","v":"total"}]},{"$i":"infiniteProgress","$v":{"zero":"Ƞǿǿ ƈǿǿƞŧȧȧƈŧş īīḿƥǿǿřŧḗḗḓ ẏḗḗŧ","one":"Īīḿƥǿǿřŧḗḗḓ ǿǿƞḗḗ ƈǿǿƞŧȧȧƈŧ","two":["Īīḿƥǿǿřŧḗḗḓ ",{"t":"idOrVar","v":"n"}," ƈǿǿƞŧȧȧƈŧş"],"few":["Īīḿƥǿǿřŧḗḗḓ ",{"t":"idOrVar","v":"n"}," ƈǿǿƞŧȧȧƈŧş"],"many":["Īīḿƥǿǿřŧḗḗḓ ",{"t":"idOrVar","v":"n"}," ƈǿǿƞŧȧȧƈŧş"],"other":["Īīḿƥǿǿřŧḗḗḓ ",{"t":"idOrVar","v":"n"}," ƈǿǿƞŧȧȧƈŧş"]},"$x":[{"t":"idOrVar","v":"plural"},"n"]},{"$i":"friendsUpdated","$v":{"zero":"Ƞǿǿ ƒřīīḗḗƞḓş ŭŭƥḓȧȧŧḗḗḓ","one":"Ŭŭƥḓȧȧŧḗḗḓ ǿǿƞḗḗ ƒřīīḗḗƞḓ","two":["Ŭŭƥḓȧȧŧḗḗḓ ",{"t":"idOrVar","v":"numFriends"}," ƒřīīḗḗƞḓş"],"few":["Ŭŭƥḓȧȧŧḗḗḓ ",{"t":"idOrVar","v":"numFriends"}," ƒřīīḗḗƞḓş"],"many":["Ŭŭƥḓȧȧŧḗḗḓ ",{"t":"idOrVar","v":"numFriends"}," ƒřīīḗḗƞḓş"],"other":["Ŭŭƥḓȧȧŧḗḗḓ ",{"t":"idOrVar","v":"numFriends"}," ƒřīīḗḗƞḓş"]},"$x":[{"t":"idOrVar","v":"plural"},"numFriends"]},{"$i":"friendsMerged","$v":{"zero":"Ƞǿǿ ḓŭŭƥŀīīƈȧȧŧḗḗḓ ƒřīīḗḗƞḓş ḿḗḗřɠḗḗḓ","one":"Ǿǿƞḗḗ ḓŭŭƥŀīīƈȧȧŧḗḗḓ ƒřīīḗḗƞḓ ḿḗḗřɠḗḗḓ","two":[{"t":"idOrVar","v":"numDups"}," ƒřīīḗḗƞḓş ḿḗḗřɠḗḗḓ"],"few":[{"t":"idOrVar","v":"numDups"}," ƒřīīḗḗƞḓş ḿḗḗřɠḗḗḓ"],"many":[{"t":"idOrVar","v":"numDups"}," ƒřīīḗḗƞḓş ḿḗḗřɠḗḗḓ"],"other":[{"t":"idOrVar","v":"numDups"}," ƒřīīḗḗƞḓş ḿḗḗřɠḗḗḓ"]},"$x":[{"t":"idOrVar","v":"plural"},"numDups"]},{"$i":"contactsMerged","$v":{"zero":"Ƞǿǿ ḓŭŭƥŀīīƈȧȧŧḗḗḓ ƈǿǿƞŧȧȧƈŧş ḿḗḗřɠḗḗḓ","one":"Ǿǿƞḗḗ ḓŭŭƥŀīīƈȧȧŧḗḗḓ ƈǿǿƞŧȧȧƈŧ ḿḗḗřɠḗḗḓ","two":[{"t":"idOrVar","v":"numDups"}," ƈǿǿƞŧȧȧƈŧş ḿḗḗřɠḗḗḓ"],"few":[{"t":"idOrVar","v":"numDups"}," ƈǿǿƞŧȧȧƈŧş ḿḗḗřɠḗḗḓ"],"many":[{"t":"idOrVar","v":"numDups"}," ƈǿǿƞŧȧȧƈŧş ḿḗḗřɠḗḗḓ"],"other":[{"t":"idOrVar","v":"numDups"}," ƈǿǿƞŧȧȧƈŧş ḿḗḗřɠḗḗḓ"]},"$x":[{"t":"idOrVar","v":"plural"},"numDups"]},{"$i":"import","$v":"Īīḿƥǿǿřŧ"},{"$i":"update","$v":"Ŭŭƥḓȧȧŧḗḗ"},{"$i":"fbFriends","$v":"Ƒȧȧƈḗḗƀǿǿǿǿķ Ƒřīīḗḗƞḓş"},{"$i":"live-serviceName","$v":"Ǿǿŭŭŧŀǿǿǿǿķ"},{"$i":"gmail-serviceName","$v":"Ɠḿȧȧīīŀ"},{"$i":"facebook-serviceName","$v":"Ƒȧȧƈḗḗƀǿǿǿǿķ Ƒřīīḗḗƞḓş"},{"$i":"selectAll","$v":"Şḗḗŀḗḗƈŧ ȧȧŀŀ"},{"$i":"deselectAll","$v":"Ḓḗḗşḗḗŀḗḗƈŧ ȧȧŀŀ"},{"$i":"viewAll","$v":"Ṽīīḗḗẇ Ȧȧŀŀ Ƒȧȧƈḗḗƀǿǿǿǿķ Ƒřīīḗḗƞḓş"},{"$i":"viewRecommend","$v":"Ṽīīḗḗẇ Ǿǿƞŀẏ Řḗḗƈǿǿḿḿḗḗƞḓḗḗḓ"},{"$i":"linkProposal","$v":{"zero":"Ƞǿǿ ḿȧȧŧƈħīīƞɠ ƒřīīḗḗƞḓş. Şħǿǿẇīīƞɠ ȧȧŀŀ","one":"Şḗḗŀḗḗƈŧ ŧħḗḗ řḗḗƈǿǿḿḿḗḗƞḓḗḗḓ ǿǿƞḗḗ","two":"Şḗḗŀḗḗƈŧ ȧȧ řḗḗƈǿǿḿḿḗḗƞḓḗḗḓ ǿǿƞḗḗ","few":"Şḗḗŀḗḗƈŧ ȧȧ řḗḗƈǿǿḿḿḗḗƞḓḗḗḓ ǿǿƞḗḗ","many":"Şḗḗŀḗḗƈŧ ȧȧ řḗḗƈǿǿḿḿḗḗƞḓḗḗḓ ǿǿƞḗḗ","other":"Şḗḗŀḗḗƈŧ ȧȧ řḗḗƈǿǿḿḿḗḗƞḓḗḗḓ ǿǿƞḗḗ"},"$x":[{"t":"idOrVar","v":"plural"},"numFriends"]},{"$i":"fbFriendsFound","$v":{"zero":"Ȧȧŀŀ ẏǿǿŭŭř ƒřīīḗḗƞḓş ȧȧřḗḗ īīḿƥǿǿřŧḗḗḓ","one":"Ƒǿǿŭŭƞḓ ǿǿƞḗḗ ƒřīīḗḗƞḓ ŧǿǿ īīḿƥǿǿřŧ","two":["Ƒǿǿŭŭƞḓ ",{"t":"idOrVar","v":"numFriends"}," ƒřīīḗḗƞḓş ŧǿǿ īīḿƥǿǿřŧ"],"few":["Ƒǿǿŭŭƞḓ ",{"t":"idOrVar","v":"numFriends"}," ƒřīīḗḗƞḓş ŧǿǿ īīḿƥǿǿřŧ"],"many":["Ƒǿǿŭŭƞḓ ",{"t":"idOrVar","v":"numFriends"}," ƒřīīḗḗƞḓş ŧǿǿ īīḿƥǿǿřŧ"],"other":["Ƒǿǿŭŭƞḓ ",{"t":"idOrVar","v":"numFriends"}," ƒřīīḗḗƞḓş ŧǿǿ īīḿƥǿǿřŧ"]},"$x":[{"t":"idOrVar","v":"plural"},"numFriends"]},{"$i":"fbNoFriends","$v":"Ƞǿǿ ƈǿǿƞŧȧȧƈŧş ȧȧṽȧȧīīŀȧȧƀŀḗḗ ŧǿǿ īīḿƥǿǿřŧ"},{"$i":"facebook","$v":"Ƒȧȧƈḗḗƀǿǿǿǿķ"},{"$i":"search-contact","placeholder":"Şḗḗȧȧřƈħ"},{"$i":"noResults","$v":"Ƞǿǿ ƈǿǿƞŧȧȧƈŧş ƒǿǿŭŭƞḓ"},{"$i":"done-search","$v":"Ḓǿǿƞḗḗ"},{"$i":"progressFB3ImportTitle","$v":"Īīḿƥǿǿřŧīīƞɠ ƒřīīḗḗƞḓş ŧǿǿ Ƈǿǿƞŧȧȧƈŧş"},{"$i":"progressFB","$v":[{"t":"idOrVar","v":"current"},"/",{"t":"idOrVar","v":"total"}]},{"$i":"progressFB3UpdateTitle","$v":"Ŭŭƥḓȧȧŧīīƞɠ ƒřīīḗḗƞḓş īīƞ Ƈǿǿƞŧȧȧƈŧş"},{"$i":"message2","$v":"Ŧħīīş ḿȧȧẏ ŧȧȧķḗḗ ȧȧ ƈǿǿŭŭƥŀḗḗ ǿǿƒ ḿīīƞŭŭŧḗḗş"},{"$i":"messageLinking","$v":"Ƥŀḗḗȧȧşḗḗ ħǿǿŀḓ ǿǿƞ. Ẇḗḗ ȧȧřḗḗ ŀīīƞķīīƞɠ ẏǿǿŭŭř ƒřīīḗḗƞḓ ȧȧƞḓ ẏǿǿŭŭř ƈǿǿƞŧȧȧƈŧ."},{"$i":"messageCanceling","$v":"Ƥŀḗḗȧȧşḗḗ ħǿǿŀḓ ǿǿƞ. Ẇḗḗ ȧȧřḗḗ ƈȧȧƞƈḗḗŀīīƞɠ ŧħḗḗ ǿǿƞɠǿǿīīƞɠ ǿǿƥḗḗřȧȧŧīīǿǿƞ."},{"$i":"error1","$v":["Ḗḗřřǿǿř ",{"t":"idOrVar","v":"from"}]},{"$i":"error2","$v":"Ḓǿǿ ẏǿǿŭŭ ẇȧȧƞŧ ŧǿǿ řḗḗŧřẏ?"},{"$i":"errorProposal","$v":"ƈȧȧŀƈŭŭŀȧȧŧīīƞɠ ƥřǿǿƥǿǿşȧȧŀş"},{"$i":"errorFriends","$v":"řḗḗŧřīīḗḗṽīīƞɠ ƒřīīḗḗƞḓş"},{"$i":"errorLinking","$v":"ŀīīƞķīīƞɠ ƈǿǿƞŧȧȧƈŧ"},{"$i":"timeout1","$v":["Ḗḗẋƈḗḗḗḗḓḗḗḓ ŧīīḿḗḗǿǿŭŭŧ ",{"t":"idOrVar","v":"from"}]},{"$i":"timeout2","$v":"Ḓǿǿ ẏǿǿŭŭ ẇȧȧƞŧ ŧǿǿ řḗḗŧřẏ?"},{"$i":"timeoutProposal","$v":"ƈȧȧŀƈŭŭŀȧȧŧīīƞɠ ƥřǿǿƥǿǿşȧȧŀş"},{"$i":"timeoutFriends","$v":"řḗḗŧřīīḗḗṽīīƞɠ ƒřīīḗḗƞḓş"},{"$i":"timeoutLinking","$v":"ŀīīƞķīīƞɠ ƈǿǿƞŧȧȧƈŧş"},{"$i":"wait1","$v":"Ƥŀḗḗȧȧşḗḗ ħǿǿŀḓ ǿǿƞ"},{"$i":"wait2","$v":"Ŧħīīş ḿȧȧẏ ŧȧȧķḗḗ ȧȧ ƈǿǿŭŭƥŀḗḗ ǿǿƒ ḿīīƞŭŭŧḗḗş"},{"$i":"waitProposal","$v":"Ƥŀḗḗȧȧşḗḗ ħǿǿŀḓ ǿǿƞ. Ẇḗḗ ȧȧřḗḗ ƈȧȧŀƈŭŭŀȧȧŧīīƞɠ ȧȧ ƥřǿǿƥǿǿşȧȧŀ."},{"$i":"waitFriends","$v":"Ƥŀḗḗȧȧşḗḗ ħǿǿŀḓ ǿǿƞ. Ẇḗḗ ȧȧřḗḗ ƈǿǿƞƞḗḗƈŧīīƞɠ ŧǿǿ ǿǿƀŧȧȧīīƞ ẏǿǿŭŭř ƒřīīḗḗƞḓ ŀīīşŧ."},{"$i":"curtainCancel","$v":"Ƈȧȧƞƈḗḗŀ"},{"$i":"curtainRetry","$v":"Řḗḗŧřẏ"},{"$i":"curtainOK","$v":"ǾǿĶ"},{"$i":"connectionLost","$v":"Ƞǿǿ Īīƞŧḗḗřƞḗḗŧ ƈǿǿƞƞḗḗƈŧīīǿǿƞ"},{"$i":"connectionLostMsg","$v":"Ƒřīīḗḗƞḓş’ ƥħǿǿŧǿǿş ẇīīŀŀ ƞǿǿŧ ƀḗḗ ȧȧḓḓḗḗḓ ŧǿǿ ẏǿǿŭŭř ƈǿǿƞŧȧȧƈŧş. Ƈǿǿƞŧīīƞŭŭḗḗ ȧȧƞẏẇȧȧẏ?"},{"$i":"yesOption","$v":"ǾǿĶ"},{"$i":"noOption","$v":"Ƈȧȧƞƈḗḗŀ"},{"$i":"notificationLogin","$v":"Ẏǿǿŭŭř Ƒȧȧƈḗḗƀǿǿǿǿķ şḗḗşşīīǿǿƞ īīş īīƞṽȧȧŀīīḓ. Ƥŀḗḗȧȧşḗḗ şīīɠƞ īīƞ."},{"$i":"syncError","$v":"Ŧħḗḗřḗḗ ẇȧȧş ȧȧƞ ḗḗřřǿǿř şẏƞƈħřǿǿƞīīẑīīƞɠ ẏǿǿŭŭř ƒřīīḗḗƞḓ’ş ḓȧȧŧȧȧ"}]