{
  "name": "fast-list",
  "homepage": "https://github.com/gaia-components/fast-list",
  "authors": [
    "Etienne Segonzac <etienne@segonzac.info>",
    "Wilson Page <wilsonpage@me.com>"
  ],
  "description": "No, really.",
  "main": "fast-list.js",
  "keywords": [
    "web",
    "performance",
    "virtual",
    "list"
  ],
  "license": "MPL",
  "ignore": [
    "**/.*",
    "node_modules",
    "bower_components",
    "examples",
    "test",
    "tests"
  ],
  "dependencies": {
    "dom-scheduler": "etiennesegonzac/dom-scheduler#~1.0.1"
  },
  "version": "0.1.5",
  "_release": "0.1.5",
  "_resolution": {
    "type": "version",
    "tag": "v0.1.5",
    "commit": "7b2d68459c1c0710872045a8cb76edd61a013d05"
  },
  "_source": "git://github.com/gaia-components/fast-list.git",
  "_target": "0.1.5",
  "_originalSource": "gaia-components/fast-list"
}