{
  "name": "gaia-fast-list",
  "homepage": "https://github.com/gaia-components/gaia-fast-list",
  "authors": [
    "Etienne Segonzac <etienne@segonzac.info>",
    "Wilson Page <wilsonpage@me.com>"
  ],
  "description": "No, really.",
  "main": "gaia-fast-list.js",
  "keywords": [
    "web",
    "performance",
    "virtual",
    "list"
  ],
  "license": "MPL",
  "ignore": [
    "**/.*",
    "node_modules",
    "bower_components",
    "README.md",
    "examples",
    "test",
    "tests"
  ],
  "dependencies": {
    "fast-list": "gaia-components/fast-list#0.1.5",
    "gaia-component": "gaia-components/gaia-component#~0.4.0",
    "gaia-sub-header": "gaia-components/gaia-sub-header#~0.4.1",
    "poplar": "wilsonpage/poplar"
  },
  "devDependencies": {
    "gaia-header": "gaia-components/gaia-header#~0.8.4",
    "gaia-icons": "gaia-components/gaia-icons#~0.9.2",
    "gaia-theme": "gaia-components/gaia-theme#~0.5.1",
    "test-utils": "gaia-components/test-utils#~0.1.0"
  },
  "resolutions": {
    "gaia-icons": "~0.9.2",
    "gaia-component": "~0.4.0"
  },
  "version": "0.3.2",
  "_release": "0.3.2",
  "_resolution": {
    "type": "version",
    "tag": "v0.3.2",
    "commit": "db2e5c00a53427629dcad93a25688651fc9ab529"
  },
  "_source": "git://github.com/gaia-components/gaia-fast-list.git",
  "_target": "0.3.2",
  "_originalSource": "gaia-components/gaia-fast-list"
}