[{"$i":"gaia-menu-cancel","$v":"Ƈȧȧƞƈḗḗŀ"},{"$i":"emergencyNumber","$v":"Ḗḗḿḗḗřɠḗḗƞƈẏ ƞŭŭḿƀḗḗř"},{"$i":"callAirplaneModeMessage","$v":"Ŧǿǿ ḿȧȧķḗḗ ȧȧ ƈȧȧŀŀ ẏǿǿŭŭ ƞḗḗḗḗḓ ŧǿǿ ḓīīşȧȧƀŀḗḗ ȧȧīīřƥŀȧȧƞḗḗ ḿǿǿḓḗḗ īīƞ şḗḗŧŧīīƞɠş."},{"$i":"callAirplaneModeBtnOk","$v":"ǾǿĶ"},{"$i":"callAirplaneModeTitle","$v":"Ȧȧīīřƥŀȧȧƞḗḗ ḿǿǿḓḗḗ ȧȧƈŧīīṽȧȧŧḗḗḓ"},{"$i":"numberIsBusyTitle","$v":"Ƞŭŭḿƀḗḗř īīş ƀŭŭşẏ"},{"$i":"numberIsBusyMessage","$v":"Ŧħḗḗ ƞŭŭḿƀḗḗř īīş ƈŭŭřřḗḗƞŧŀẏ ƀŭŭşẏ. Ƥŀḗḗȧȧşḗḗ ŧřẏ ȧȧɠȧȧīīƞ ŀȧȧŧḗḗř."},{"$i":"fdnIsActiveTitle","$v":"ƑḒȠ ȧȧƈŧīīṽḗḗ"},{"$i":"fdnIsActiveMessage","$v":["ƑḒȠ (Ƒīīẋḗḗḓ Ḓīīȧȧŀīīƞɠ Ƞŭŭḿƀḗḗřş) īīş ȧȧƈŧīīṽȧȧŧḗḗḓ ȧȧƞḓ ŧħḗḗ ƒǿǿŀŀǿǿẇīīƞɠ ƞŭŭḿƀḗḗř īīş ƞǿǿŧ īīƞ ẏǿǿŭŭř ƑḒȠ ŀīīşŧ: ",{"t":"idOrVar","v":"number"}]},{"$i":"emergencyDialogBodyBadNumber","$v":"Ŧǿǿ ḿȧȧķḗḗ ȧȧ ƈȧȧŀŀ, ŧħḗḗ ƥħǿǿƞḗḗ ḿŭŭşŧ ƀḗḗ ƈǿǿƞƞḗḗƈŧḗḗḓ ŧǿǿ ȧȧ ƞḗḗŧẇǿǿřķ."},{"$i":"emergencyDialogBodyDeviceNotAccepted","$v":"Ḗḗḿḗḗřɠḗḗƞƈẏ ƈȧȧŀŀş ȧȧřḗḗ ƞǿǿŧ ȧȧŀŀǿǿẇḗḗḓ ƀẏ ŧħḗḗ ƞḗḗŧẇǿǿřķ."},{"$i":"emergencyDialogBtnOk","$v":"ǾǿĶ"},{"$i":"emergencyDialogTitle","$v":"Ƞǿǿ ƞḗḗŧẇǿǿřķ ƈǿǿƞƞḗḗƈŧīīǿǿƞ"},{"$i":"invalidNumberToDialTitle","$v":"Īīƞṽȧȧŀīīḓ ƥħǿǿƞḗḗ ƞŭŭḿƀḗḗř"},{"$i":"invalidNumberToDialMessage","$v":"Ŧħḗḗ ƥħǿǿƞḗḗ ƞŭŭḿƀḗḗř ẏǿǿŭŭ ȧȧřḗḗ ƈȧȧŀŀīīƞɠ īīş ƞǿǿŧ ṽȧȧŀīīḓ."},{"$i":"unableToCallTitle","$v":"Ŭŭƞȧȧƀŀḗḗ ŧǿǿ ḿȧȧķḗḗ ȧȧ ƥħǿǿƞḗḗ ƈȧȧŀŀ ƞǿǿẇ"},{"$i":"unableToCallMessage","$v":"Ƈȧȧƞƞǿǿŧ ḿȧȧķḗḗ ȧȧ ƈȧȧŀŀ. Īīƒ ẏǿǿŭŭ ȧȧřḗḗ ȧȧŀřḗḗȧȧḓẏ ḓīīȧȧŀīīƞɠ, ƥŀḗḗȧȧşḗḗ ħȧȧƞɠ ŭŭƥ ƒīīřşŧ."},{"$i":"otherConnectionInUseTitle","$v":"Ǿǿŧħḗḗř ƈǿǿƞƞḗḗƈŧīīǿǿƞ īīƞ ŭŭşḗḗ"},{"$i":"otherConnectionInUseMessage","$v":"Ẏǿǿŭŭ ħȧȧṽḗḗ ȧȧƞ ȧȧƈŧīīṽḗḗ ƈȧȧŀŀ ǿǿƞ ȧȧƞǿǿŧħḗḗř ƈǿǿƞƞḗḗƈŧīīǿǿƞ. Ẏǿǿŭŭ ƈȧȧƞ ǿǿƞŀẏ ŭŭşḗḗ ǿǿƞḗḗ ƈǿǿƞƞḗḗƈŧīīǿǿƞ ȧȧŧ ȧȧ ŧīīḿḗḗ."},{"$i":"callBarredByTheOperatorMessage","$v":"Ƈȧȧŀŀ ẇȧȧş ƀȧȧřřḗḗḓ ƀẏ ŧħḗḗ ǿǿƥḗḗřȧȧŧǿǿř"},{"$i":"connectingEllipsis","$v":"Ƈǿǿƞƞḗḗƈŧīīƞɠ…"},{"$i":"phone_type_mobile","$v":"Ḿǿǿƀīīŀḗḗ"},{"$i":"phone_type_home","$v":"Ħǿǿḿḗḗ"},{"$i":"phone_type_work","$v":"Ẇǿǿřķ"},{"$i":"phone_type_personal","$v":"Ƥḗḗřşǿǿƞȧȧŀ"},{"$i":"phone_type_fax_home","$v":"Ƒȧȧẋ ħǿǿḿḗḗ"},{"$i":"phone_type_fax_office","$v":"Ƒȧȧẋ ǿǿƒƒīīƈḗḗ"},{"$i":"phone_type_fax_other","$v":"Ƒȧȧẋ ǿǿŧħḗḗř"},{"$i":"phone_type_other","$v":"Ǿǿŧħḗḗř"},{"$i":"phone_type_custom","$v":[{"t":"idOrVar","v":"type"}]},{"$i":"phone_type_mobile_and_carrier","$v":["Ḿǿǿƀīīŀḗḗ, ",{"t":"idOrVar","v":"carrier"}]},{"$i":"phone_type_home_and_carrier","$v":["Ħǿǿḿḗḗ, ",{"t":"idOrVar","v":"carrier"}]},{"$i":"phone_type_work_and_carrier","$v":["Ẇǿǿřķ, ",{"t":"idOrVar","v":"carrier"}]},{"$i":"phone_type_personal_and_carrier","$v":["Ƥḗḗřşǿǿƞȧȧŀ, ",{"t":"idOrVar","v":"carrier"}]},{"$i":"phone_type_fax_home_and_carrier","$v":["Ƒȧȧẋ ħǿǿḿḗḗ, ",{"t":"idOrVar","v":"carrier"}]},{"$i":"phone_type_fax_office_and_carrier","$v":["Ƒȧȧẋ ǿǿƒƒīīƈḗḗ, ",{"t":"idOrVar","v":"carrier"}]},{"$i":"phone_type_fax_other_and_carrier","$v":["Ƒȧȧẋ ǿǿŧħḗḗř, ",{"t":"idOrVar","v":"carrier"}]},{"$i":"phone_type_other_and_carrier","$v":["Ǿǿŧħḗḗř, ",{"t":"idOrVar","v":"carrier"}]},{"$i":"phone_type_custom_and_carrier","$v":[{"t":"idOrVar","v":"type"},", ",{"t":"idOrVar","v":"carrier"}]},{"$i":"call","$v":"Ƈȧȧŀŀ"},{"$i":"edit","$v":"Ḗḗḓīīŧ"},{"$i":"cancel","$v":"Ƈȧȧƞƈḗḗŀ"},{"$i":"done","$v":"Ḓǿǿƞḗḗ"},{"$i":"ok","$v":"ǾǿĶ"},{"$i":"retry","$v":"Řḗḗŧřẏ"},{"$i":"contacts","$v":"Ƈǿǿƞŧȧȧƈŧş"},{"$i":"addContact","$v":"Ȧȧḓḓ ƈǿǿƞŧȧȧƈŧ"},{"$i":"deleteContact","$v":"Ḓḗḗŀḗḗŧḗḗ ƈǿǿƞŧȧȧƈŧ"},{"$i":"selectContact","$v":"Şḗḗŀḗḗƈŧ ƈǿǿƞŧȧȧƈŧ"},{"$i":"editContact","$v":"Ḗḗḓīīŧ ƈǿǿƞŧȧȧƈŧ"},{"$i":"deleteConfirmMsg","$v":"Ḓḗḗŀḗḗŧḗḗ ƈǿǿƞŧȧȧƈŧ?"},{"$i":"remove","$v":"Řḗḗḿǿǿṽḗḗ"},{"$i":"delete","$v":"Ḓḗḗŀḗḗŧḗḗ"},{"$i":"comments","$v":"Ƈǿǿḿḿḗḗƞŧş"},{"$i":"no_contact_phones","$v":"Ŧħīīş ƈǿǿƞŧȧȧƈŧ ḓǿǿḗḗş ƞǿǿŧ ħȧȧṽḗḗ ȧȧ ƥħǿǿƞḗḗ ƞŭŭḿƀḗḗř"},{"$i":"no_contact_email","$v":"Ŧħīīş ƈǿǿƞŧȧȧƈŧ ḓǿǿḗḗş ƞǿǿŧ ħȧȧṽḗḗ ȧȧƞ ḗḗḿȧȧīīŀ ȧȧḓḓřḗḗşş"},{"$i":"no_contact_data_available","$v":"Ŧħīīş ƈǿǿƞŧȧȧƈŧ ḓǿǿḗḗş ƞǿǿŧ ħȧȧṽḗḗ ȧȧ ƥħǿǿƞḗḗ ƞŭŭḿƀḗḗř ǿǿř ḗḗḿȧȧīīŀ ȧȧḓḓřḗḗşş"},{"$i":"removePhotoConfirm","$v":"Řḗḗḿǿǿṽḗḗ ƈǿǿƞŧȧȧƈŧ ƥīīƈŧŭŭřḗḗ?"},{"$i":"loadingContacts","$v":"Ŀǿǿȧȧḓīīƞɠ ƈǿǿƞŧȧȧƈŧş…"},{"$i":"noContactsActivity2","$v":"Ƞǿǿ ƈǿǿƞŧȧȧƈŧş īīƞ ẏǿǿŭŭř Ƈǿǿƞŧȧȧƈŧş ŀīīşŧ"},{"$i":"noName","$v":"Ƞǿǿ ƞȧȧḿḗḗ"},{"$i":"givenName","placeholder":"Ƞȧȧḿḗḗ"},{"$i":"familyName","placeholder":"Ŀȧȧşŧ ƞȧȧḿḗḗ"},{"$i":"tel","placeholder":"Ƥħǿǿƞḗḗ"},{"$i":"carrier","$v":"Ƈȧȧřřīīḗḗř","placeholder":"Ƈȧȧřřīīḗḗř"},{"$i":"separator","$v":","},{"$i":"email","$v":"Ḗḗḿȧȧīīŀ","placeholder":"Ḗḗḿȧȧīīŀ"},{"$i":"streetAddress","placeholder":"Şŧřḗḗḗḗŧ"},{"$i":"postalCode","placeholder":"Ẑīīƥ ƈǿǿḓḗḗ"},{"$i":"locality","placeholder":"Ƈīīŧẏ"},{"$i":"countryName","placeholder":"Ƈǿǿŭŭƞŧřẏ"},{"$i":"comment","placeholder":"Ƈǿǿḿḿḗḗƞŧ"},{"$i":"org","placeholder":"Ƈǿǿḿƥȧȧƞẏ"},{"$i":"date","$v":"Ḓȧȧŧḗḗ","placeholder":"Ḓȧȧŧḗḗ"},{"$i":"date-span-placeholder","$v":"Ḓȧȧŧḗḗ"},{"$i":"birthday","$v":"Ɓīīřŧħḓȧȧẏ"},{"$i":"anniversary","$v":"Ȧȧƞƞīīṽḗḗřşȧȧřẏ"},{"$i":"addPhoto","$v":"Ȧȧḓḓ Ƥīīƈŧŭŭřḗḗ"},{"$i":"addPhone","$v":"Ȧȧḓḓ Ƥħǿǿƞḗḗ"},{"$i":"addEmail","$v":"Ȧȧḓḓ Ḗḗḿȧȧīīŀ"},{"$i":"addAddress","$v":"Ȧȧḓḓ Ȧȧḓḓřḗḗşş"},{"$i":"addDate","$v":"Ȧȧḓḓ Ḓȧȧŧḗḗ"},{"$i":"addComment","$v":"Ȧȧḓḓ Ƈǿǿḿḿḗḗƞŧ"},{"$i":"addFavorite","$v":"Ȧȧḓḓ ȧȧş Ƒȧȧṽǿǿřīīŧḗḗ"},{"$i":"removeFavorite","$v":"Řḗḗḿǿǿṽḗḗ ȧȧş Ƒȧȧṽǿǿřīīŧḗḗ"},{"$i":"addButton","ariaLabel":"Ȧȧḓḓ"},{"$i":"editButton","ariaLabel":"Ḗḗḓīīŧ"},{"$i":"settingsButton","ariaLabel":"Şḗḗŧŧīīƞɠş"},{"$i":"phoneDetail","ariaLabel":"Ƥħǿǿƞḗḗ"},{"$i":"emailDetail","ariaLabel":"Ḗḗḿȧȧīīŀ"},{"$i":"addressDetail","ariaLabel":"Ȧȧḓḓřḗḗşş"},{"$i":"dateDetail","ariaLabel":"Ḓȧȧŧḗḗ"},{"$i":"composeEmail","ariaLabel":"Ḗḗḿȧȧīīŀ"},{"$i":"makeCall","ariaLabel":"Ƈȧȧŀŀ"},{"$i":"phones","ariaLabel":"Ƥħǿǿƞḗḗş"},{"$i":"emails","ariaLabel":"Ḗḗḿȧȧīīŀş"},{"$i":"addresses","ariaLabel":"Ȧȧḓḓřḗḗşşḗḗş"},{"$i":"dates","ariaLabel":"Ḓȧȧŧḗḗş"},{"$i":"notes","ariaLabel":"Ƞǿǿŧḗḗş"},{"$i":"exit","$v":"Ḗḗẋīīŧ"},{"$i":"expand","$v":"Ḗḗẋƥȧȧƞḓ"},{"$i":"labelName","$v":"Ƞȧȧḿḗḗ:"},{"$i":"labelLastName","$v":"Ŀȧȧşŧ ƞȧȧḿḗḗ:"},{"$i":"labelPhoneNumber","$v":"Ƥħǿǿƞḗḗ ƞŭŭḿƀḗḗř:"},{"$i":"labelCarrier","$v":"Ƈȧȧřřīīḗḗř:"},{"$i":"labelEmail","$v":"Ḗḗḿȧȧīīŀ:"},{"$i":"labelStreet","$v":"Şŧřḗḗḗḗŧ:"},{"$i":"labelZip","$v":"Ẑīīƥ ƈǿǿḓḗḗ:"},{"$i":"labelCity","$v":"Ƈīīŧẏ:"},{"$i":"labelCountry","$v":"Ƈǿǿŭŭƞŧřẏ:"},{"$i":"labelComment","$v":"Ƈǿǿḿḿḗḗƞŧ:"},{"$i":"legendTitleMain","$v":"Ḿȧȧīīƞ īīƞƒǿǿřḿȧȧŧīīǿǿƞ"},{"$i":"legendPhones","$v":"Ƥħǿǿƞḗḗ ƞŭŭḿƀḗḗřş"},{"$i":"legendEmail","$v":"Ḗḗḿȧȧīīŀ ȧȧḓḓřḗḗşş"},{"$i":"legendAddress","$v":"Ȧȧḓḓřḗḗşş"},{"$i":"transferContactsTitle","$v":"Ŧřȧȧƞşƒḗḗř Ƈǿǿƞŧȧȧƈŧş"},{"$i":"importContactsTitle","$v":"Īīḿƥǿǿřŧ Ƈǿǿƞŧȧȧƈŧş"},{"$i":"importContactsButton","$v":"Īīḿƥǿǿřŧ Ƈǿǿƞŧȧȧƈŧş"},{"$i":"exportContactsTitle","$v":"Ḗḗẋƥǿǿřŧ Ƈǿǿƞŧȧȧƈŧş"},{"$i":"exportContactsButton","$v":"Ḗḗẋƥǿǿřŧ Ƈǿǿƞŧȧȧƈŧş"},{"$i":"exportContactsAction","$v":"Ḗḗẋƥǿǿřŧ"},{"$i":"simExport-title","$v":"Ḗḗẋƥǿǿřŧ ŧǿǿ ŞĪīḾ"},{"$i":"memoryCardExport-title","$v":"Ḗḗẋƥǿǿřŧ ŧǿǿ ḿḗḗḿǿǿřẏ ƈȧȧřḓ"},{"$i":"btExport-title","$v":"Ḗḗẋƥǿǿřŧ ŧǿǿ Ɓŀŭŭḗḗŧǿǿǿǿŧħ"},{"$i":"memoryCardUMSEnabled","$v":"Ƈȧȧƞƞǿǿŧ ŭŭşḗḗ ḿḗḗḿǿǿřẏ ƈȧȧřḓ ƀḗḗƈȧȧŭŭşḗḗ ŬŭŞƁ şŧǿǿřȧȧɠḗḗ īīş ḗḗƞȧȧƀŀḗḗḓ"},{"$i":"exportErrorTitle","$v":"Ḗḗẋƥǿǿřŧ ḗḗřřǿǿř"},{"$i":"contactsExported2","$v":{"zero":"Ƞǿǿ ƈǿǿƞŧȧȧƈŧş ḗḗẋƥǿǿřŧḗḗḓ","one":[{"t":"idOrVar","v":"exported"},"/",{"t":"idOrVar","v":"total"}," ƈǿǿƞŧȧȧƈŧş ḗḗẋƥǿǿřŧḗḗḓ"],"two":[{"t":"idOrVar","v":"exported"},"/",{"t":"idOrVar","v":"total"}," ƈǿǿƞŧȧȧƈŧş ḗḗẋƥǿǿřŧḗḗḓ"],"few":[{"t":"idOrVar","v":"exported"},"/",{"t":"idOrVar","v":"total"}," ƈǿǿƞŧȧȧƈŧş ḗḗẋƥǿǿřŧḗḗḓ"],"many":[{"t":"idOrVar","v":"exported"},"/",{"t":"idOrVar","v":"total"}," ƈǿǿƞŧȧȧƈŧş ḗḗẋƥǿǿřŧḗḗḓ"],"other":[{"t":"idOrVar","v":"exported"},"/",{"t":"idOrVar","v":"total"}," ƈǿǿƞŧȧȧƈŧş ḗḗẋƥǿǿřŧḗḗḓ"]},"$x":[{"t":"idOrVar","v":"plural"},"exported"]},{"$i":"exportError-general","$v":"Şǿǿḿḗḗ ḗḗřřǿǿř ħȧȧƥƥḗḗƞḗḗḓ ẇħīīŀḗḗ ḗḗẋƥǿǿřŧīīƞɠ"},{"$i":"exportError-SD-shared","$v":"Ƈȧȧƞ’ŧ ȧȧƈƈḗḗşş ḿḗḗḿǿǿřẏ ƈȧȧřḓ ƀḗḗƈȧȧŭŭşḗḗ īīŧ’ş şħȧȧřḗḗḓ"},{"$i":"exportError-SD-unavailable","$v":"Ḿḗḗḿǿǿřẏ ƈȧȧřḓ īīş ƞǿǿŧ ȧȧṽȧȧīīŀȧȧƀŀḗḗ"},{"$i":"exportError-SD-noSpace","$v":"Ŧħḗḗřḗḗ’ş ƞǿǿŧ ḗḗƞǿǿŭŭɠħ şƥȧȧƈḗḗ ǿǿƞ ŧħḗḗ ḿḗḗḿǿǿřẏ ƈȧȧřḓ ŧǿǿ ḗḗẋƥǿǿřŧ ŧħḗḗ ƈǿǿƞŧȧȧƈŧş"},{"$i":"exportError-SIM-unavailable","$v":"ŞĪīḾ ƈȧȧřḓ īīş ƞǿǿŧ ȧȧṽȧȧīīŀȧȧƀŀḗḗ"},{"$i":"exportError-BT-shared","$v":"Ƈȧȧƞ’ŧ ȧȧƈƈḗḗşş ḿḗḗḿǿǿřẏ ƈȧȧřḓ ƀḗḗƈȧȧŭŭşḗḗ īīŧ’ş şħȧȧřḗḗḓ"},{"$i":"exportError-BT-unavailable","$v":"Ḿḗḗḿǿǿřẏ ƈȧȧřḓ īīş ƞǿǿŧ ȧȧṽȧȧīīŀȧȧƀŀḗḗ"},{"$i":"exportError-BT-noSpace","$v":"Ŧħḗḗřḗḗ’ş ƞǿǿŧ ḗḗƞǿǿŭŭɠħ şƥȧȧƈḗḗ ǿǿƞ ŧħḗḗ ḿḗḗḿǿǿřẏ ƈȧȧřḓ ŧǿǿ ḗḗẋƥǿǿřŧ ŧħḗḗ ƈǿǿƞŧȧȧƈŧş"},{"$i":"social-network","$v":"Şǿǿƈīīȧȧŀ ƞḗḗŧẇǿǿřķş"},{"$i":"social-link","$v":"Ŀīīƞķ ƈǿǿƞŧȧȧƈŧ"},{"$i":"social-unlink","$v":"Ŭŭƞŀīīƞķ ƈǿǿƞŧȧȧƈŧ"},{"$i":"social-unlink-confirm-title","$v":"Ḓǿǿ ẏǿǿŭŭ ẇȧȧƞŧ ŧǿǿ ŭŭƞŀīīƞķ ẏǿǿŭŭř ƒřīīḗḗƞḓ?"},{"$i":"social-unlink-confirm-accept","$v":"Ŭŭƞŀīīƞķ"},{"$i":"facebook-import","$v":"Īīḿƥǿǿřŧ Ƒȧȧƈḗḗƀǿǿǿǿķ ƒřīīḗḗƞḓş"},{"$i":"show-fb-profile","$v":"Ṽīīḗḗẇ Ƒȧȧƈḗḗƀǿǿǿǿķ ƥřǿǿƒīīŀḗḗ"},{"$i":"msg-send","$v":"Ḿḗḗşşȧȧɠḗḗ"},{"$i":"wall-post","$v":"Ẇȧȧŀŀ ƥǿǿşŧ"},{"$i":"share-contact","$v":"Şħȧȧřḗḗ Ƈǿǿƞŧȧȧƈŧ"},{"$i":"facebook-export-forbidden","$v":"Ŧħḗḗ ƈǿǿƞŧȧȧƈŧ ƈȧȧƞƞǿǿŧ ƀḗḗ şħȧȧřḗḗḓ ḓŭŭḗḗ ŧǿǿ Ƒȧȧƈḗḗƀǿǿǿǿķ ƈǿǿƞşŧřȧȧīīƞŧ."},{"$i":"otherAccount","$v":"Ǿǿŧħḗḗř ȧȧƈƈǿǿŭŭƞŧş"},{"$i":"facebookSwitchMsg","$v":"Şẏƞƈ ƒřīīḗḗƞḓş"},{"$i":"select_mobile","$v":"Şḗḗŀḗḗƈŧ ḿǿǿƀīīŀḗḗ"},{"$i":"select_email","$v":"Şḗḗŀḗḗƈŧ ḗḗḿȧȧīīŀ"},{"$i":"select_recipient","$v":"Şḗḗŀḗḗƈŧ řḗḗƈīīƥīīḗḗƞŧ"},{"$i":"settings","$v":"Şḗḗŧŧīīƞɠş"},{"$i":"contactsOrderBy","$v":"Ǿǿřḓḗḗř ƀẏ ŀȧȧşŧ ƞȧȧḿḗḗ"},{"$i":"importSim2","$v":"ŞĪīḾ ƈȧȧřḓ"},{"$i":"importGmail","$v":"Ɠḿȧȧīīŀ"},{"$i":"bluetooth","$v":"Ɓŀŭŭḗḗŧǿǿǿǿŧħ"},{"$i":"importOutlook","$v":"Ǿǿŭŭŧŀǿǿǿǿķ"},{"$i":"fbUpdateFriends","$v":"Ŭŭƥḓȧȧŧḗḗ īīḿƥǿǿřŧḗḗḓ ƒřīīḗḗƞḓş"},{"$i":"cleaningFbData","$v":"Řḗḗḿǿǿṽīīƞɠ Ƒȧȧƈḗḗƀǿǿǿǿķ ḓȧȧŧȧȧ"},{"$i":"loggingOutFb","$v":"Ŀǿǿɠɠīīƞɠ ǿǿŭŭŧ ƒřǿǿḿ Ƒȧȧƈḗḗƀǿǿǿǿķ"},{"$i":"cleanFbConfirmMsg","$v":"Řḗḗḿǿǿṽḗḗ ȧȧŀŀ Ƒȧȧƈḗḗƀǿǿǿǿķ ḓȧȧŧȧȧ?"},{"$i":"renewPwdMsg","$v":"Ẏǿǿŭŭř ƥȧȧşşẇǿǿřḓ īīƞ Ƒȧȧƈḗḗƀǿǿǿǿķ ħȧȧş ƈħȧȧƞɠḗḗḓ. Ƥŀḗḗȧȧşḗḗ, ŭŭƥḓȧȧŧḗḗ īīŧ."},{"$i":"notEnabledYet","$v":"Ƞǿǿŧ ḗḗƞȧȧƀŀḗḗḓ ẏḗḗŧ"},{"$i":"genericNoConnection","$v":"Ŧǿǿ īīḿƥǿǿřŧ ƈǿǿƞŧȧȧƈŧş ƈǿǿƞƞḗḗƈŧ ŧǿǿ Ẇīī-Ƒīī ǿǿř ḓȧȧŧȧȧ ƞḗḗŧẇǿǿřķ"},{"$i":"simCard","$v":"ŞĪīḾ ƈȧȧřḓ"},{"$i":"memoryCard","$v":"Ḿḗḗḿǿǿřẏ ƈȧȧřḓ"},{"$i":"simNumberNoMSISDN","$v":["ŞĪīḾ ",{"t":"idOrVar","v":"number"},":"]},{"$i":"simNumberWithMSISDN","$v":["ŞĪīḾ ",{"t":"idOrVar","v":"number"},": ",{"t":"idOrVar","v":"msisdn"}]},{"$i":"ICEContactsGroup","$v":"ĪīƇḖḗ Ƈǿǿƞŧȧȧƈŧş"},{"$i":"setICEButton","$v":"Şḗḗŧ ĪīƇḖḗ Ƈǿǿƞŧȧȧƈŧş"},{"$i":"ICESettingTitle","$v":"ĪīƇḖḗ Ƈǿǿƞŧȧȧƈŧş"},{"$i":"ICEDescription","$v":"Ȧȧḓḓ ŧẇǿǿ ƈǿǿƞŧȧȧƈŧş ƒǿǿř ḿȧȧķīīƞɠ “Īīƞ Ƈȧȧşḗḗ ǿǿƒ Ḗḗḿḗḗřɠḗḗƞƈẏ” ƈȧȧŀŀş."},{"$i":"ICEContact1","$v":"ĪīƇḖḗ Ƈǿǿƞŧȧȧƈŧ 1"},{"$i":"ICESelectContact","$v":"Şḗḗŀḗḗƈŧ ȧȧ ƈǿǿƞŧȧȧƈŧ"},{"$i":"ICEContact2","$v":"ĪīƇḖḗ Ƈǿǿƞŧȧȧƈŧ 2"},{"$i":"ICERepeatedContact","$v":"Ŧħīīş ƈǿǿƞŧȧȧƈŧ īīş ȧȧŀřḗḗȧȧḓẏ ȧȧƞ ḗḗẋīīşŧīīƞɠ ĪīƇḖḗ ƈǿǿƞŧȧȧƈŧ"},{"$i":"ICEUnknownError","$v":"Ŧħḗḗřḗḗ ẇȧȧş ȧȧƞ ḗḗřřǿǿř şḗḗŧŧīīƞɠ ŧħḗḗ ƈǿǿƞŧȧȧƈŧ ȧȧş ĪīƇḖḗ"},{"$i":"ICEContactNoNumber","$v":"Ŧħīīş ƈǿǿƞŧȧȧƈŧ ḓǿǿḗḗşƞ'ŧ ħȧȧṽḗḗ ȧȧ ƥħǿǿƞḗḗ ƞŭŭḿƀḗḗř"},{"$i":"ICEFacebookContactNotAllowed","$v":"Ƒȧȧƈḗḗƀǿǿǿǿķ ƈǿǿƞŧȧȧƈŧş ƈȧȧƞƞǿǿŧ ƀḗḗ şḗḗŧ ȧȧş ĪīƇḖḗ ƈǿǿƞŧȧȧƈŧş"},{"$i":"ICEContactDelTel","$v":"Ḓḗḗŀḗḗŧḗḗḓ ƥħǿǿƞḗḗ ƞŭŭḿƀḗḗřş ȧȧřḗḗ řḗḗḿǿǿṽḗḗḓ ƒřǿǿḿ ĪīƇḖḗ Ƈǿǿƞŧȧȧƈŧ"},{"$i":"ICEContactDelTelAll","$v":"Ȧȧŀŀ ŧħḗḗ ƞŭŭḿƀḗḗřş ȧȧřḗḗ ḓḗḗŀḗḗŧḗḗḓ. Ŧħīīş ƈǿǿƞŧȧȧƈŧ īīş řḗḗḿǿǿṽḗḗḓ ƒřǿǿḿ ŧħḗḗ ĪīƇḖḗ Ƈǿǿƞŧȧȧƈŧş."},{"$i":"no-contacts","$v":"Ƞǿǿ ƈǿǿƞŧȧȧƈŧş"},{"$i":"start-adding","$v":"Şŧȧȧřŧ ȧȧḓḓīīƞɠ ŧħḗḗḿ ƞǿǿẇ"},{"$i":"notImported","$v":"Ƞǿǿŧ īīḿƥǿǿřŧḗḗḓ"},{"$i":"imported","$v":"Īīḿƥǿǿřŧḗḗḓ"},{"$i":"today","$v":"Ŧǿǿḓȧȧẏ"},{"$i":"yesterday","$v":"Ẏḗḗşŧḗḗřḓȧȧẏ"},{"$i":"organise-contacts","$v":"Ǿǿřɠȧȧƞīīẑḗḗ Ƈǿǿƞŧȧȧƈŧş"},{"$i":"find-merge-contacts","$v":"Ƒīīƞḓ ḓŭŭƥŀīīƈȧȧŧḗḗ ƈǿǿƞŧȧȧƈŧş"},{"$i":"preparing-contacts","$v":"Ƥřḗḗƥȧȧřīīƞɠ ƈǿǿƞŧȧȧƈŧş"},{"$i":"exportError-SIM-NoFreeRecordFound","$v":"ŞĪīḾ Ƈȧȧřḓ īīş ƒŭŭŀŀ"},{"$i":"exportError-SIM-CannotAccessPhoneBook","$v":"Ƈȧȧƞƞǿǿŧ ȧȧƈƈḗḗşş ŞĪīḾ ƈȧȧřḓ’ş ƥħǿǿƞḗḗ ƀǿǿǿǿķ"},{"$i":"exportError-SIM-Unavailable","$v":"Ƞǿǿ ŞĪīḾ ḓḗḗŧḗḗƈŧḗḗḓ"},{"$i":"exportError-SIM-GenericError","$v":"Ȧȧƞ ḗḗřřǿǿř ǿǿƈƈŭŭřřḗḗḓ ẇħīīŀḗḗ ḗḗẋƥǿǿřŧīīƞɠ ȧȧ ƈǿǿƞŧȧȧƈŧ"},{"$i":"noSimMsgExport","$v":"Ŧǿǿ ḗḗẋƥǿǿřŧ ƈǿǿƞŧȧȧƈŧş īīƞşḗḗřŧ ǿǿř ŭŭƞŀǿǿƈķ ẏǿǿŭŭř ŞĪīḾ ƈȧȧřḓ"},{"$i":"noMemoryCardMsgExport","$v":"Ŧǿǿ ḗḗẋƥǿǿřŧ ƈǿǿƞŧȧȧƈŧş īīƞşḗḗřŧ ȧȧ ḿḗḗḿǿǿřẏ ƈȧȧřḓ"},{"$i":"ContactManagementTitle","$v":"Ƈǿǿƞŧȧȧƈŧş Ḿȧȧƞȧȧɠḗḗḿḗḗƞŧ"},{"$i":"DeleteTitle","$v":"Ḓḗḗŀḗḗŧḗḗ"},{"$i":"bulkDeleteButton","$v":"Ḓḗḗŀḗḗŧḗḗ Ƈǿǿƞŧȧȧƈŧş"},{"$i":"BulkDelCancel","$v":"Ƈǿǿƞŧȧȧƈŧş ḓḗḗŀḗḗŧḗḗ ƈȧȧƞƈḗḗŀŀḗḗḓ"},{"$i":"DeletedTxt","$v":{"zero":"Ƞǿǿ Ƈǿǿƞŧȧȧƈŧ ŧǿǿ Ḓḗḗŀḗḗŧḗḗ","one":"1 Ƈǿǿƞŧȧȧƈŧ řḗḗḿǿǿṽḗḗḓ","two":[{"t":"idOrVar","v":"n"}," Ƈǿǿƞŧȧȧƈŧş řḗḗḿǿǿṽḗḗḓ"],"few":[{"t":"idOrVar","v":"n"}," Ƈǿǿƞŧȧȧƈŧş řḗḗḿǿǿṽḗḗḓ"],"many":[{"t":"idOrVar","v":"n"}," Ƈǿǿƞŧȧȧƈŧş řḗḗḿǿǿṽḗḗḓ"],"other":[{"t":"idOrVar","v":"n"}," Ƈǿǿƞŧȧȧƈŧş řḗḗḿǿǿṽḗḗḓ"]},"$x":[{"t":"idOrVar","v":"plural"},"n"]},{"$i":"DeletingContacts","$v":"Ḓḗḗŀḗḗŧīīƞɠ ƈǿǿƞŧȧȧƈŧş"},{"$i":"ContactConfirmDel","$v":{"zero":"Ƞǿǿ Ƈǿǿƞŧȧȧƈŧ ŧǿǿ Ḓḗḗŀḗḗŧḗḗ","one":"Ḓḗḗŀḗḗŧḗḗ 1 Ƈǿǿƞŧȧȧƈŧ? Ŧħīīş ƈȧȧƞƞǿǿŧ ƀḗḗ ŭŭƞḓǿǿƞḗḗ.","two":["Ḓḗḗŀḗḗŧḗḗ ",{"t":"idOrVar","v":"n"}," Ƈǿǿƞŧȧȧƈŧş? Ŧħīīş ƈȧȧƞƞǿǿŧ ƀḗḗ ŭŭƞḓǿǿƞḗḗ."],"few":["Ḓḗḗŀḗḗŧḗḗ ",{"t":"idOrVar","v":"n"}," Ƈǿǿƞŧȧȧƈŧş? Ŧħīīş ƈȧȧƞƞǿǿŧ ƀḗḗ ŭŭƞḓǿǿƞḗḗ."],"many":["Ḓḗḗŀḗḗŧḗḗ ",{"t":"idOrVar","v":"n"}," Ƈǿǿƞŧȧȧƈŧş? Ŧħīīş ƈȧȧƞƞǿǿŧ ƀḗḗ ŭŭƞḓǿǿƞḗḗ."],"other":["Ḓḗḗŀḗḗŧḗḗ ",{"t":"idOrVar","v":"n"}," Ƈǿǿƞŧȧȧƈŧş? Ŧħīīş ƈȧȧƞƞǿǿŧ ƀḗḗ ŭŭƞḓǿǿƞḗḗ."]},"$x":[{"t":"idOrVar","v":"plural"},"n"]},{"$i":"SelectedTxt","$v":{"zero":"Ƈǿǿƞŧȧȧƈŧş","one":[{"t":"idOrVar","v":"n"}," şḗḗŀḗḗƈŧḗḗḓ"],"two":[{"t":"idOrVar","v":"n"}," şḗḗŀḗḗƈŧḗḗḓ"],"few":[{"t":"idOrVar","v":"n"}," şḗḗŀḗḗƈŧḗḗḓ"],"many":[{"t":"idOrVar","v":"n"}," şḗḗŀḗḗƈŧḗḗḓ"],"other":[{"t":"idOrVar","v":"n"}," şḗḗŀḗḗƈŧḗḗḓ"]},"$x":[{"t":"idOrVar","v":"plural"},"n"]},{"$i":"video","$v":"Ṽīīḓḗḗǿǿ"},{"$i":"audio","$v":"Ȧȧŭŭḓīīǿǿ"},{"$i":"pick_destination","$v":[{"t":"idOrVar","v":"destination"}," ",{"t":"idOrVar","v":"carrier"}]},{"$i":"removeField","ariaLabel":"Řḗḗḿǿǿṽḗḗ"},{"$i":"undo","ariaLabel":"Ŭŭƞḓǿǿ"},{"$i":"send-sms-button","ariaLabel":"ŞḾŞ"},{"$i":"ice_contacts","$v":"ĪīƇḖḗ Ƈǿǿƞŧȧȧƈŧş"},{"$i":"edit-picture","$v":"Ḗḗḓīīŧ Ƥīīƈŧŭŭřḗḗ"},{"$i":"remove-photo","$v":"Řḗḗḿǿǿṽḗḗ ƥħǿǿŧǿǿ"},{"$i":"change-photo","$v":"Ƈħȧȧƞɠḗḗ ƥħǿǿŧǿǿ"},{"$i":"photo-options","$v":"Ƥħǿǿŧǿǿ ǿǿƥŧīīǿǿƞş"},{"$i":"importAll","$v":"Īīḿƥǿǿřŧ ȧȧŀŀ"},{"$i":"vCardContacts-imported","$v":{"zero":"Ƞǿǿ ƈǿǿƞŧȧȧƈŧş īīḿƥǿǿřŧḗḗḓ","one":"Īīḿƥǿǿřŧḗḗḓ ǿǿƞḗḗ ƈǿǿƞŧȧȧƈŧ","two":["Īīḿƥǿǿřŧḗḗḓ ",{"t":"idOrVar","v":"n"}," ƈǿǿƞŧȧȧƈŧş"],"few":["Īīḿƥǿǿřŧḗḗḓ ",{"t":"idOrVar","v":"n"}," ƈǿǿƞŧȧȧƈŧş"],"many":["Īīḿƥǿǿřŧḗḗḓ ",{"t":"idOrVar","v":"n"}," ƈǿǿƞŧȧȧƈŧş"],"other":["Īīḿƥǿǿřŧḗḗḓ ",{"t":"idOrVar","v":"n"}," ƈǿǿƞŧȧȧƈŧş"]},"$x":[{"t":"idOrVar","v":"plural"},"n"]},{"$i":"back","$v":"Ɓȧȧƈķ"},{"$i":"noSimMsg","$v":"Ŧǿǿ īīḿƥǿǿřŧ ƈǿǿƞŧȧȧƈŧş īīƞşḗḗřŧ ǿǿř ŭŭƞŀǿǿƈķ ẏǿǿŭŭř ŞĪīḾ ƈȧȧřḓ"},{"$i":"noMemoryCardMsg","$v":"Ŧǿǿ īīḿƥǿǿřŧ ƈǿǿƞŧȧȧƈŧş īīƞşḗḗřŧ ȧȧ ḿḗḗḿǿǿřẏ ƈȧȧřḓ"},{"$i":"importMemoryCard","$v":"Ḿḗḗḿǿǿřẏ ƈȧȧřḓ"},{"$i":"emptyAccount","$v":"Ƞǿǿ ƒřīīḗḗƞḓş ǿǿř ƈǿǿƞŧȧȧƈŧş ƒǿǿŭŭƞḓ īīƞ ŧħīīş ȧȧƈƈǿǿŭŭƞŧ."},{"$i":"simContacts-import","$v":"Īīḿƥǿǿřŧ ŞĪīḾ ƈǿǿƞŧȧȧƈŧş"},{"$i":"simContacts-importing","$v":"Īīḿƥǿǿřŧīīƞɠ ŞĪīḾ ƈǿǿƞŧȧȧƈŧş…"},{"$i":"simContacts-reading","$v":"Řḗḗȧȧḓīīƞɠ ƒřǿǿḿ ŞĪīḾ ƈȧȧřḓ…"},{"$i":"simContacts-error","$v":"Ƈǿǿŭŭŀḓ ƞǿǿŧ īīḿƥǿǿřŧ ƈǿǿƞŧȧȧƈŧş ƒřǿǿḿ ŞĪīḾ"},{"$i":"simContacts-imported3","$v":{"zero":"Ƞǿǿ ƈǿǿƞŧȧȧƈŧş ḓḗḗŧḗḗƈŧḗḗḓ ǿǿƞ ŞĪīḾ ŧǿǿ īīḿƥǿǿřŧ","one":"Īīḿƥǿǿřŧḗḗḓ ǿǿƞḗḗ ƈǿǿƞŧȧȧƈŧ","two":["Īīḿƥǿǿřŧḗḗḓ ",{"t":"idOrVar","v":"n"}," ƈǿǿƞŧȧȧƈŧş"],"few":["Īīḿƥǿǿřŧḗḗḓ ",{"t":"idOrVar","v":"n"}," ƈǿǿƞŧȧȧƈŧş"],"many":["Īīḿƥǿǿřŧḗḗḓ ",{"t":"idOrVar","v":"n"}," ƈǿǿƞŧȧȧƈŧş"],"other":["Īīḿƥǿǿřŧḗḗḓ ",{"t":"idOrVar","v":"n"}," ƈǿǿƞŧȧȧƈŧş"]},"$x":[{"t":"idOrVar","v":"plural"},"n"]},{"$i":"memoryCardContacts-import","$v":"Īīḿƥǿǿřŧ ƈǿǿƞŧȧȧƈŧş ƒřǿǿḿ ḿḗḗḿǿǿřẏ ƈȧȧřḓ"},{"$i":"memoryCardContacts-importing","$v":"Īīḿƥǿǿřŧīīƞɠ ƈǿǿƞŧȧȧƈŧş ƒřǿǿḿ ḿḗḗḿǿǿřẏ ƈȧȧřḓ…"},{"$i":"memoryCardContacts-error","$v":"Ƈǿǿŭŭŀḓ ƞǿǿŧ īīḿƥǿǿřŧ ƈǿǿƞŧȧȧƈŧş ƒřǿǿḿ ḿḗḗḿǿǿřẏ ƈȧȧřḓ"},{"$i":"memoryCardContacts-imported3","$v":{"zero":"Ƞǿǿ ƈǿǿƞŧȧȧƈŧş ḓḗḗŧḗḗƈŧḗḗḓ ǿǿƞ ḿḗḗḿǿǿřẏ ƈȧȧřḓ ŧǿǿ īīḿƥǿǿřŧ","one":"Īīḿƥǿǿřŧḗḗḓ ǿǿƞḗḗ ƈǿǿƞŧȧȧƈŧ","two":["Īīḿƥǿǿřŧḗḗḓ ",{"t":"idOrVar","v":"n"}," ƈǿǿƞŧȧȧƈŧş"],"few":["Īīḿƥǿǿřŧḗḗḓ ",{"t":"idOrVar","v":"n"}," ƈǿǿƞŧȧȧƈŧş"],"many":["Īīḿƥǿǿřŧḗḗḓ ",{"t":"idOrVar","v":"n"}," ƈǿǿƞŧȧȧƈŧş"],"other":["Īīḿƥǿǿřŧḗḗḓ ",{"t":"idOrVar","v":"n"}," ƈǿǿƞŧȧȧƈŧş"]},"$x":[{"t":"idOrVar","v":"plural"},"n"]},{"$i":"genericProgress","$v":[{"t":"idOrVar","v":"current"},"/",{"t":"idOrVar","v":"total"}]},{"$i":"infiniteProgress","$v":{"zero":"Ƞǿǿ ƈǿǿƞŧȧȧƈŧş īīḿƥǿǿřŧḗḗḓ ẏḗḗŧ","one":"Īīḿƥǿǿřŧḗḗḓ ǿǿƞḗḗ ƈǿǿƞŧȧȧƈŧ","two":["Īīḿƥǿǿřŧḗḗḓ ",{"t":"idOrVar","v":"n"}," ƈǿǿƞŧȧȧƈŧş"],"few":["Īīḿƥǿǿřŧḗḗḓ ",{"t":"idOrVar","v":"n"}," ƈǿǿƞŧȧȧƈŧş"],"many":["Īīḿƥǿǿřŧḗḗḓ ",{"t":"idOrVar","v":"n"}," ƈǿǿƞŧȧȧƈŧş"],"other":["Īīḿƥǿǿřŧḗḗḓ ",{"t":"idOrVar","v":"n"}," ƈǿǿƞŧȧȧƈŧş"]},"$x":[{"t":"idOrVar","v":"plural"},"n"]},{"$i":"friendsUpdated","$v":{"zero":"Ƞǿǿ ƒřīīḗḗƞḓş ŭŭƥḓȧȧŧḗḗḓ","one":"Ŭŭƥḓȧȧŧḗḗḓ ǿǿƞḗḗ ƒřīīḗḗƞḓ","two":["Ŭŭƥḓȧȧŧḗḗḓ ",{"t":"idOrVar","v":"numFriends"}," ƒřīīḗḗƞḓş"],"few":["Ŭŭƥḓȧȧŧḗḗḓ ",{"t":"idOrVar","v":"numFriends"}," ƒřīīḗḗƞḓş"],"many":["Ŭŭƥḓȧȧŧḗḗḓ ",{"t":"idOrVar","v":"numFriends"}," ƒřīīḗḗƞḓş"],"other":["Ŭŭƥḓȧȧŧḗḗḓ ",{"t":"idOrVar","v":"numFriends"}," ƒřīīḗḗƞḓş"]},"$x":[{"t":"idOrVar","v":"plural"},"numFriends"]},{"$i":"friendsMerged","$v":{"zero":"Ƞǿǿ ḓŭŭƥŀīīƈȧȧŧḗḗḓ ƒřīīḗḗƞḓş ḿḗḗřɠḗḗḓ","one":"Ǿǿƞḗḗ ḓŭŭƥŀīīƈȧȧŧḗḗḓ ƒřīīḗḗƞḓ ḿḗḗřɠḗḗḓ","two":[{"t":"idOrVar","v":"numDups"}," ƒřīīḗḗƞḓş ḿḗḗřɠḗḗḓ"],"few":[{"t":"idOrVar","v":"numDups"}," ƒřīīḗḗƞḓş ḿḗḗřɠḗḗḓ"],"many":[{"t":"idOrVar","v":"numDups"}," ƒřīīḗḗƞḓş ḿḗḗřɠḗḗḓ"],"other":[{"t":"idOrVar","v":"numDups"}," ƒřīīḗḗƞḓş ḿḗḗřɠḗḗḓ"]},"$x":[{"t":"idOrVar","v":"plural"},"numDups"]},{"$i":"contactsMerged","$v":{"zero":"Ƞǿǿ ḓŭŭƥŀīīƈȧȧŧḗḗḓ ƈǿǿƞŧȧȧƈŧş ḿḗḗřɠḗḗḓ","one":"Ǿǿƞḗḗ ḓŭŭƥŀīīƈȧȧŧḗḗḓ ƈǿǿƞŧȧȧƈŧ ḿḗḗřɠḗḗḓ","two":[{"t":"idOrVar","v":"numDups"}," ƈǿǿƞŧȧȧƈŧş ḿḗḗřɠḗḗḓ"],"few":[{"t":"idOrVar","v":"numDups"}," ƈǿǿƞŧȧȧƈŧş ḿḗḗřɠḗḗḓ"],"many":[{"t":"idOrVar","v":"numDups"}," ƈǿǿƞŧȧȧƈŧş ḿḗḗřɠḗḗḓ"],"other":[{"t":"idOrVar","v":"numDups"}," ƈǿǿƞŧȧȧƈŧş ḿḗḗřɠḗḗḓ"]},"$x":[{"t":"idOrVar","v":"plural"},"numDups"]},{"$i":"import","$v":"Īīḿƥǿǿřŧ"},{"$i":"update","$v":"Ŭŭƥḓȧȧŧḗḗ"},{"$i":"fbFriends","$v":"Ƒȧȧƈḗḗƀǿǿǿǿķ Ƒřīīḗḗƞḓş"},{"$i":"live-serviceName","$v":"Ǿǿŭŭŧŀǿǿǿǿķ"},{"$i":"gmail-serviceName","$v":"Ɠḿȧȧīīŀ"},{"$i":"facebook-serviceName","$v":"Ƒȧȧƈḗḗƀǿǿǿǿķ Ƒřīīḗḗƞḓş"},{"$i":"selectAll","$v":"Şḗḗŀḗḗƈŧ ȧȧŀŀ"},{"$i":"deselectAll","$v":"Ḓḗḗşḗḗŀḗḗƈŧ ȧȧŀŀ"},{"$i":"viewAll","$v":"Ṽīīḗḗẇ Ȧȧŀŀ Ƒȧȧƈḗḗƀǿǿǿǿķ Ƒřīīḗḗƞḓş"},{"$i":"viewRecommend","$v":"Ṽīīḗḗẇ Ǿǿƞŀẏ Řḗḗƈǿǿḿḿḗḗƞḓḗḗḓ"},{"$i":"linkProposal","$v":{"zero":"Ƞǿǿ ḿȧȧŧƈħīīƞɠ ƒřīīḗḗƞḓş. Şħǿǿẇīīƞɠ ȧȧŀŀ","one":"Şḗḗŀḗḗƈŧ ŧħḗḗ řḗḗƈǿǿḿḿḗḗƞḓḗḗḓ ǿǿƞḗḗ","two":"Şḗḗŀḗḗƈŧ ȧȧ řḗḗƈǿǿḿḿḗḗƞḓḗḗḓ ǿǿƞḗḗ","few":"Şḗḗŀḗḗƈŧ ȧȧ řḗḗƈǿǿḿḿḗḗƞḓḗḗḓ ǿǿƞḗḗ","many":"Şḗḗŀḗḗƈŧ ȧȧ řḗḗƈǿǿḿḿḗḗƞḓḗḗḓ ǿǿƞḗḗ","other":"Şḗḗŀḗḗƈŧ ȧȧ řḗḗƈǿǿḿḿḗḗƞḓḗḗḓ ǿǿƞḗḗ"},"$x":[{"t":"idOrVar","v":"plural"},"numFriends"]},{"$i":"fbFriendsFound","$v":{"zero":"Ȧȧŀŀ ẏǿǿŭŭř ƒřīīḗḗƞḓş ȧȧřḗḗ īīḿƥǿǿřŧḗḗḓ","one":"Ƒǿǿŭŭƞḓ ǿǿƞḗḗ ƒřīīḗḗƞḓ ŧǿǿ īīḿƥǿǿřŧ","two":["Ƒǿǿŭŭƞḓ ",{"t":"idOrVar","v":"numFriends"}," ƒřīīḗḗƞḓş ŧǿǿ īīḿƥǿǿřŧ"],"few":["Ƒǿǿŭŭƞḓ ",{"t":"idOrVar","v":"numFriends"}," ƒřīīḗḗƞḓş ŧǿǿ īīḿƥǿǿřŧ"],"many":["Ƒǿǿŭŭƞḓ ",{"t":"idOrVar","v":"numFriends"}," ƒřīīḗḗƞḓş ŧǿǿ īīḿƥǿǿřŧ"],"other":["Ƒǿǿŭŭƞḓ ",{"t":"idOrVar","v":"numFriends"}," ƒřīīḗḗƞḓş ŧǿǿ īīḿƥǿǿřŧ"]},"$x":[{"t":"idOrVar","v":"plural"},"numFriends"]},{"$i":"fbNoFriends","$v":"Ƞǿǿ ƈǿǿƞŧȧȧƈŧş ȧȧṽȧȧīīŀȧȧƀŀḗḗ ŧǿǿ īīḿƥǿǿřŧ"},{"$i":"facebook","$v":"Ƒȧȧƈḗḗƀǿǿǿǿķ"},{"$i":"search-contact","placeholder":"Şḗḗȧȧřƈħ"},{"$i":"noResults","$v":"Ƞǿǿ ƈǿǿƞŧȧȧƈŧş ƒǿǿŭŭƞḓ"},{"$i":"done-search","$v":"Ḓǿǿƞḗḗ"},{"$i":"progressFB3ImportTitle","$v":"Īīḿƥǿǿřŧīīƞɠ ƒřīīḗḗƞḓş ŧǿǿ Ƈǿǿƞŧȧȧƈŧş"},{"$i":"progressFB","$v":[{"t":"idOrVar","v":"current"},"/",{"t":"idOrVar","v":"total"}]},{"$i":"progressFB3UpdateTitle","$v":"Ŭŭƥḓȧȧŧīīƞɠ ƒřīīḗḗƞḓş īīƞ Ƈǿǿƞŧȧȧƈŧş"},{"$i":"message2","$v":"Ŧħīīş ḿȧȧẏ ŧȧȧķḗḗ ȧȧ ƈǿǿŭŭƥŀḗḗ ǿǿƒ ḿīīƞŭŭŧḗḗş"},{"$i":"messageLinking","$v":"Ƥŀḗḗȧȧşḗḗ ħǿǿŀḓ ǿǿƞ. Ẇḗḗ ȧȧřḗḗ ŀīīƞķīīƞɠ ẏǿǿŭŭř ƒřīīḗḗƞḓ ȧȧƞḓ ẏǿǿŭŭř ƈǿǿƞŧȧȧƈŧ."},{"$i":"messageCanceling","$v":"Ƥŀḗḗȧȧşḗḗ ħǿǿŀḓ ǿǿƞ. Ẇḗḗ ȧȧřḗḗ ƈȧȧƞƈḗḗŀīīƞɠ ŧħḗḗ ǿǿƞɠǿǿīīƞɠ ǿǿƥḗḗřȧȧŧīīǿǿƞ."},{"$i":"error1","$v":["Ḗḗřřǿǿř ",{"t":"idOrVar","v":"from"}]},{"$i":"error2","$v":"Ḓǿǿ ẏǿǿŭŭ ẇȧȧƞŧ ŧǿǿ řḗḗŧřẏ?"},{"$i":"errorProposal","$v":"ƈȧȧŀƈŭŭŀȧȧŧīīƞɠ ƥřǿǿƥǿǿşȧȧŀş"},{"$i":"errorFriends","$v":"řḗḗŧřīīḗḗṽīīƞɠ ƒřīīḗḗƞḓş"},{"$i":"errorLinking","$v":"ŀīīƞķīīƞɠ ƈǿǿƞŧȧȧƈŧ"},{"$i":"timeout1","$v":["Ḗḗẋƈḗḗḗḗḓḗḗḓ ŧīīḿḗḗǿǿŭŭŧ ",{"t":"idOrVar","v":"from"}]},{"$i":"timeout2","$v":"Ḓǿǿ ẏǿǿŭŭ ẇȧȧƞŧ ŧǿǿ řḗḗŧřẏ?"},{"$i":"timeoutProposal","$v":"ƈȧȧŀƈŭŭŀȧȧŧīīƞɠ ƥřǿǿƥǿǿşȧȧŀş"},{"$i":"timeoutFriends","$v":"řḗḗŧřīīḗḗṽīīƞɠ ƒřīīḗḗƞḓş"},{"$i":"timeoutLinking","$v":"ŀīīƞķīīƞɠ ƈǿǿƞŧȧȧƈŧş"},{"$i":"wait1","$v":"Ƥŀḗḗȧȧşḗḗ ħǿǿŀḓ ǿǿƞ"},{"$i":"wait2","$v":"Ŧħīīş ḿȧȧẏ ŧȧȧķḗḗ ȧȧ ƈǿǿŭŭƥŀḗḗ ǿǿƒ ḿīīƞŭŭŧḗḗş"},{"$i":"waitProposal","$v":"Ƥŀḗḗȧȧşḗḗ ħǿǿŀḓ ǿǿƞ. Ẇḗḗ ȧȧřḗḗ ƈȧȧŀƈŭŭŀȧȧŧīīƞɠ ȧȧ ƥřǿǿƥǿǿşȧȧŀ."},{"$i":"waitFriends","$v":"Ƥŀḗḗȧȧşḗḗ ħǿǿŀḓ ǿǿƞ. Ẇḗḗ ȧȧřḗḗ ƈǿǿƞƞḗḗƈŧīīƞɠ ŧǿǿ ǿǿƀŧȧȧīīƞ ẏǿǿŭŭř ƒřīīḗḗƞḓ ŀīīşŧ."},{"$i":"curtainCancel","$v":"Ƈȧȧƞƈḗḗŀ"},{"$i":"curtainRetry","$v":"Řḗḗŧřẏ"},{"$i":"curtainOK","$v":"ǾǿĶ"},{"$i":"connectionLost","$v":"Ƞǿǿ Īīƞŧḗḗřƞḗḗŧ ƈǿǿƞƞḗḗƈŧīīǿǿƞ"},{"$i":"connectionLostMsg","$v":"Ƒřīīḗḗƞḓş’ ƥħǿǿŧǿǿş ẇīīŀŀ ƞǿǿŧ ƀḗḗ ȧȧḓḓḗḗḓ ŧǿǿ ẏǿǿŭŭř ƈǿǿƞŧȧȧƈŧş. Ƈǿǿƞŧīīƞŭŭḗḗ ȧȧƞẏẇȧȧẏ?"},{"$i":"yesOption","$v":"ǾǿĶ"},{"$i":"noOption","$v":"Ƈȧȧƞƈḗḗŀ"},{"$i":"notificationLogin","$v":"Ẏǿǿŭŭř Ƒȧȧƈḗḗƀǿǿǿǿķ şḗḗşşīīǿǿƞ īīş īīƞṽȧȧŀīīḓ. Ƥŀḗḗȧȧşḗḗ şīīɠƞ īīƞ."},{"$i":"syncError","$v":"Ŧħḗḗřḗḗ ẇȧȧş ȧȧƞ ḗḗřřǿǿř şẏƞƈħřǿǿƞīīẑīīƞɠ ẏǿǿŭŭř ƒřīīḗḗƞḓ’ş ḓȧȧŧȧȧ"},{"$i":"label","$v":"Ŀȧȧƀḗḗŀ"},{"$i":"mobile","$v":"Ḿǿǿƀīīŀḗḗ"},{"$i":"home","$v":"Ħǿǿḿḗḗ"},{"$i":"work","$v":"Ẇǿǿřķ"},{"$i":"personal","$v":"Ƥḗḗřşǿǿƞȧȧŀ"},{"$i":"faxHome","$v":"Ƒȧȧẋ ħǿǿḿḗḗ"},{"$i":"faxOffice","$v":"Ƒȧȧẋ ǿǿƒƒīīƈḗḗ"},{"$i":"faxOther","$v":"Ƒȧȧẋ ǿǿŧħḗḗř"},{"$i":"another","$v":"Ȧȧƞǿǿŧħḗḗř"},{"$i":"other","$v":"Ǿǿŧħḗḗř"},{"$i":"customTag","placeholder":"Ƈŭŭşŧǿǿḿ ŧȧȧɠ"},{"$i":"current","$v":"Ƈŭŭřřḗḗƞŧ"},{"$i":"itemWithLabel","$v":[{"t":"idOrVar","v":"label"},", ",{"t":"idOrVar","v":"item"}]}]