[{"$i":"addNewNumber","$v":"Add new number"},{"$i":"contactDetails","$v":"Contact details"},{"$i":"addToExistingContact","$v":"Add to existing contact"},{"$i":"all","$v":"All","ariaLabel":"All"},{"$i":"bluetoothOption","ariaLabel":"Bluetooth"},{"$i":"callLog","$v":"Call log"},{"$i":"callLogEditButton","ariaLabel":"Edit call log"},{"$i":"callLogEditDialog","ariaLabel":"Edit call log dialog"},{"$i":"connecting","$v":"Connecting"},{"$i":"call-forwarding-async","$v":["Asynchronous: ",{"t":"idOrVar","v":"async"}]},{"$i":"call-forwarding-data","$v":["Data: ",{"t":"idOrVar","v":"data"}]},{"$i":"call-forwarding-error","$v":"An error occurred while retrieving call forwarding status"},{"$i":"call-forwarding-fax","$v":["FAX: ",{"t":"idOrVar","v":"fax"}]},{"$i":"call-forwarding-inactive","$v":"Inactive"},{"$i":"call-forwarding-packet","$v":["Packet: ",{"t":"idOrVar","v":"packet"}]},{"$i":"call-forwarding-pad","$v":["PAD: ",{"t":"idOrVar","v":"pad"}]},{"$i":"call-forwarding-sms","$v":["SMS: ",{"t":"idOrVar","v":"sms"}]},{"$i":"call-forwarding-status","$v":"Call forwarding status"},{"$i":"call-forwarding-sync","$v":["Synchronous: ",{"t":"idOrVar","v":"sync"}]},{"$i":"call-forwarding-voice","$v":["Voice: ",{"t":"idOrVar","v":"voice"}]},{"$i":"confirm-deletion","$v":"Clear selected calls?"},{"$i":"contacts","ariaLabel":"Contacts"},{"$i":"createNewContact","$v":"Create new contact"},{"$i":"delete","$v":"Delete"},{"$i":"dialerAddContact","ariaLabel":"Add contact"},{"$i":"dialerAddContactDialog","ariaLabel":"Add Contact Dialog"},{"$i":"callInformation","$v":"Call Information"},{"$i":"edit-selected","$v":{"one":[{"t":"idOrVar","v":"n"}," selected"],"two":[{"t":"idOrVar","v":"n"}," selected"],"few":[{"t":"idOrVar","v":"n"}," selected"],"many":[{"t":"idOrVar","v":"n"}," selected"],"other":[{"t":"idOrVar","v":"n"}," selected"]},"$x":[{"t":"idOrVar","v":"plural"},"n"]},{"$i":"edit","$v":"Edit"},{"$i":"hideKeypad","ariaLabel":"Hide keypad"},{"$i":"ignore","$v":"Ignore Call"},{"$i":"incoming","$v":"Incoming"},{"$i":"incoming_screen_reader","ariaLabel":"Incoming"},{"$i":"keypad","ariaLabel":"Keypad"},{"$i":"makeCall","ariaLabel":"Make call"},{"$i":"merge","ariaLabel":"Merge"},{"$i":"info-missed","$v":"Missed"},{"$i":"missed","$v":"Missed","ariaLabel":"Missed"},{"$i":"canceled","$v":"Canceled"},{"$i":"missedCall","$v":"Missed call"},{"$i":"missedCallMultiSims","$v":["(SIM ",{"t":"idOrVar","v":"n"},") Missed call"]},{"$i":"mmi-error","$v":"An error occurred while sending the message"},{"$i":"mmi-session-expired","$v":"Session expired"},{"$i":"mmi-successfully-sent","$v":"Message successfully sent"},{"$i":"mmi-notification-title-with-sim","$v":["(",{"t":"idOrVar","v":"sim"},") ",{"t":"idOrVar","v":"title"}]},{"$i":"mute","ariaLabel":"Mute"},{"$i":"newCall","ariaLabel":"New call"},{"$i":"no-logs-msg-1","$v":"No calls recorded"},{"$i":"no-logs-msg-3","$v":"No missed calls"},{"$i":"no-logs-msg-4","$v":"Start a conversation now"},{"$i":"onHoldOption","ariaLabel":"On hold"},{"$i":"outgoing","$v":"Outgoing"},{"$i":"outgoing_screen_reader","ariaLabel":"Outgoing"},{"$i":"recents","ariaLabel":"Recent calls"},{"$i":"reply","$v":"Reply"},{"$i":"send","$v":"Send"},{"$i":"switch-calls","$v":"Switch calls"},{"$i":"today","$v":"Today"},{"$i":"withheld-number","$v":"Withheld number"},{"$i":"from-contact","$v":["From ",{"t":"idOrVar","v":"contact"}]},{"$i":"from-number","$v":["From ",{"t":"idOrVar","v":"number"}]},{"$i":"from-withheld-number","$v":"From withheld number"},{"$i":"yesterday","$v":"Yesterday"},{"$i":"sending","$v":"Sending…"},{"$i":"speakerOption","ariaLabel":"Speaker"},{"$i":"ussd-services","$v":[{"t":"idOrVar","v":"operator"}," services"]},{"$i":"toggleKeypad","ariaLabel":"Toggle keypad"},{"$i":"type-your-response","placeholder":"Type your response…"},{"$i":"clear-all-text","$v":"Clear all text"},{"$i":"hide","$v":"Hide"},{"$i":"call","$v":"Call"},{"$i":"hold","ariaLabel":"Hold"},{"$i":"resume","$v":"Resume","ariaLabel":"Resume"},{"$i":"sendSms","$v":"Send Message"},{"$i":"callEnded","$v":"Call Ended"},{"$i":"via-sim","$v":["via SIM",{"t":"idOrVar","v":"n"}]},{"$i":"sim-number","$v":["SIM",{"t":"idOrVar","v":"n"}]},{"$i":"unknown","$v":"Unknown"},{"$i":"cancel","$v":"Cancel"},{"$i":"remove","$v":"Remove"},{"$i":"cleanFbConfirmMsg","$v":"Remove all Facebook data?"},{"$i":"deleteConfirmMsg","$v":"Delete contact?"},{"$i":"ContactConfirmDel","$v":{"zero":"No Contact to Delete","one":"Delete 1 Contact? This cannot be undone.","two":["Delete ",{"t":"idOrVar","v":"n"}," Contacts? This cannot be undone."],"few":["Delete ",{"t":"idOrVar","v":"n"}," Contacts? This cannot be undone."],"many":["Delete ",{"t":"idOrVar","v":"n"}," Contacts? This cannot be undone."],"other":["Delete ",{"t":"idOrVar","v":"n"}," Contacts? This cannot be undone."]},"$x":[{"t":"idOrVar","v":"plural"},"n"]},{"$i":"retry","$v":"Retry"},{"$i":"hangup-a11y-button","ariaLabel":"Hang Up"},{"$i":"pickup-a11y-button","ariaLabel":"Pick up"},{"$i":"unlock-a11y-button","ariaLabel":"Slider"},{"$i":"settings","$v":"Settings"},{"$i":"delete-n-log?","$v":{"zero":"Nothing selected","one":"Delete selected log?","two":["Delete ",{"t":"idOrVar","v":"n"}," logs?"],"few":["Delete ",{"t":"idOrVar","v":"n"}," logs?"],"many":["Delete ",{"t":"idOrVar","v":"n"}," logs?"],"other":["Delete ",{"t":"idOrVar","v":"n"}," logs?"]},"$x":[{"t":"idOrVar","v":"plural"},"n"]},{"$i":"composeEmail","ariaLabel":"Email"},{"$i":"emailDetail","ariaLabel":"Email"},{"$i":"phoneDetail","ariaLabel":"Phone"},{"$i":"send-sms-button","ariaLabel":"SMS"},{"$i":"separator","$v":","},{"$i":"callDurationMinutes","$v":[{"t":"idOrVar","v":"m"},":",{"t":"idOrVar","v":"s"}]},{"$i":"callDurationHours","$v":[{"t":"idOrVar","v":"h"},":",{"t":"idOrVar","v":"m"},":",{"t":"idOrVar","v":"s"}]},{"$i":"callDurationTextFormatSeconds","$v":[{"t":"idOrVar","v":"s"}," s"]},{"$i":"callDurationTextFormatMinutes","$v":[{"t":"idOrVar","v":"m"}," m ",{"t":"idOrVar","v":"s"}," s"]},{"$i":"callDurationTextFormatHours","$v":[{"t":"idOrVar","v":"h"}," h ",{"t":"idOrVar","v":"m"}," m ",{"t":"idOrVar","v":"s"}," s"]},{"$i":"suggestionMatches","$v":{"one":[{"t":"idOrVar","v":"n"}," match for \"",{"t":"idOrVar","v":"matchNumber"},"\""],"two":[{"t":"idOrVar","v":"n"}," matches for \"",{"t":"idOrVar","v":"matchNumber"},"\""],"few":[{"t":"idOrVar","v":"n"}," matches for \"",{"t":"idOrVar","v":"matchNumber"},"\""],"many":[{"t":"idOrVar","v":"n"}," matches for \"",{"t":"idOrVar","v":"matchNumber"},"\""],"other":[{"t":"idOrVar","v":"n"}," matches for \"",{"t":"idOrVar","v":"matchNumber"},"\""]},"$x":[{"t":"idOrVar","v":"plural"},"n"]},{"$i":"scCallBarring","$v":"Call barring"},{"$i":"scCallForwarding","$v":"Call forwarding"},{"$i":"scClip","$v":"Incoming Caller ID"},{"$i":"scClir","$v":"Outgoing Caller ID"},{"$i":"scPwd","$v":"Password change"},{"$i":"scCallWaiting","$v":"Call waiting"},{"$i":"scPin","$v":"PIN change"},{"$i":"scPin2","$v":"PIN2 change"},{"$i":"scPuk","$v":"Unblock PIN"},{"$i":"scPuk2","$v":"Unblock PIN2"},{"$i":"scImei","$v":"IMEI"},{"$i":"scUssd","$v":"USSD"},{"$i":"serviceClassVoice","$v":"Voice"},{"$i":"serviceClassData","$v":"Data"},{"$i":"serviceClassFax","$v":"FAX"},{"$i":"serviceClassSms","$v":"SMS"},{"$i":"serviceClassDataSync","$v":"Sync"},{"$i":"serviceClassDataAsync","$v":"Async"},{"$i":"serviceClassPacket","$v":"Packet"},{"$i":"serviceClassPad","$v":"PAD"},{"$i":"smServiceEnabled","$v":"Service was enabled"},{"$i":"smServiceDisabled","$v":"Service has been disabled"},{"$i":"smServiceRegistered","$v":"Registration was successful"},{"$i":"smServiceErased","$v":"Erasure was successful"},{"$i":"smServiceInterrogated","$v":"Request was successful"},{"$i":"smServiceNotProvisioned","$v":"Service not provisioned"},{"$i":"smClirPermanent","$v":"You can not change the caller ID setting"},{"$i":"smClirDefaultOnNextCallOn","$v":"Caller ID defaults to restricted. Next call: Restricted"},{"$i":"smClirDefaultOnNextCallOff","$v":"Caller ID defaults to restricted. Next call: Not restricted"},{"$i":"smClirDefaultOffNextCallOn","$v":"Caller ID defaults to not restricted. Next call: Restricted"},{"$i":"smClirDefaultOffNextCallOff","$v":"Caller ID defaults to not restricted. Next call: Not restricted"},{"$i":"smServiceEnabledFor","$v":"Service was enabled for:"},{"$i":"smPinChanged","$v":"PIN successfully changed"},{"$i":"smPinUnblocked","$v":"PIN successfully unblocked"},{"$i":"smPin2Changed","$v":"PIN2 successfully changed"},{"$i":"smPin2Unblocked","$v":"PIN2 successfully unblocked"},{"$i":"ServiceIsEnabled","$v":"Service is enabled"},{"$i":"ServiceIsDisabled","$v":"Service is disabled"},{"$i":"ServiceIsEnabledFor","$v":"Service is enabled for:"},{"$i":"emMmiError","$v":"Connection problem or invalid MMI code"},{"$i":"emMmiErrorPasswordIncorrect","$v":"Incorrect Password"},{"$i":"emMmiErrorNotSupported","$v":"Invalid or Unsupported MMI Code"},{"$i":"emMmiErrorInvalidAction","$v":"Invalid action"},{"$i":"emMmiErrorInvalidScCode","$v":"Invalid service code"},{"$i":"emMmiErrorBadPuk","$v":"The PUK you typed is not correct"},{"$i":"emMmiErrorBadPin","$v":"The old PIN you typed is not correct."},{"$i":"emMmiErrorNeedPuk2","$v":"Type PUK2 to unblock SIM card"},{"$i":"emMmiErrorMismatchPin","$v":"The PINs you typed do not match"},{"$i":"emMmiErrorInvalidPin","$v":"Type a PIN that is 4 to 8 numbers"},{"$i":"emMmiErrorNeedsPuk","$v":"Your SIM card is PUK-locked"},{"$i":"emMmiErrorEnablePin","$v":"Unsuccessful. Enable SIM/RUIM LOCK"},{"$i":"emMmiErrorMmiFdn","$v":"Operation is restricted to fixed dialing numbers only"},{"$i":"emMmiErrorStkCcUssdDial","$v":"USSD request is modified to DIAL request"},{"$i":"emMmiErrorStkCcUssdSs","$v":"USSD request is modified to SS request"},{"$i":"emMmiErrorStkCcUssdUssd","$v":"USSD request is modified to new USSD request"},{"$i":"emMmiErrorStkCcSsDial","$v":"SS request is modified to DIAL request"},{"$i":"emMmiErrorStkCcSsUssd","$v":"SS request is modified to USSD request"},{"$i":"emMmiErrorStkCcSsSs","$v":"SS request is modified to new SS request"},{"$i":"emMmiErrorPinPukAttempts","$v":{"one":["Only ",{"t":"idOrVar","v":"n"}," retry left"],"two":[{"t":"idOrVar","v":"n"}," retries left"],"few":[{"t":"idOrVar","v":"n"}," retries left"],"many":[{"t":"idOrVar","v":"n"}," retries left"],"other":[{"t":"idOrVar","v":"n"}," retries left"]},"$x":[{"t":"idOrVar","v":"plural"},"n"]},{"$i":"emMmiErrorSimBlocked","$v":"Maximum number of retries exceeded. SIM blocked"},{"$i":"RadioNotAvailable","$v":"Radio not available"},{"$i":"GenericFailure","$v":"Generic failure"},{"$i":"PasswordIncorrect","$v":"Password incorrect"},{"$i":"SimPin2","$v":"SIM PIN2"},{"$i":"SimPuk2","$v":"SIM PUK2"},{"$i":"RequestNotSupported","$v":"Request not supported"},{"$i":"OpNotAllowedDuringVoiceCall","$v":"Operation not allowed during voice call"},{"$i":"SmsSendFailRetry","$v":"SMS send fail retry"},{"$i":"SimAbsent","$v":"SIM absent"},{"$i":"SubscriptionNotAvailable","$v":"Subscription not available"},{"$i":"ModeNotSupported","$v":"Mode not supported"},{"$i":"FdnCheckFailure","$v":"Fdn check failure"},{"$i":"IllegalSimOrMe","$v":"Illegal SIM or ME"},{"$i":"DialModifiedToUssd","$v":"Dial modified to USSD"},{"$i":"DialModifiedToSs","$v":"Dial modified to SS"},{"$i":"DialModifiedToDial","$v":"Dial modified to dial"},{"$i":"UssdModifiedToDial","$v":"USSD modified to dial"},{"$i":"UssdModifiedToSs","$v":"USSD modified to SS"},{"$i":"UssdModifiedToUssd","$v":"USSD modified to USSD"},{"$i":"SsModifiedToDial","$v":"SS modified to dial"},{"$i":"SsModifiedToUssd","$v":"SS modified to USSD"},{"$i":"SsModifiedToSs","$v":"SS modified to SS"},{"$i":"SubscriptionNotSupported","$v":"Subscription not supported"},{"$i":"InvalidParameter","$v":"Invalid parameter"},{"$i":"RejectedByRemote","$v":"Rejected by remote"},{"$i":"conferenceCall","$v":["Conference (",{"t":"idOrVar","v":"n"},")"]},{"$i":"voicemail-left-call","$v":"Voicemail has left the call."},{"$i":"withheld-number-left-call","$v":"Withheld number has left the call."},{"$i":"caller-left-call","$v":[{"t":"idOrVar","v":"caller"}," has left the call."]},{"$i":"conferenceAddError","$v":"Unable to merge calls"},{"$i":"conferenceRemoveError","$v":"Unable to unmerge calls"},{"$i":"longDateFormat","$v":"%A, %B %e"},{"$i":"select-audio-sources","$v":"Select audio sources"},{"$i":"bluetooth-handsfree-device","$v":"Bluetooth handsfree device"},{"$i":"receiver","$v":"Receiver"},{"$i":"speaker","$v":"Speaker"},{"$i":"airplaneMode","$v":"Airplane mode"},{"$i":"searching","$v":"Searching…"},{"$i":"noNetwork","$v":"No network"},{"$i":"roaming","$v":[{"t":"idOrVar","v":"operator"}," (Roaming)"]},{"$i":"operator-info","$v":[{"t":"idOrVar","v":"carrier"}," ",{"t":"idOrVar","v":"region"}]},{"$i":"emergencyCallsOnly","$v":"Emergency calls only"},{"$i":"emergencyCallsOnly-unknownSIMState","$v":"(unknown SIM state)"},{"$i":"emergencyCallsOnly-noSIM","$v":"(no SIM)"},{"$i":"emergencyCallsOnly-pinRequired","$v":"(SIM PIN required)"},{"$i":"emergencyCallsOnly-pukRequired","$v":"(SIM PUK required)"},{"$i":"emergencyCallsOnly-networkLocked","$v":"(network locked)"},{"$i":"emergencyCallsOnly-serviceProviderLocked","$v":"(service provider locked)"},{"$i":"emergencyCallsOnly-corporateLocked","$v":"(corporate locked)"},{"$i":"emergencyCallsOnly-network1Locked","$v":"(network1 locked)"},{"$i":"emergencyCallsOnly-network2Locked","$v":"(network2 locked)"},{"$i":"emergencyCallsOnly-hrpdNetworkLocked","$v":"(hrpd network locked)"},{"$i":"emergencyCallsOnly-ruimCorporateLocked","$v":"(ruim corporate locked)"},{"$i":"emergencyCallsOnly-ruimServiceProviderLocked","$v":"(ruim service provider locked)"},{"$i":"lockscreen-sim-id","$v":["SIM ",{"t":"idOrVar","v":"n"}]},{"$i":"charging-no-time","$v":[{"t":"idOrVar","v":"level"},"% Charged"]},{"$i":"charging-minutes","$v":{"zero":[{"t":"idOrVar","v":"level"},"% Charged (",{"t":"idOrVar","v":"minutes"}," mins until fully charged)"],"one":[{"t":"idOrVar","v":"level"},"% Charged (",{"t":"idOrVar","v":"minutes"}," min until fully charged)"],"two":[{"t":"idOrVar","v":"level"},"% Charged (",{"t":"idOrVar","v":"minutes"}," mins until fully charged)"],"few":[{"t":"idOrVar","v":"level"},"% Charged (",{"t":"idOrVar","v":"minutes"}," mins until fully charged)"],"many":[{"t":"idOrVar","v":"level"},"% Charged (",{"t":"idOrVar","v":"minutes"}," mins until fully charged)"],"other":[{"t":"idOrVar","v":"level"},"% Charged (",{"t":"idOrVar","v":"minutes"}," mins until fully charged)"]},"$x":[{"t":"idOrVar","v":"plural"},"minutes"]},{"$i":"charging-hours","$v":{"zero":[{"t":"idOrVar","v":"level"},"% Charged (",{"t":"idOrVar","v":"hours"},"h ",{"t":"idOrVar","v":"minutes"}," mins until fully charged)"],"one":[{"t":"idOrVar","v":"level"},"% Charged (",{"t":"idOrVar","v":"hours"},"h ",{"t":"idOrVar","v":"minutes"}," min until fully charged)"],"two":[{"t":"idOrVar","v":"level"},"% Charged (",{"t":"idOrVar","v":"hours"},"h ",{"t":"idOrVar","v":"minutes"}," mins until fully charged)"],"few":[{"t":"idOrVar","v":"level"},"% Charged (",{"t":"idOrVar","v":"hours"},"h ",{"t":"idOrVar","v":"minutes"}," mins until fully charged)"],"many":[{"t":"idOrVar","v":"level"},"% Charged (",{"t":"idOrVar","v":"hours"},"h ",{"t":"idOrVar","v":"minutes"}," mins until fully charged)"],"other":[{"t":"idOrVar","v":"level"},"% Charged (",{"t":"idOrVar","v":"hours"},"h ",{"t":"idOrVar","v":"minutes"}," mins until fully charged)"]},"$x":[{"t":"idOrVar","v":"plural"},"minutes"]},{"$i":"phoneNumberInput","ariaLabel":"Phone number"},{"$i":"keypadDelete","ariaLabel":"Delete"},{"$i":"voiceMailKey","ariaLabel":"Voicemail"},{"$i":"asterisk","ariaLabel":"Asterisk"},{"$i":"hashSign","ariaLabel":"Hash sign"},{"$i":"keypadCancel","$v":"Cancel"},{"$i":"loadingSimContacts","$v":"Loading SIM card contacts…"},{"$i":"noContactsWereFound","$v":"No contacts were found"},{"$i":"noContactsFoundDialogOk","$v":"OK"},{"$i":"noSimCardToLoadContactsFrom","$v":"No SIM card to load contacts from"},{"$i":"emergencyNumber","$v":"Emergency number"},{"$i":"callAirplaneModeMessage","$v":"To make a call you need to disable airplane mode in settings."},{"$i":"callAirplaneModeBtnOk","$v":"OK"},{"$i":"callAirplaneModeTitle","$v":"Airplane mode activated"},{"$i":"numberIsBusyTitle","$v":"Number is busy"},{"$i":"numberIsBusyMessage","$v":"The number is currently busy. Please try again later."},{"$i":"fdnIsActiveTitle","$v":"FDN active"},{"$i":"fdnIsActiveMessage","$v":["FDN (Fixed Dialing Numbers) is activated and the following number is not in your FDN list: ",{"t":"idOrVar","v":"number"}]},{"$i":"emergencyDialogBodyBadNumber","$v":"To make a call, the phone must be connected to a network."},{"$i":"emergencyDialogBodyDeviceNotAccepted","$v":"Emergency calls are not allowed by the network."},{"$i":"emergencyDialogBtnOk","$v":"OK"},{"$i":"emergencyDialogTitle","$v":"No network connection"},{"$i":"invalidNumberToDialTitle","$v":"Invalid phone number"},{"$i":"invalidNumberToDialMessage","$v":"The phone number you are calling is not valid."},{"$i":"unableToCallTitle","$v":"Unable to make a phone call now"},{"$i":"unableToCallMessage","$v":"Cannot make a call. If you are already dialing, please hang up first."},{"$i":"otherConnectionInUseTitle","$v":"Other connection in use"},{"$i":"otherConnectionInUseMessage","$v":"You have an active call on another connection. You can only use one connection at a time."},{"$i":"callBarredByTheOperatorMessage","$v":"Call was barred by the operator"},{"$i":"connectingEllipsis","$v":"Connecting…"},{"$i":"phone_type_mobile","$v":"Mobile"},{"$i":"phone_type_home","$v":"Home"},{"$i":"phone_type_work","$v":"Work"},{"$i":"phone_type_personal","$v":"Personal"},{"$i":"phone_type_fax_home","$v":"Fax home"},{"$i":"phone_type_fax_office","$v":"Fax office"},{"$i":"phone_type_fax_other","$v":"Fax other"},{"$i":"phone_type_other","$v":"Other"},{"$i":"phone_type_custom","$v":[{"t":"idOrVar","v":"type"}]},{"$i":"phone_type_mobile_and_carrier","$v":["Mobile, ",{"t":"idOrVar","v":"carrier"}]},{"$i":"phone_type_home_and_carrier","$v":["Home, ",{"t":"idOrVar","v":"carrier"}]},{"$i":"phone_type_work_and_carrier","$v":["Work, ",{"t":"idOrVar","v":"carrier"}]},{"$i":"phone_type_personal_and_carrier","$v":["Personal, ",{"t":"idOrVar","v":"carrier"}]},{"$i":"phone_type_fax_home_and_carrier","$v":["Fax home, ",{"t":"idOrVar","v":"carrier"}]},{"$i":"phone_type_fax_office_and_carrier","$v":["Fax office, ",{"t":"idOrVar","v":"carrier"}]},{"$i":"phone_type_fax_other_and_carrier","$v":["Fax other, ",{"t":"idOrVar","v":"carrier"}]},{"$i":"phone_type_other_and_carrier","$v":["Other, ",{"t":"idOrVar","v":"carrier"}]},{"$i":"phone_type_custom_and_carrier","$v":[{"t":"idOrVar","v":"type"},", ",{"t":"idOrVar","v":"carrier"}]}]