[{"$i":"addNewNumber","$v":"‮∀pp‬ ‮uǝʍ‬ ‮unɯqǝɹ‬"},{"$i":"contactDetails","$v":"‮Ↄouʇɐɔʇ‬ ‮pǝʇɐıʅs‬"},{"$i":"addToExistingContact","$v":"‮∀pp‬ ‮ʇo‬ ‮ǝxısʇıuƃ‬ ‮ɔouʇɐɔʇ‬"},{"$i":"all","$v":"‮∀ʅʅ‬","ariaLabel":"‮∀ʅʅ‬"},{"$i":"bluetoothOption","ariaLabel":"‮Ԑʅnǝʇooʇɥ‬"},{"$i":"callLog","$v":"‮Ↄɐʅʅ‬ ‮ʅoƃ‬"},{"$i":"callLogEditButton","ariaLabel":"‮Ǝpıʇ‬ ‮ɔɐʅʅ‬ ‮ʅoƃ‬"},{"$i":"callLogEditDialog","ariaLabel":"‮Ǝpıʇ‬ ‮ɔɐʅʅ‬ ‮ʅoƃ‬ ‮pıɐʅoƃ‬"},{"$i":"connecting","$v":"‮Ↄouuǝɔʇıuƃ‬"},{"$i":"call-forwarding-async","$v":["‮∀sʎuɔɥɹouons‬: ",{"t":"idOrVar","v":"async"}]},{"$i":"call-forwarding-data","$v":["‮pɐʇɐ‬: ",{"t":"idOrVar","v":"data"}]},{"$i":"call-forwarding-error","$v":"‮∀u‬ ‮ǝɹɹoɹ‬ ‮oɔɔnɹɹǝp‬ ‮ʍɥıʅǝ‬ ‮ɹǝʇɹıǝʌıuƃ‬ ‮ɔɐʅʅ‬ ‮ɟoɹʍɐɹpıuƃ‬ ‮sʇɐʇns‬"},{"$i":"call-forwarding-fax","$v":["‮ɟ∀X‬: ",{"t":"idOrVar","v":"fax"}]},{"$i":"call-forwarding-inactive","$v":"‮Iuɐɔʇıʌǝ‬"},{"$i":"call-forwarding-packet","$v":["‮Ԁɐɔʞǝʇ‬: ",{"t":"idOrVar","v":"packet"}]},{"$i":"call-forwarding-pad","$v":["‮Ԁ∀p‬: ",{"t":"idOrVar","v":"pad"}]},{"$i":"call-forwarding-sms","$v":["‮SWS‬: ",{"t":"idOrVar","v":"sms"}]},{"$i":"call-forwarding-status","$v":"‮Ↄɐʅʅ‬ ‮ɟoɹʍɐɹpıuƃ‬ ‮sʇɐʇns‬"},{"$i":"call-forwarding-sync","$v":["‮Sʎuɔɥɹouons‬: ",{"t":"idOrVar","v":"sync"}]},{"$i":"call-forwarding-voice","$v":["‮Ʌoıɔǝ‬: ",{"t":"idOrVar","v":"voice"}]},{"$i":"confirm-deletion","$v":"‮Ↄʅǝɐɹ‬ ‮sǝʅǝɔʇǝp‬ ‮ɔɐʅʅs‬?"},{"$i":"contacts","ariaLabel":"‮Ↄouʇɐɔʇs‬"},{"$i":"createNewContact","$v":"‮Ↄɹǝɐʇǝ‬ ‮uǝʍ‬ ‮ɔouʇɐɔʇ‬"},{"$i":"delete","$v":"‮pǝʅǝʇǝ‬"},{"$i":"dialerAddContact","ariaLabel":"‮∀pp‬ ‮ɔouʇɐɔʇ‬"},{"$i":"dialerAddContactDialog","ariaLabel":"‮∀pp‬ ‮Ↄouʇɐɔʇ‬ ‮pıɐʅoƃ‬"},{"$i":"callInformation","$v":"‮Ↄɐʅʅ‬ ‮Iuɟoɹɯɐʇıou‬"},{"$i":"edit-selected","$v":{"one":[{"t":"idOrVar","v":"n"}," ‮sǝʅǝɔʇǝp‬"],"two":[{"t":"idOrVar","v":"n"}," ‮sǝʅǝɔʇǝp‬"],"few":[{"t":"idOrVar","v":"n"}," ‮sǝʅǝɔʇǝp‬"],"many":[{"t":"idOrVar","v":"n"}," ‮sǝʅǝɔʇǝp‬"],"other":[{"t":"idOrVar","v":"n"}," ‮sǝʅǝɔʇǝp‬"]},"$x":[{"t":"idOrVar","v":"plural"},"n"]},{"$i":"edit","$v":"‮Ǝpıʇ‬"},{"$i":"hideKeypad","ariaLabel":"‮Hıpǝ‬ ‮ʞǝʎdɐp‬"},{"$i":"ignore","$v":"‮Iƃuoɹǝ‬ ‮Ↄɐʅʅ‬"},{"$i":"incoming","$v":"‮Iuɔoɯıuƃ‬"},{"$i":"incoming_screen_reader","ariaLabel":"‮Iuɔoɯıuƃ‬"},{"$i":"keypad","ariaLabel":"‮Ӽǝʎdɐp‬"},{"$i":"makeCall","ariaLabel":"‮Wɐʞǝ‬ ‮ɔɐʅʅ‬"},{"$i":"merge","ariaLabel":"‮Wǝɹƃǝ‬"},{"$i":"info-missed","$v":"‮Wıssǝp‬"},{"$i":"missed","$v":"‮Wıssǝp‬","ariaLabel":"‮Wıssǝp‬"},{"$i":"canceled","$v":"‮Ↄɐuɔǝʅǝp‬"},{"$i":"missedCall","$v":"‮Wıssǝp‬ ‮ɔɐʅʅ‬"},{"$i":"missedCallMultiSims","$v":["(‮SIW‬ ",{"t":"idOrVar","v":"n"},") ‮Wıssǝp‬ ‮ɔɐʅʅ‬"]},{"$i":"mmi-error","$v":"‮∀u‬ ‮ǝɹɹoɹ‬ ‮oɔɔnɹɹǝp‬ ‮ʍɥıʅǝ‬ ‮sǝupıuƃ‬ ‮ʇɥǝ‬ ‮ɯǝssɐƃǝ‬"},{"$i":"mmi-session-expired","$v":"‮Sǝssıou‬ ‮ǝxdıɹǝp‬"},{"$i":"mmi-successfully-sent","$v":"‮Wǝssɐƃǝ‬ ‮snɔɔǝssɟnʅʅʎ‬ ‮sǝuʇ‬"},{"$i":"mmi-notification-title-with-sim","$v":["(",{"t":"idOrVar","v":"sim"},") ",{"t":"idOrVar","v":"title"}]},{"$i":"mute","ariaLabel":"‮Wnʇǝ‬"},{"$i":"newCall","ariaLabel":"‮Nǝʍ‬ ‮ɔɐʅʅ‬"},{"$i":"no-logs-msg-1","$v":"‮No‬ ‮ɔɐʅʅs‬ ‮ɹǝɔoɹpǝp‬"},{"$i":"no-logs-msg-3","$v":"‮No‬ ‮ɯıssǝp‬ ‮ɔɐʅʅs‬"},{"$i":"no-logs-msg-4","$v":"‮Sʇɐɹʇ‬ ‮ɐ‬ ‮ɔouʌǝɹsɐʇıou‬ ‮uoʍ‬"},{"$i":"onHoldOption","ariaLabel":"‮Ou‬ ‮ɥoʅp‬"},{"$i":"outgoing","$v":"‮Onʇƃoıuƃ‬"},{"$i":"outgoing_screen_reader","ariaLabel":"‮Onʇƃoıuƃ‬"},{"$i":"recents","ariaLabel":"‮ᴚǝɔǝuʇ‬ ‮ɔɐʅʅs‬"},{"$i":"reply","$v":"‮ᴚǝdʅʎ‬"},{"$i":"send","$v":"‮Sǝup‬"},{"$i":"switch-calls","$v":"‮Sʍıʇɔɥ‬ ‮ɔɐʅʅs‬"},{"$i":"today","$v":"‮⊥opɐʎ‬"},{"$i":"withheld-number","$v":"‮Ｍıʇɥɥǝʅp‬ ‮unɯqǝɹ‬"},{"$i":"from-contact","$v":["‮ɟɹoɯ‬ ",{"t":"idOrVar","v":"contact"}]},{"$i":"from-number","$v":["‮ɟɹoɯ‬ ",{"t":"idOrVar","v":"number"}]},{"$i":"from-withheld-number","$v":"‮ɟɹoɯ‬ ‮ʍıʇɥɥǝʅp‬ ‮unɯqǝɹ‬"},{"$i":"yesterday","$v":"‮ʎǝsʇǝɹpɐʎ‬"},{"$i":"sending","$v":"‮Sǝupıuƃ‬…"},{"$i":"speakerOption","ariaLabel":"‮Sdǝɐʞǝɹ‬"},{"$i":"ussd-services","$v":[{"t":"idOrVar","v":"operator"}," ‮sǝɹʌıɔǝs‬"]},{"$i":"toggleKeypad","ariaLabel":"‮⊥oƃƃʅǝ‬ ‮ʞǝʎdɐp‬"},{"$i":"type-your-response","placeholder":"‮⊥ʎdǝ‬ ‮ʎonɹ‬ ‮ɹǝsdousǝ‬…"},{"$i":"clear-all-text","$v":"‮Ↄʅǝɐɹ‬ ‮ɐʅʅ‬ ‮ʇǝxʇ‬"},{"$i":"hide","$v":"‮Hıpǝ‬"},{"$i":"call","$v":"‮Ↄɐʅʅ‬"},{"$i":"hold","ariaLabel":"‮Hoʅp‬"},{"$i":"resume","$v":"‮ᴚǝsnɯǝ‬","ariaLabel":"‮ᴚǝsnɯǝ‬"},{"$i":"sendSms","$v":"‮Sǝup‬ ‮Wǝssɐƃǝ‬"},{"$i":"callEnded","$v":"‮Ↄɐʅʅ‬ ‮Ǝupǝp‬"},{"$i":"via-sim","$v":["‮ʌıɐ‬ ‮SIW‬",{"t":"idOrVar","v":"n"}]},{"$i":"sim-number","$v":["‮SIW‬",{"t":"idOrVar","v":"n"}]},{"$i":"unknown","$v":"‮∩uʞuoʍu‬"},{"$i":"cancel","$v":"‮Ↄɐuɔǝʅ‬"},{"$i":"remove","$v":"‮ᴚǝɯoʌǝ‬"},{"$i":"cleanFbConfirmMsg","$v":"‮ᴚǝɯoʌǝ‬ ‮ɐʅʅ‬ ‮ɟɐɔǝqooʞ‬ ‮pɐʇɐ‬?"},{"$i":"deleteConfirmMsg","$v":"‮pǝʅǝʇǝ‬ ‮ɔouʇɐɔʇ‬?"},{"$i":"ContactConfirmDel","$v":{"zero":"‮No‬ ‮Ↄouʇɐɔʇ‬ ‮ʇo‬ ‮pǝʅǝʇǝ‬","one":"‮pǝʅǝʇǝ‬ 1 ‮Ↄouʇɐɔʇ‬? ‮⊥ɥıs‬ ‮ɔɐuuoʇ‬ ‮qǝ‬ ‮nupouǝ‬.","two":["‮pǝʅǝʇǝ‬ ",{"t":"idOrVar","v":"n"}," ‮Ↄouʇɐɔʇs‬? ‮⊥ɥıs‬ ‮ɔɐuuoʇ‬ ‮qǝ‬ ‮nupouǝ‬."],"few":["‮pǝʅǝʇǝ‬ ",{"t":"idOrVar","v":"n"}," ‮Ↄouʇɐɔʇs‬? ‮⊥ɥıs‬ ‮ɔɐuuoʇ‬ ‮qǝ‬ ‮nupouǝ‬."],"many":["‮pǝʅǝʇǝ‬ ",{"t":"idOrVar","v":"n"}," ‮Ↄouʇɐɔʇs‬? ‮⊥ɥıs‬ ‮ɔɐuuoʇ‬ ‮qǝ‬ ‮nupouǝ‬."],"other":["‮pǝʅǝʇǝ‬ ",{"t":"idOrVar","v":"n"}," ‮Ↄouʇɐɔʇs‬? ‮⊥ɥıs‬ ‮ɔɐuuoʇ‬ ‮qǝ‬ ‮nupouǝ‬."]},"$x":[{"t":"idOrVar","v":"plural"},"n"]},{"$i":"retry","$v":"‮ᴚǝʇɹʎ‬"},{"$i":"hangup-a11y-button","ariaLabel":"‮Hɐuƃ‬ ‮∩d‬"},{"$i":"pickup-a11y-button","ariaLabel":"‮Ԁıɔʞ‬ ‮nd‬"},{"$i":"unlock-a11y-button","ariaLabel":"‮Sʅıpǝɹ‬"},{"$i":"settings","$v":"‮Sǝʇʇıuƃs‬"},{"$i":"delete-n-log?","$v":{"zero":"‮Noʇɥıuƃ‬ ‮sǝʅǝɔʇǝp‬","one":"‮pǝʅǝʇǝ‬ ‮sǝʅǝɔʇǝp‬ ‮ʅoƃ‬?","two":["‮pǝʅǝʇǝ‬ ",{"t":"idOrVar","v":"n"}," ‮ʅoƃs‬?"],"few":["‮pǝʅǝʇǝ‬ ",{"t":"idOrVar","v":"n"}," ‮ʅoƃs‬?"],"many":["‮pǝʅǝʇǝ‬ ",{"t":"idOrVar","v":"n"}," ‮ʅoƃs‬?"],"other":["‮pǝʅǝʇǝ‬ ",{"t":"idOrVar","v":"n"}," ‮ʅoƃs‬?"]},"$x":[{"t":"idOrVar","v":"plural"},"n"]},{"$i":"composeEmail","ariaLabel":"‮Ǝɯɐıʅ‬"},{"$i":"emailDetail","ariaLabel":"‮Ǝɯɐıʅ‬"},{"$i":"phoneDetail","ariaLabel":"‮Ԁɥouǝ‬"},{"$i":"send-sms-button","ariaLabel":"‮SWS‬"},{"$i":"separator","$v":","},{"$i":"callDurationMinutes","$v":[{"t":"idOrVar","v":"m"},":",{"t":"idOrVar","v":"s"}]},{"$i":"callDurationHours","$v":[{"t":"idOrVar","v":"h"},":",{"t":"idOrVar","v":"m"},":",{"t":"idOrVar","v":"s"}]},{"$i":"callDurationTextFormatSeconds","$v":[{"t":"idOrVar","v":"s"}," ‮s‬"]},{"$i":"callDurationTextFormatMinutes","$v":[{"t":"idOrVar","v":"m"}," ‮ɯ‬ ",{"t":"idOrVar","v":"s"}," ‮s‬"]},{"$i":"callDurationTextFormatHours","$v":[{"t":"idOrVar","v":"h"}," ‮ɥ‬ ",{"t":"idOrVar","v":"m"}," ‮ɯ‬ ",{"t":"idOrVar","v":"s"}," ‮s‬"]},{"$i":"suggestionMatches","$v":{"one":[{"t":"idOrVar","v":"n"}," ‮ɯɐʇɔɥ‬ ‮ɟoɹ‬ \"",{"t":"idOrVar","v":"matchNumber"},"\""],"two":[{"t":"idOrVar","v":"n"}," ‮ɯɐʇɔɥǝs‬ ‮ɟoɹ‬ \"",{"t":"idOrVar","v":"matchNumber"},"\""],"few":[{"t":"idOrVar","v":"n"}," ‮ɯɐʇɔɥǝs‬ ‮ɟoɹ‬ \"",{"t":"idOrVar","v":"matchNumber"},"\""],"many":[{"t":"idOrVar","v":"n"}," ‮ɯɐʇɔɥǝs‬ ‮ɟoɹ‬ \"",{"t":"idOrVar","v":"matchNumber"},"\""],"other":[{"t":"idOrVar","v":"n"}," ‮ɯɐʇɔɥǝs‬ ‮ɟoɹ‬ \"",{"t":"idOrVar","v":"matchNumber"},"\""]},"$x":[{"t":"idOrVar","v":"plural"},"n"]},{"$i":"scCallBarring","$v":"‮Ↄɐʅʅ‬ ‮qɐɹɹıuƃ‬"},{"$i":"scCallForwarding","$v":"‮Ↄɐʅʅ‬ ‮ɟoɹʍɐɹpıuƃ‬"},{"$i":"scClip","$v":"‮Iuɔoɯıuƃ‬ ‮Ↄɐʅʅǝɹ‬ ‮Ip‬"},{"$i":"scClir","$v":"‮Onʇƃoıuƃ‬ ‮Ↄɐʅʅǝɹ‬ ‮Ip‬"},{"$i":"scPwd","$v":"‮Ԁɐssʍoɹp‬ ‮ɔɥɐuƃǝ‬"},{"$i":"scCallWaiting","$v":"‮Ↄɐʅʅ‬ ‮ʍɐıʇıuƃ‬"},{"$i":"scPin","$v":"‮ԀIN‬ ‮ɔɥɐuƃǝ‬"},{"$i":"scPin2","$v":"‮ԀIN‬2 ‮ɔɥɐuƃǝ‬"},{"$i":"scPuk","$v":"‮∩uqʅoɔʞ‬ ‮ԀIN‬"},{"$i":"scPuk2","$v":"‮∩uqʅoɔʞ‬ ‮ԀIN‬2"},{"$i":"scImei","$v":"‮IWƎI‬"},{"$i":"scUssd","$v":"‮∩SSp‬"},{"$i":"serviceClassVoice","$v":"‮Ʌoıɔǝ‬"},{"$i":"serviceClassData","$v":"‮pɐʇɐ‬"},{"$i":"serviceClassFax","$v":"‮ɟ∀X‬"},{"$i":"serviceClassSms","$v":"‮SWS‬"},{"$i":"serviceClassDataSync","$v":"‮Sʎuɔ‬"},{"$i":"serviceClassDataAsync","$v":"‮∀sʎuɔ‬"},{"$i":"serviceClassPacket","$v":"‮Ԁɐɔʞǝʇ‬"},{"$i":"serviceClassPad","$v":"‮Ԁ∀p‬"},{"$i":"smServiceEnabled","$v":"‮Sǝɹʌıɔǝ‬ ‮ʍɐs‬ ‮ǝuɐqʅǝp‬"},{"$i":"smServiceDisabled","$v":"‮Sǝɹʌıɔǝ‬ ‮ɥɐs‬ ‮qǝǝu‬ ‮pısɐqʅǝp‬"},{"$i":"smServiceRegistered","$v":"‮ᴚǝƃısʇɹɐʇıou‬ ‮ʍɐs‬ ‮snɔɔǝssɟnʅ‬"},{"$i":"smServiceErased","$v":"‮Ǝɹɐsnɹǝ‬ ‮ʍɐs‬ ‮snɔɔǝssɟnʅ‬"},{"$i":"smServiceInterrogated","$v":"‮ᴚǝbnǝsʇ‬ ‮ʍɐs‬ ‮snɔɔǝssɟnʅ‬"},{"$i":"smServiceNotProvisioned","$v":"‮Sǝɹʌıɔǝ‬ ‮uoʇ‬ ‮dɹoʌısıouǝp‬"},{"$i":"smClirPermanent","$v":"‮ʎon‬ ‮ɔɐu‬ ‮uoʇ‬ ‮ɔɥɐuƃǝ‬ ‮ʇɥǝ‬ ‮ɔɐʅʅǝɹ‬ ‮Ip‬ ‮sǝʇʇıuƃ‬"},{"$i":"smClirDefaultOnNextCallOn","$v":"‮Ↄɐʅʅǝɹ‬ ‮Ip‬ ‮pǝɟɐnʅʇs‬ ‮ʇo‬ ‮ɹǝsʇɹıɔʇǝp‬. ‮Nǝxʇ‬ ‮ɔɐʅʅ‬: ‮ᴚǝsʇɹıɔʇǝp‬"},{"$i":"smClirDefaultOnNextCallOff","$v":"‮Ↄɐʅʅǝɹ‬ ‮Ip‬ ‮pǝɟɐnʅʇs‬ ‮ʇo‬ ‮ɹǝsʇɹıɔʇǝp‬. ‮Nǝxʇ‬ ‮ɔɐʅʅ‬: ‮Noʇ‬ ‮ɹǝsʇɹıɔʇǝp‬"},{"$i":"smClirDefaultOffNextCallOn","$v":"‮Ↄɐʅʅǝɹ‬ ‮Ip‬ ‮pǝɟɐnʅʇs‬ ‮ʇo‬ ‮uoʇ‬ ‮ɹǝsʇɹıɔʇǝp‬. ‮Nǝxʇ‬ ‮ɔɐʅʅ‬: ‮ᴚǝsʇɹıɔʇǝp‬"},{"$i":"smClirDefaultOffNextCallOff","$v":"‮Ↄɐʅʅǝɹ‬ ‮Ip‬ ‮pǝɟɐnʅʇs‬ ‮ʇo‬ ‮uoʇ‬ ‮ɹǝsʇɹıɔʇǝp‬. ‮Nǝxʇ‬ ‮ɔɐʅʅ‬: ‮Noʇ‬ ‮ɹǝsʇɹıɔʇǝp‬"},{"$i":"smServiceEnabledFor","$v":"‮Sǝɹʌıɔǝ‬ ‮ʍɐs‬ ‮ǝuɐqʅǝp‬ ‮ɟoɹ‬:"},{"$i":"smPinChanged","$v":"‮ԀIN‬ ‮snɔɔǝssɟnʅʅʎ‬ ‮ɔɥɐuƃǝp‬"},{"$i":"smPinUnblocked","$v":"‮ԀIN‬ ‮snɔɔǝssɟnʅʅʎ‬ ‮nuqʅoɔʞǝp‬"},{"$i":"smPin2Changed","$v":"‮ԀIN‬2 ‮snɔɔǝssɟnʅʅʎ‬ ‮ɔɥɐuƃǝp‬"},{"$i":"smPin2Unblocked","$v":"‮ԀIN‬2 ‮snɔɔǝssɟnʅʅʎ‬ ‮nuqʅoɔʞǝp‬"},{"$i":"ServiceIsEnabled","$v":"‮Sǝɹʌıɔǝ‬ ‮ıs‬ ‮ǝuɐqʅǝp‬"},{"$i":"ServiceIsDisabled","$v":"‮Sǝɹʌıɔǝ‬ ‮ıs‬ ‮pısɐqʅǝp‬"},{"$i":"ServiceIsEnabledFor","$v":"‮Sǝɹʌıɔǝ‬ ‮ıs‬ ‮ǝuɐqʅǝp‬ ‮ɟoɹ‬:"},{"$i":"emMmiError","$v":"‮Ↄouuǝɔʇıou‬ ‮dɹoqʅǝɯ‬ ‮oɹ‬ ‮ıuʌɐʅıp‬ ‮WWI‬ ‮ɔopǝ‬"},{"$i":"emMmiErrorPasswordIncorrect","$v":"‮Iuɔoɹɹǝɔʇ‬ ‮Ԁɐssʍoɹp‬"},{"$i":"emMmiErrorNotSupported","$v":"‮Iuʌɐʅıp‬ ‮oɹ‬ ‮∩usnddoɹʇǝp‬ ‮WWI‬ ‮Ↄopǝ‬"},{"$i":"emMmiErrorInvalidAction","$v":"‮Iuʌɐʅıp‬ ‮ɐɔʇıou‬"},{"$i":"emMmiErrorInvalidScCode","$v":"‮Iuʌɐʅıp‬ ‮sǝɹʌıɔǝ‬ ‮ɔopǝ‬"},{"$i":"emMmiErrorBadPuk","$v":"‮⊥ɥǝ‬ ‮Ԁ∩Ӽ‬ ‮ʎon‬ ‮ʇʎdǝp‬ ‮ıs‬ ‮uoʇ‬ ‮ɔoɹɹǝɔʇ‬"},{"$i":"emMmiErrorBadPin","$v":"‮⊥ɥǝ‬ ‮oʅp‬ ‮ԀIN‬ ‮ʎon‬ ‮ʇʎdǝp‬ ‮ıs‬ ‮uoʇ‬ ‮ɔoɹɹǝɔʇ‬."},{"$i":"emMmiErrorNeedPuk2","$v":"‮⊥ʎdǝ‬ ‮Ԁ∩Ӽ‬2 ‮ʇo‬ ‮nuqʅoɔʞ‬ ‮SIW‬ ‮ɔɐɹp‬"},{"$i":"emMmiErrorMismatchPin","$v":"‮⊥ɥǝ‬ ‮ԀINs‬ ‮ʎon‬ ‮ʇʎdǝp‬ ‮po‬ ‮uoʇ‬ ‮ɯɐʇɔɥ‬"},{"$i":"emMmiErrorInvalidPin","$v":"‮⊥ʎdǝ‬ ‮ɐ‬ ‮ԀIN‬ ‮ʇɥɐʇ‬ ‮ıs‬ 4 ‮ʇo‬ 8 ‮unɯqǝɹs‬"},{"$i":"emMmiErrorNeedsPuk","$v":"‮ʎonɹ‬ ‮SIW‬ ‮ɔɐɹp‬ ‮ıs‬ ‮Ԁ∩Ӽ‬-‮ʅoɔʞǝp‬"},{"$i":"emMmiErrorEnablePin","$v":"‮∩usnɔɔǝssɟnʅ‬. ‮Ǝuɐqʅǝ‬ ‮SIW‬/‮ᴚ∩IW‬ ‮˥OↃӼ‬"},{"$i":"emMmiErrorMmiFdn","$v":"‮Odǝɹɐʇıou‬ ‮ıs‬ ‮ɹǝsʇɹıɔʇǝp‬ ‮ʇo‬ ‮ɟıxǝp‬ ‮pıɐʅıuƃ‬ ‮unɯqǝɹs‬ ‮ouʅʎ‬"},{"$i":"emMmiErrorStkCcUssdDial","$v":"‮∩SSp‬ ‮ɹǝbnǝsʇ‬ ‮ıs‬ ‮ɯopıɟıǝp‬ ‮ʇo‬ ‮pI∀˥‬ ‮ɹǝbnǝsʇ‬"},{"$i":"emMmiErrorStkCcUssdSs","$v":"‮∩SSp‬ ‮ɹǝbnǝsʇ‬ ‮ıs‬ ‮ɯopıɟıǝp‬ ‮ʇo‬ ‮SS‬ ‮ɹǝbnǝsʇ‬"},{"$i":"emMmiErrorStkCcUssdUssd","$v":"‮∩SSp‬ ‮ɹǝbnǝsʇ‬ ‮ıs‬ ‮ɯopıɟıǝp‬ ‮ʇo‬ ‮uǝʍ‬ ‮∩SSp‬ ‮ɹǝbnǝsʇ‬"},{"$i":"emMmiErrorStkCcSsDial","$v":"‮SS‬ ‮ɹǝbnǝsʇ‬ ‮ıs‬ ‮ɯopıɟıǝp‬ ‮ʇo‬ ‮pI∀˥‬ ‮ɹǝbnǝsʇ‬"},{"$i":"emMmiErrorStkCcSsUssd","$v":"‮SS‬ ‮ɹǝbnǝsʇ‬ ‮ıs‬ ‮ɯopıɟıǝp‬ ‮ʇo‬ ‮∩SSp‬ ‮ɹǝbnǝsʇ‬"},{"$i":"emMmiErrorStkCcSsSs","$v":"‮SS‬ ‮ɹǝbnǝsʇ‬ ‮ıs‬ ‮ɯopıɟıǝp‬ ‮ʇo‬ ‮uǝʍ‬ ‮SS‬ ‮ɹǝbnǝsʇ‬"},{"$i":"emMmiErrorPinPukAttempts","$v":{"one":["‮Ouʅʎ‬ ",{"t":"idOrVar","v":"n"}," ‮ɹǝʇɹʎ‬ ‮ʅǝɟʇ‬"],"two":[{"t":"idOrVar","v":"n"}," ‮ɹǝʇɹıǝs‬ ‮ʅǝɟʇ‬"],"few":[{"t":"idOrVar","v":"n"}," ‮ɹǝʇɹıǝs‬ ‮ʅǝɟʇ‬"],"many":[{"t":"idOrVar","v":"n"}," ‮ɹǝʇɹıǝs‬ ‮ʅǝɟʇ‬"],"other":[{"t":"idOrVar","v":"n"}," ‮ɹǝʇɹıǝs‬ ‮ʅǝɟʇ‬"]},"$x":[{"t":"idOrVar","v":"plural"},"n"]},{"$i":"emMmiErrorSimBlocked","$v":"‮Wɐxıɯnɯ‬ ‮unɯqǝɹ‬ ‮oɟ‬ ‮ɹǝʇɹıǝs‬ ‮ǝxɔǝǝpǝp‬. ‮SIW‬ ‮qʅoɔʞǝp‬"},{"$i":"RadioNotAvailable","$v":"‮ᴚɐpıo‬ ‮uoʇ‬ ‮ɐʌɐıʅɐqʅǝ‬"},{"$i":"GenericFailure","$v":"‮פǝuǝɹıɔ‬ ‮ɟɐıʅnɹǝ‬"},{"$i":"PasswordIncorrect","$v":"‮Ԁɐssʍoɹp‬ ‮ıuɔoɹɹǝɔʇ‬"},{"$i":"SimPin2","$v":"‮SIW‬ ‮ԀIN‬2"},{"$i":"SimPuk2","$v":"‮SIW‬ ‮Ԁ∩Ӽ‬2"},{"$i":"RequestNotSupported","$v":"‮ᴚǝbnǝsʇ‬ ‮uoʇ‬ ‮snddoɹʇǝp‬"},{"$i":"OpNotAllowedDuringVoiceCall","$v":"‮Odǝɹɐʇıou‬ ‮uoʇ‬ ‮ɐʅʅoʍǝp‬ ‮pnɹıuƃ‬ ‮ʌoıɔǝ‬ ‮ɔɐʅʅ‬"},{"$i":"SmsSendFailRetry","$v":"‮SWS‬ ‮sǝup‬ ‮ɟɐıʅ‬ ‮ɹǝʇɹʎ‬"},{"$i":"SimAbsent","$v":"‮SIW‬ ‮ɐqsǝuʇ‬"},{"$i":"SubscriptionNotAvailable","$v":"‮Snqsɔɹıdʇıou‬ ‮uoʇ‬ ‮ɐʌɐıʅɐqʅǝ‬"},{"$i":"ModeNotSupported","$v":"‮Wopǝ‬ ‮uoʇ‬ ‮snddoɹʇǝp‬"},{"$i":"FdnCheckFailure","$v":"‮ɟpu‬ ‮ɔɥǝɔʞ‬ ‮ɟɐıʅnɹǝ‬"},{"$i":"IllegalSimOrMe","$v":"‮Iʅʅǝƃɐʅ‬ ‮SIW‬ ‮oɹ‬ ‮WƎ‬"},{"$i":"DialModifiedToUssd","$v":"‮pıɐʅ‬ ‮ɯopıɟıǝp‬ ‮ʇo‬ ‮∩SSp‬"},{"$i":"DialModifiedToSs","$v":"‮pıɐʅ‬ ‮ɯopıɟıǝp‬ ‮ʇo‬ ‮SS‬"},{"$i":"DialModifiedToDial","$v":"‮pıɐʅ‬ ‮ɯopıɟıǝp‬ ‮ʇo‬ ‮pıɐʅ‬"},{"$i":"UssdModifiedToDial","$v":"‮∩SSp‬ ‮ɯopıɟıǝp‬ ‮ʇo‬ ‮pıɐʅ‬"},{"$i":"UssdModifiedToSs","$v":"‮∩SSp‬ ‮ɯopıɟıǝp‬ ‮ʇo‬ ‮SS‬"},{"$i":"UssdModifiedToUssd","$v":"‮∩SSp‬ ‮ɯopıɟıǝp‬ ‮ʇo‬ ‮∩SSp‬"},{"$i":"SsModifiedToDial","$v":"‮SS‬ ‮ɯopıɟıǝp‬ ‮ʇo‬ ‮pıɐʅ‬"},{"$i":"SsModifiedToUssd","$v":"‮SS‬ ‮ɯopıɟıǝp‬ ‮ʇo‬ ‮∩SSp‬"},{"$i":"SsModifiedToSs","$v":"‮SS‬ ‮ɯopıɟıǝp‬ ‮ʇo‬ ‮SS‬"},{"$i":"SubscriptionNotSupported","$v":"‮Snqsɔɹıdʇıou‬ ‮uoʇ‬ ‮snddoɹʇǝp‬"},{"$i":"InvalidParameter","$v":"‮Iuʌɐʅıp‬ ‮dɐɹɐɯǝʇǝɹ‬"},{"$i":"RejectedByRemote","$v":"‮ᴚǝɾǝɔʇǝp‬ ‮qʎ‬ ‮ɹǝɯoʇǝ‬"},{"$i":"conferenceCall","$v":["‮Ↄouɟǝɹǝuɔǝ‬ (",{"t":"idOrVar","v":"n"},")"]},{"$i":"voicemail-left-call","$v":"‮Ʌoıɔǝɯɐıʅ‬ ‮ɥɐs‬ ‮ʅǝɟʇ‬ ‮ʇɥǝ‬ ‮ɔɐʅʅ‬."},{"$i":"withheld-number-left-call","$v":"‮Ｍıʇɥɥǝʅp‬ ‮unɯqǝɹ‬ ‮ɥɐs‬ ‮ʅǝɟʇ‬ ‮ʇɥǝ‬ ‮ɔɐʅʅ‬."},{"$i":"caller-left-call","$v":[{"t":"idOrVar","v":"caller"}," ‮ɥɐs‬ ‮ʅǝɟʇ‬ ‮ʇɥǝ‬ ‮ɔɐʅʅ‬."]},{"$i":"conferenceAddError","$v":"‮∩uɐqʅǝ‬ ‮ʇo‬ ‮ɯǝɹƃǝ‬ ‮ɔɐʅʅs‬"},{"$i":"conferenceRemoveError","$v":"‮∩uɐqʅǝ‬ ‮ʇo‬ ‮nuɯǝɹƃǝ‬ ‮ɔɐʅʅs‬"},{"$i":"longDateFormat","$v":"%A, %B %e"},{"$i":"select-audio-sources","$v":"‮Sǝʅǝɔʇ‬ ‮ɐnpıo‬ ‮sonɹɔǝs‬"},{"$i":"bluetooth-handsfree-device","$v":"‮Ԑʅnǝʇooʇɥ‬ ‮ɥɐupsɟɹǝǝ‬ ‮pǝʌıɔǝ‬"},{"$i":"receiver","$v":"‮ᴚǝɔǝıʌǝɹ‬"},{"$i":"speaker","$v":"‮Sdǝɐʞǝɹ‬"},{"$i":"voiceMail","$v":"‮Ʌoıɔǝɯɐıʅ‬"},{"$i":"back","$v":"‮Ԑɐɔʞ‬"},{"$i":"noSimMsg","$v":"‮⊥o‬ ‮ıɯdoɹʇ‬ ‮ɔouʇɐɔʇs‬ ‮ıusǝɹʇ‬ ‮oɹ‬ ‮nuʅoɔʞ‬ ‮ʎonɹ‬ ‮SIW‬ ‮ɔɐɹp‬"},{"$i":"noMemoryCardMsg","$v":"‮⊥o‬ ‮ıɯdoɹʇ‬ ‮ɔouʇɐɔʇs‬ ‮ıusǝɹʇ‬ ‮ɐ‬ ‮ɯǝɯoɹʎ‬ ‮ɔɐɹp‬"},{"$i":"importMemoryCard","$v":"‮Wǝɯoɹʎ‬ ‮ɔɐɹp‬"},{"$i":"emptyAccount","$v":"‮No‬ ‮ɟɹıǝups‬ ‮oɹ‬ ‮ɔouʇɐɔʇs‬ ‮ɟonup‬ ‮ıu‬ ‮ʇɥıs‬ ‮ɐɔɔonuʇ‬."},{"$i":"simContacts-import","$v":"‮Iɯdoɹʇ‬ ‮SIW‬ ‮ɔouʇɐɔʇs‬"},{"$i":"simContacts-importing","$v":"‮Iɯdoɹʇıuƃ‬ ‮SIW‬ ‮ɔouʇɐɔʇs‬…"},{"$i":"simContacts-reading","$v":"‮ᴚǝɐpıuƃ‬ ‮ɟɹoɯ‬ ‮SIW‬ ‮ɔɐɹp‬…"},{"$i":"simContacts-error","$v":"‮Ↄonʅp‬ ‮uoʇ‬ ‮ıɯdoɹʇ‬ ‮ɔouʇɐɔʇs‬ ‮ɟɹoɯ‬ ‮SIW‬"},{"$i":"simContacts-imported3","$v":{"zero":"‮No‬ ‮ɔouʇɐɔʇs‬ ‮pǝʇǝɔʇǝp‬ ‮ou‬ ‮SIW‬ ‮ʇo‬ ‮ıɯdoɹʇ‬","one":"‮Iɯdoɹʇǝp‬ ‮ouǝ‬ ‮ɔouʇɐɔʇ‬","two":["‮Iɯdoɹʇǝp‬ ",{"t":"idOrVar","v":"n"}," ‮ɔouʇɐɔʇs‬"],"few":["‮Iɯdoɹʇǝp‬ ",{"t":"idOrVar","v":"n"}," ‮ɔouʇɐɔʇs‬"],"many":["‮Iɯdoɹʇǝp‬ ",{"t":"idOrVar","v":"n"}," ‮ɔouʇɐɔʇs‬"],"other":["‮Iɯdoɹʇǝp‬ ",{"t":"idOrVar","v":"n"}," ‮ɔouʇɐɔʇs‬"]},"$x":[{"t":"idOrVar","v":"plural"},"n"]},{"$i":"memoryCardContacts-import","$v":"‮Iɯdoɹʇ‬ ‮ɔouʇɐɔʇs‬ ‮ɟɹoɯ‬ ‮ɯǝɯoɹʎ‬ ‮ɔɐɹp‬"},{"$i":"memoryCardContacts-importing","$v":"‮Iɯdoɹʇıuƃ‬ ‮ɔouʇɐɔʇs‬ ‮ɟɹoɯ‬ ‮ɯǝɯoɹʎ‬ ‮ɔɐɹp‬…"},{"$i":"memoryCardContacts-error","$v":"‮Ↄonʅp‬ ‮uoʇ‬ ‮ıɯdoɹʇ‬ ‮ɔouʇɐɔʇs‬ ‮ɟɹoɯ‬ ‮ɯǝɯoɹʎ‬ ‮ɔɐɹp‬"},{"$i":"memoryCardContacts-imported3","$v":{"zero":"‮No‬ ‮ɔouʇɐɔʇs‬ ‮pǝʇǝɔʇǝp‬ ‮ou‬ ‮ɯǝɯoɹʎ‬ ‮ɔɐɹp‬ ‮ʇo‬ ‮ıɯdoɹʇ‬","one":"‮Iɯdoɹʇǝp‬ ‮ouǝ‬ ‮ɔouʇɐɔʇ‬","two":["‮Iɯdoɹʇǝp‬ ",{"t":"idOrVar","v":"n"}," ‮ɔouʇɐɔʇs‬"],"few":["‮Iɯdoɹʇǝp‬ ",{"t":"idOrVar","v":"n"}," ‮ɔouʇɐɔʇs‬"],"many":["‮Iɯdoɹʇǝp‬ ",{"t":"idOrVar","v":"n"}," ‮ɔouʇɐɔʇs‬"],"other":["‮Iɯdoɹʇǝp‬ ",{"t":"idOrVar","v":"n"}," ‮ɔouʇɐɔʇs‬"]},"$x":[{"t":"idOrVar","v":"plural"},"n"]},{"$i":"genericProgress","$v":[{"t":"idOrVar","v":"current"},"/",{"t":"idOrVar","v":"total"}]},{"$i":"infiniteProgress","$v":{"zero":"‮No‬ ‮ɔouʇɐɔʇs‬ ‮ıɯdoɹʇǝp‬ ‮ʎǝʇ‬","one":"‮Iɯdoɹʇǝp‬ ‮ouǝ‬ ‮ɔouʇɐɔʇ‬","two":["‮Iɯdoɹʇǝp‬ ",{"t":"idOrVar","v":"n"}," ‮ɔouʇɐɔʇs‬"],"few":["‮Iɯdoɹʇǝp‬ ",{"t":"idOrVar","v":"n"}," ‮ɔouʇɐɔʇs‬"],"many":["‮Iɯdoɹʇǝp‬ ",{"t":"idOrVar","v":"n"}," ‮ɔouʇɐɔʇs‬"],"other":["‮Iɯdoɹʇǝp‬ ",{"t":"idOrVar","v":"n"}," ‮ɔouʇɐɔʇs‬"]},"$x":[{"t":"idOrVar","v":"plural"},"n"]},{"$i":"friendsUpdated","$v":{"zero":"‮No‬ ‮ɟɹıǝups‬ ‮ndpɐʇǝp‬","one":"‮∩dpɐʇǝp‬ ‮ouǝ‬ ‮ɟɹıǝup‬","two":["‮∩dpɐʇǝp‬ ",{"t":"idOrVar","v":"numFriends"}," ‮ɟɹıǝups‬"],"few":["‮∩dpɐʇǝp‬ ",{"t":"idOrVar","v":"numFriends"}," ‮ɟɹıǝups‬"],"many":["‮∩dpɐʇǝp‬ ",{"t":"idOrVar","v":"numFriends"}," ‮ɟɹıǝups‬"],"other":["‮∩dpɐʇǝp‬ ",{"t":"idOrVar","v":"numFriends"}," ‮ɟɹıǝups‬"]},"$x":[{"t":"idOrVar","v":"plural"},"numFriends"]},{"$i":"friendsMerged","$v":{"zero":"‮No‬ ‮pndʅıɔɐʇǝp‬ ‮ɟɹıǝups‬ ‮ɯǝɹƃǝp‬","one":"‮Ouǝ‬ ‮pndʅıɔɐʇǝp‬ ‮ɟɹıǝup‬ ‮ɯǝɹƃǝp‬","two":[{"t":"idOrVar","v":"numDups"}," ‮ɟɹıǝups‬ ‮ɯǝɹƃǝp‬"],"few":[{"t":"idOrVar","v":"numDups"}," ‮ɟɹıǝups‬ ‮ɯǝɹƃǝp‬"],"many":[{"t":"idOrVar","v":"numDups"}," ‮ɟɹıǝups‬ ‮ɯǝɹƃǝp‬"],"other":[{"t":"idOrVar","v":"numDups"}," ‮ɟɹıǝups‬ ‮ɯǝɹƃǝp‬"]},"$x":[{"t":"idOrVar","v":"plural"},"numDups"]},{"$i":"contactsMerged","$v":{"zero":"‮No‬ ‮pndʅıɔɐʇǝp‬ ‮ɔouʇɐɔʇs‬ ‮ɯǝɹƃǝp‬","one":"‮Ouǝ‬ ‮pndʅıɔɐʇǝp‬ ‮ɔouʇɐɔʇ‬ ‮ɯǝɹƃǝp‬","two":[{"t":"idOrVar","v":"numDups"}," ‮ɔouʇɐɔʇs‬ ‮ɯǝɹƃǝp‬"],"few":[{"t":"idOrVar","v":"numDups"}," ‮ɔouʇɐɔʇs‬ ‮ɯǝɹƃǝp‬"],"many":[{"t":"idOrVar","v":"numDups"}," ‮ɔouʇɐɔʇs‬ ‮ɯǝɹƃǝp‬"],"other":[{"t":"idOrVar","v":"numDups"}," ‮ɔouʇɐɔʇs‬ ‮ɯǝɹƃǝp‬"]},"$x":[{"t":"idOrVar","v":"plural"},"numDups"]},{"$i":"import","$v":"‮Iɯdoɹʇ‬"},{"$i":"update","$v":"‮∩dpɐʇǝ‬"},{"$i":"fbFriends","$v":"‮ɟɐɔǝqooʞ‬ ‮ɟɹıǝups‬"},{"$i":"live-serviceName","$v":"‮Onʇʅooʞ‬"},{"$i":"gmail-serviceName","$v":"‮פɯɐıʅ‬"},{"$i":"facebook-serviceName","$v":"‮ɟɐɔǝqooʞ‬ ‮ɟɹıǝups‬"},{"$i":"selectAll","$v":"‮Sǝʅǝɔʇ‬ ‮ɐʅʅ‬"},{"$i":"deselectAll","$v":"‮pǝsǝʅǝɔʇ‬ ‮ɐʅʅ‬"},{"$i":"viewAll","$v":"‮Ʌıǝʍ‬ ‮∀ʅʅ‬ ‮ɟɐɔǝqooʞ‬ ‮ɟɹıǝups‬"},{"$i":"viewRecommend","$v":"‮Ʌıǝʍ‬ ‮Ouʅʎ‬ ‮ᴚǝɔoɯɯǝupǝp‬"},{"$i":"linkProposal","$v":{"zero":"‮No‬ ‮ɯɐʇɔɥıuƃ‬ ‮ɟɹıǝups‬. ‮Sɥoʍıuƃ‬ ‮ɐʅʅ‬","one":"‮Sǝʅǝɔʇ‬ ‮ʇɥǝ‬ ‮ɹǝɔoɯɯǝupǝp‬ ‮ouǝ‬","two":"‮Sǝʅǝɔʇ‬ ‮ɐ‬ ‮ɹǝɔoɯɯǝupǝp‬ ‮ouǝ‬","few":"‮Sǝʅǝɔʇ‬ ‮ɐ‬ ‮ɹǝɔoɯɯǝupǝp‬ ‮ouǝ‬","many":"‮Sǝʅǝɔʇ‬ ‮ɐ‬ ‮ɹǝɔoɯɯǝupǝp‬ ‮ouǝ‬","other":"‮Sǝʅǝɔʇ‬ ‮ɐ‬ ‮ɹǝɔoɯɯǝupǝp‬ ‮ouǝ‬"},"$x":[{"t":"idOrVar","v":"plural"},"numFriends"]},{"$i":"fbFriendsFound","$v":{"zero":"‮∀ʅʅ‬ ‮ʎonɹ‬ ‮ɟɹıǝups‬ ‮ɐɹǝ‬ ‮ıɯdoɹʇǝp‬","one":"‮ɟonup‬ ‮ouǝ‬ ‮ɟɹıǝup‬ ‮ʇo‬ ‮ıɯdoɹʇ‬","two":["‮ɟonup‬ ",{"t":"idOrVar","v":"numFriends"}," ‮ɟɹıǝups‬ ‮ʇo‬ ‮ıɯdoɹʇ‬"],"few":["‮ɟonup‬ ",{"t":"idOrVar","v":"numFriends"}," ‮ɟɹıǝups‬ ‮ʇo‬ ‮ıɯdoɹʇ‬"],"many":["‮ɟonup‬ ",{"t":"idOrVar","v":"numFriends"}," ‮ɟɹıǝups‬ ‮ʇo‬ ‮ıɯdoɹʇ‬"],"other":["‮ɟonup‬ ",{"t":"idOrVar","v":"numFriends"}," ‮ɟɹıǝups‬ ‮ʇo‬ ‮ıɯdoɹʇ‬"]},"$x":[{"t":"idOrVar","v":"plural"},"numFriends"]},{"$i":"fbNoFriends","$v":"‮No‬ ‮ɔouʇɐɔʇs‬ ‮ɐʌɐıʅɐqʅǝ‬ ‮ʇo‬ ‮ıɯdoɹʇ‬"},{"$i":"facebook","$v":"‮ɟɐɔǝqooʞ‬"},{"$i":"search-contact","placeholder":"‮Sǝɐɹɔɥ‬"},{"$i":"noResults","$v":"‮No‬ ‮ɔouʇɐɔʇs‬ ‮ɟonup‬"},{"$i":"done-search","$v":"‮pouǝ‬"},{"$i":"progressFB3ImportTitle","$v":"‮Iɯdoɹʇıuƃ‬ ‮ɟɹıǝups‬ ‮ʇo‬ ‮Ↄouʇɐɔʇs‬"},{"$i":"progressFB","$v":[{"t":"idOrVar","v":"current"},"/",{"t":"idOrVar","v":"total"}]},{"$i":"progressFB3UpdateTitle","$v":"‮∩dpɐʇıuƃ‬ ‮ɟɹıǝups‬ ‮ıu‬ ‮Ↄouʇɐɔʇs‬"},{"$i":"message2","$v":"‮⊥ɥıs‬ ‮ɯɐʎ‬ ‮ʇɐʞǝ‬ ‮ɐ‬ ‮ɔondʅǝ‬ ‮oɟ‬ ‮ɯıunʇǝs‬"},{"$i":"messageLinking","$v":"‮Ԁʅǝɐsǝ‬ ‮ɥoʅp‬ ‮ou‬. ‮Ｍǝ‬ ‮ɐɹǝ‬ ‮ʅıuʞıuƃ‬ ‮ʎonɹ‬ ‮ɟɹıǝup‬ ‮ɐup‬ ‮ʎonɹ‬ ‮ɔouʇɐɔʇ‬."},{"$i":"messageCanceling","$v":"‮Ԁʅǝɐsǝ‬ ‮ɥoʅp‬ ‮ou‬. ‮Ｍǝ‬ ‮ɐɹǝ‬ ‮ɔɐuɔǝʅıuƃ‬ ‮ʇɥǝ‬ ‮ouƃoıuƃ‬ ‮odǝɹɐʇıou‬."},{"$i":"error1","$v":["‮Ǝɹɹoɹ‬ ",{"t":"idOrVar","v":"from"}]},{"$i":"error2","$v":"‮po‬ ‮ʎon‬ ‮ʍɐuʇ‬ ‮ʇo‬ ‮ɹǝʇɹʎ‬?"},{"$i":"errorProposal","$v":"‮ɔɐʅɔnʅɐʇıuƃ‬ ‮dɹodosɐʅs‬"},{"$i":"errorFriends","$v":"‮ɹǝʇɹıǝʌıuƃ‬ ‮ɟɹıǝups‬"},{"$i":"errorLinking","$v":"‮ʅıuʞıuƃ‬ ‮ɔouʇɐɔʇ‬"},{"$i":"timeout1","$v":["‮Ǝxɔǝǝpǝp‬ ‮ʇıɯǝonʇ‬ ",{"t":"idOrVar","v":"from"}]},{"$i":"timeout2","$v":"‮po‬ ‮ʎon‬ ‮ʍɐuʇ‬ ‮ʇo‬ ‮ɹǝʇɹʎ‬?"},{"$i":"timeoutProposal","$v":"‮ɔɐʅɔnʅɐʇıuƃ‬ ‮dɹodosɐʅs‬"},{"$i":"timeoutFriends","$v":"‮ɹǝʇɹıǝʌıuƃ‬ ‮ɟɹıǝups‬"},{"$i":"timeoutLinking","$v":"‮ʅıuʞıuƃ‬ ‮ɔouʇɐɔʇs‬"},{"$i":"wait1","$v":"‮Ԁʅǝɐsǝ‬ ‮ɥoʅp‬ ‮ou‬"},{"$i":"wait2","$v":"‮⊥ɥıs‬ ‮ɯɐʎ‬ ‮ʇɐʞǝ‬ ‮ɐ‬ ‮ɔondʅǝ‬ ‮oɟ‬ ‮ɯıunʇǝs‬"},{"$i":"waitProposal","$v":"‮Ԁʅǝɐsǝ‬ ‮ɥoʅp‬ ‮ou‬. ‮Ｍǝ‬ ‮ɐɹǝ‬ ‮ɔɐʅɔnʅɐʇıuƃ‬ ‮ɐ‬ ‮dɹodosɐʅ‬."},{"$i":"waitFriends","$v":"‮Ԁʅǝɐsǝ‬ ‮ɥoʅp‬ ‮ou‬. ‮Ｍǝ‬ ‮ɐɹǝ‬ ‮ɔouuǝɔʇıuƃ‬ ‮ʇo‬ ‮oqʇɐıu‬ ‮ʎonɹ‬ ‮ɟɹıǝup‬ ‮ʅısʇ‬."},{"$i":"curtainCancel","$v":"‮Ↄɐuɔǝʅ‬"},{"$i":"curtainRetry","$v":"‮ᴚǝʇɹʎ‬"},{"$i":"curtainOK","$v":"‮OӼ‬"},{"$i":"connectionLost","$v":"‮No‬ ‮Iuʇǝɹuǝʇ‬ ‮ɔouuǝɔʇıou‬"},{"$i":"connectionLostMsg","$v":"‮ɟɹıǝups‬’ ‮dɥoʇos‬ ‮ʍıʅʅ‬ ‮uoʇ‬ ‮qǝ‬ ‮ɐppǝp‬ ‮ʇo‬ ‮ʎonɹ‬ ‮ɔouʇɐɔʇs‬. ‮Ↄouʇıunǝ‬ ‮ɐuʎʍɐʎ‬?"},{"$i":"yesOption","$v":"‮OӼ‬"},{"$i":"noOption","$v":"‮Ↄɐuɔǝʅ‬"},{"$i":"notificationLogin","$v":"‮ʎonɹ‬ ‮ɟɐɔǝqooʞ‬ ‮sǝssıou‬ ‮ıs‬ ‮ıuʌɐʅıp‬. ‮Ԁʅǝɐsǝ‬ ‮sıƃu‬ ‮ıu‬."},{"$i":"syncError","$v":"‮⊥ɥǝɹǝ‬ ‮ʍɐs‬ ‮ɐu‬ ‮ǝɹɹoɹ‬ ‮sʎuɔɥɹouızıuƃ‬ ‮ʎonɹ‬ ‮ɟɹıǝup‬’‮s‬ ‮pɐʇɐ‬"},{"$i":"phoneNumberInput","ariaLabel":"‮Ԁɥouǝ‬ ‮unɯqǝɹ‬"},{"$i":"keypadDelete","ariaLabel":"‮pǝʅǝʇǝ‬"},{"$i":"voiceMailKey","ariaLabel":"‮Ʌoıɔǝɯɐıʅ‬"},{"$i":"asterisk","ariaLabel":"‮∀sʇǝɹısʞ‬"},{"$i":"hashSign","ariaLabel":"‮Hɐsɥ‬ ‮sıƃu‬"},{"$i":"keypadCancel","$v":"‮Ↄɐuɔǝʅ‬"},{"$i":"loadingSimContacts","$v":"‮˥oɐpıuƃ‬ ‮SIW‬ ‮ɔɐɹp‬ ‮ɔouʇɐɔʇs‬…"},{"$i":"noContactsWereFound","$v":"‮No‬ ‮ɔouʇɐɔʇs‬ ‮ʍǝɹǝ‬ ‮ɟonup‬"},{"$i":"noContactsFoundDialogOk","$v":"‮OӼ‬"},{"$i":"noSimCardToLoadContactsFrom","$v":"‮No‬ ‮SIW‬ ‮ɔɐɹp‬ ‮ʇo‬ ‮ʅoɐp‬ ‮ɔouʇɐɔʇs‬ ‮ɟɹoɯ‬"},{"$i":"label","$v":"‮˥ɐqǝʅ‬"},{"$i":"mobile","$v":"‮Woqıʅǝ‬"},{"$i":"home","$v":"‮Hoɯǝ‬"},{"$i":"work","$v":"‮Ｍoɹʞ‬"},{"$i":"personal","$v":"‮Ԁǝɹsouɐʅ‬"},{"$i":"faxHome","$v":"‮ɟɐx‬ ‮ɥoɯǝ‬"},{"$i":"faxOffice","$v":"‮ɟɐx‬ ‮oɟɟıɔǝ‬"},{"$i":"faxOther","$v":"‮ɟɐx‬ ‮oʇɥǝɹ‬"},{"$i":"another","$v":"‮∀uoʇɥǝɹ‬"},{"$i":"other","$v":"‮Oʇɥǝɹ‬"},{"$i":"customTag","placeholder":"‮Ↄnsʇoɯ‬ ‮ʇɐƃ‬"},{"$i":"current","$v":"‮Ↄnɹɹǝuʇ‬"},{"$i":"itemWithLabel","$v":[{"t":"idOrVar","v":"label"},", ",{"t":"idOrVar","v":"item"}]},{"$i":"emergencyNumber","$v":"‮Ǝɯǝɹƃǝuɔʎ‬ ‮unɯqǝɹ‬"},{"$i":"callAirplaneModeMessage","$v":"‮⊥o‬ ‮ɯɐʞǝ‬ ‮ɐ‬ ‮ɔɐʅʅ‬ ‮ʎon‬ ‮uǝǝp‬ ‮ʇo‬ ‮pısɐqʅǝ‬ ‮ɐıɹdʅɐuǝ‬ ‮ɯopǝ‬ ‮ıu‬ ‮sǝʇʇıuƃs‬."},{"$i":"callAirplaneModeBtnOk","$v":"‮OӼ‬"},{"$i":"callAirplaneModeTitle","$v":"‮∀ıɹdʅɐuǝ‬ ‮ɯopǝ‬ ‮ɐɔʇıʌɐʇǝp‬"},{"$i":"numberIsBusyTitle","$v":"‮Nnɯqǝɹ‬ ‮ıs‬ ‮qnsʎ‬"},{"$i":"numberIsBusyMessage","$v":"‮⊥ɥǝ‬ ‮unɯqǝɹ‬ ‮ıs‬ ‮ɔnɹɹǝuʇʅʎ‬ ‮qnsʎ‬. ‮Ԁʅǝɐsǝ‬ ‮ʇɹʎ‬ ‮ɐƃɐıu‬ ‮ʅɐʇǝɹ‬."},{"$i":"fdnIsActiveTitle","$v":"‮ɟpN‬ ‮ɐɔʇıʌǝ‬"},{"$i":"fdnIsActiveMessage","$v":["‮ɟpN‬ (‮ɟıxǝp‬ ‮pıɐʅıuƃ‬ ‮Nnɯqǝɹs‬) ‮ıs‬ ‮ɐɔʇıʌɐʇǝp‬ ‮ɐup‬ ‮ʇɥǝ‬ ‮ɟoʅʅoʍıuƃ‬ ‮unɯqǝɹ‬ ‮ıs‬ ‮uoʇ‬ ‮ıu‬ ‮ʎonɹ‬ ‮ɟpN‬ ‮ʅısʇ‬: ",{"t":"idOrVar","v":"number"}]},{"$i":"emergencyDialogBodyBadNumber","$v":"‮⊥o‬ ‮ɯɐʞǝ‬ ‮ɐ‬ ‮ɔɐʅʅ‬, ‮ʇɥǝ‬ ‮dɥouǝ‬ ‮ɯnsʇ‬ ‮qǝ‬ ‮ɔouuǝɔʇǝp‬ ‮ʇo‬ ‮ɐ‬ ‮uǝʇʍoɹʞ‬."},{"$i":"emergencyDialogBodyDeviceNotAccepted","$v":"‮Ǝɯǝɹƃǝuɔʎ‬ ‮ɔɐʅʅs‬ ‮ɐɹǝ‬ ‮uoʇ‬ ‮ɐʅʅoʍǝp‬ ‮qʎ‬ ‮ʇɥǝ‬ ‮uǝʇʍoɹʞ‬."},{"$i":"emergencyDialogBtnOk","$v":"‮OӼ‬"},{"$i":"emergencyDialogTitle","$v":"‮No‬ ‮uǝʇʍoɹʞ‬ ‮ɔouuǝɔʇıou‬"},{"$i":"invalidNumberToDialTitle","$v":"‮Iuʌɐʅıp‬ ‮dɥouǝ‬ ‮unɯqǝɹ‬"},{"$i":"invalidNumberToDialMessage","$v":"‮⊥ɥǝ‬ ‮dɥouǝ‬ ‮unɯqǝɹ‬ ‮ʎon‬ ‮ɐɹǝ‬ ‮ɔɐʅʅıuƃ‬ ‮ıs‬ ‮uoʇ‬ ‮ʌɐʅıp‬."},{"$i":"unableToCallTitle","$v":"‮∩uɐqʅǝ‬ ‮ʇo‬ ‮ɯɐʞǝ‬ ‮ɐ‬ ‮dɥouǝ‬ ‮ɔɐʅʅ‬ ‮uoʍ‬"},{"$i":"unableToCallMessage","$v":"‮Ↄɐuuoʇ‬ ‮ɯɐʞǝ‬ ‮ɐ‬ ‮ɔɐʅʅ‬. ‮Iɟ‬ ‮ʎon‬ ‮ɐɹǝ‬ ‮ɐʅɹǝɐpʎ‬ ‮pıɐʅıuƃ‬, ‮dʅǝɐsǝ‬ ‮ɥɐuƃ‬ ‮nd‬ ‮ɟıɹsʇ‬."},{"$i":"otherConnectionInUseTitle","$v":"‮Oʇɥǝɹ‬ ‮ɔouuǝɔʇıou‬ ‮ıu‬ ‮nsǝ‬"},{"$i":"otherConnectionInUseMessage","$v":"‮ʎon‬ ‮ɥɐʌǝ‬ ‮ɐu‬ ‮ɐɔʇıʌǝ‬ ‮ɔɐʅʅ‬ ‮ou‬ ‮ɐuoʇɥǝɹ‬ ‮ɔouuǝɔʇıou‬. ‮ʎon‬ ‮ɔɐu‬ ‮ouʅʎ‬ ‮nsǝ‬ ‮ouǝ‬ ‮ɔouuǝɔʇıou‬ ‮ɐʇ‬ ‮ɐ‬ ‮ʇıɯǝ‬."},{"$i":"callBarredByTheOperatorMessage","$v":"‮Ↄɐʅʅ‬ ‮ʍɐs‬ ‮qɐɹɹǝp‬ ‮qʎ‬ ‮ʇɥǝ‬ ‮odǝɹɐʇoɹ‬"},{"$i":"connectingEllipsis","$v":"‮Ↄouuǝɔʇıuƃ‬…"},{"$i":"phone_type_mobile","$v":"‮Woqıʅǝ‬"},{"$i":"phone_type_home","$v":"‮Hoɯǝ‬"},{"$i":"phone_type_work","$v":"‮Ｍoɹʞ‬"},{"$i":"phone_type_personal","$v":"‮Ԁǝɹsouɐʅ‬"},{"$i":"phone_type_fax_home","$v":"‮ɟɐx‬ ‮ɥoɯǝ‬"},{"$i":"phone_type_fax_office","$v":"‮ɟɐx‬ ‮oɟɟıɔǝ‬"},{"$i":"phone_type_fax_other","$v":"‮ɟɐx‬ ‮oʇɥǝɹ‬"},{"$i":"phone_type_other","$v":"‮Oʇɥǝɹ‬"},{"$i":"phone_type_custom","$v":[{"t":"idOrVar","v":"type"}]},{"$i":"phone_type_mobile_and_carrier","$v":["‮Woqıʅǝ‬, ",{"t":"idOrVar","v":"carrier"}]},{"$i":"phone_type_home_and_carrier","$v":["‮Hoɯǝ‬, ",{"t":"idOrVar","v":"carrier"}]},{"$i":"phone_type_work_and_carrier","$v":["‮Ｍoɹʞ‬, ",{"t":"idOrVar","v":"carrier"}]},{"$i":"phone_type_personal_and_carrier","$v":["‮Ԁǝɹsouɐʅ‬, ",{"t":"idOrVar","v":"carrier"}]},{"$i":"phone_type_fax_home_and_carrier","$v":["‮ɟɐx‬ ‮ɥoɯǝ‬, ",{"t":"idOrVar","v":"carrier"}]},{"$i":"phone_type_fax_office_and_carrier","$v":["‮ɟɐx‬ ‮oɟɟıɔǝ‬, ",{"t":"idOrVar","v":"carrier"}]},{"$i":"phone_type_fax_other_and_carrier","$v":["‮ɟɐx‬ ‮oʇɥǝɹ‬, ",{"t":"idOrVar","v":"carrier"}]},{"$i":"phone_type_other_and_carrier","$v":["‮Oʇɥǝɹ‬, ",{"t":"idOrVar","v":"carrier"}]},{"$i":"phone_type_custom_and_carrier","$v":[{"t":"idOrVar","v":"type"},", ",{"t":"idOrVar","v":"carrier"}]},{"$i":"voicemailNoNumberTitle","$v":"‮Ʌoıɔǝɯɐıʅ‬ ‮unɯqǝɹ‬ ‮ıs‬ ‮nuɐʌɐıʅɐqʅǝ‬"},{"$i":"voicemailNoNumberText","$v":"‮∩uɐqʅǝ‬ ‮ʇo‬ ‮ɔɐʅʅ‬ ‮ʇɥǝ‬ ‮ʌoıɔǝɯɐıʅ‬. ‮Sǝʇ‬ ‮nd‬ ‮ʇɥǝ‬ ‮ʌoıɔǝɯɐıʅ‬ ‮unɯqǝɹ‬ ‮ʇo‬ ‮dʅɐɔǝ‬ ‮ʇɥǝ‬ ‮ɔɐʅʅ‬."},{"$i":"voicemailNoNumberSettings","$v":"‮Sǝʇʇıuƃs‬"},{"$i":"voicemailNoNumberCancel","$v":"‮Ↄɐuɔǝʅ‬"},{"$i":"gaia-menu-cancel","$v":"‮Ↄɐuɔǝʅ‬"},{"$i":"gaia-sim-picker-dial-via-with-number","$v":["‮pıɐʅ‬ ",{"t":"idOrVar","v":"phoneNumber"}," ‮ʌıɐ‬"]},{"$i":"gaia-sim-picker-select-sim","$v":"‮Sǝʅǝɔʇ‬ ‮SIW‬"},{"$i":"gaia-sim-picker-button","$v":["‮SIW‬",{"t":"idOrVar","v":"n"}]},{"$i":"gaia-sim-picker-button-default","$v":"(‮pǝɟɐnʅʇ‬)"}]