{
  "name": "dom-scheduler",
  "version": "1.0.1",
  "homepage": "https://github.com/etiennesegonzac/dom-scheduler",
  "authors": [
    "Etienne Segonzac <etienne@segonzac.info>"
  ],
  "description": "Making the performant thing the easy thing.",
  "main": "lib/dom-scheduler.js",
  "keywords": [
    "web",
    "performance",
    "transition",
    "animation",
    "promise"
  ],
  "license": "MPL",
  "ignore": [
    "**/.*",
    "node_modules",
    "demo-app/bower_components",
    "test",
    "tests"
  ],
  "_release": "1.0.1",
  "_resolution": {
    "type": "version",
    "tag": "v1.0.1",
    "commit": "1f3a138fb104d067774315acf7ae23f7d940bc4f"
  },
  "_source": "git://github.com/etiennesegonzac/dom-scheduler.git",
  "_target": "~1.0.1",
  "_originalSource": "etiennesegonzac/dom-scheduler"
}