[{"$i":"geolocation-tracker","$v":"‮פǝoʅoɔɐʇıou‬ ‮ʇɹɐɔʞǝɹ‬"},{"$i":"geoloc-get","$v":"‮פǝʇ‬ ‮ɔnɹɹǝuʇ‬"},{"$i":"geoloc-start","$v":"‮Sʇɐɹʇ‬"},{"$i":"geoloc-stop","$v":"‮Sʇod‬"},{"$i":"geoloc-clear","$v":"‮Ↄʅǝɐɹ‬"},{"$i":"geoloc-debug","$v":"‮Sɥoʍ‬ ‮pǝqnƃ‬ ‮ʇɹɐɔǝs‬"},{"$i":"geoloc-keep","$v":"‮Ӽǝǝd‬ ‮ʅoɔɐʇıous‬"},{"$i":"geoloc-save","$v":"‮Sɐʌǝ‬ ‮ɐs‬ ‮ɐ‬ ‮ɟıʅǝ‬"},{"$i":"geoloc-parameters","$v":"‮Ԁɐɹɐɯǝʇǝɹs‬"},{"$i":"geoloc-status","$v":"‮Sʇɐʇns‬"},{"$i":"geoloc-debug-log","$v":"‮pǝqnƃ‬ ‮ʅoƃ‬"},{"$i":"geoloc-timeout","$v":"‮⊥ıɯǝonʇ‬"},{"$i":"geoloc-maxage","$v":"‮Wɐx‬. ‮ɐƃǝ‬"},{"$i":"geoloc-highaccuracy","$v":"‮Hıƃɥ‬ ‮ɐɔɔnɹɐɔʎ‬"},{"$i":"geoloc-msecs","$v":"‮⊥ıɯǝonʇ‬ ‮ɐup‬ ‮ɯɐx‬. ‮ɐƃǝ‬ ‮ɐɹǝ‬ ‮sdǝɔıɟıǝp‬ ‮ıu‬ ‮ɯıʅʅısǝɔoups‬."},{"$i":"gps-fixes","$v":"‮ɟıxǝs‬"},{"$i":"last-fix","$v":"‮˥ɐsʇ‬"},{"$i":"date-last-fix","placeholder":"‮Nouǝ‬"}]