[{"$i":"geolocation-tracker","$v":"Ɠḗḗǿǿŀǿǿƈȧȧŧīīǿǿƞ ŧřȧȧƈķḗḗř"},{"$i":"geoloc-get","$v":"Ɠḗḗŧ ƈŭŭřřḗḗƞŧ"},{"$i":"geoloc-start","$v":"Şŧȧȧřŧ"},{"$i":"geoloc-stop","$v":"Şŧǿǿƥ"},{"$i":"geoloc-clear","$v":"Ƈŀḗḗȧȧř"},{"$i":"geoloc-debug","$v":"Şħǿǿẇ ḓḗḗƀŭŭɠ ŧřȧȧƈḗḗş"},{"$i":"geoloc-keep","$v":"Ķḗḗḗḗƥ ŀǿǿƈȧȧŧīīǿǿƞş"},{"$i":"geoloc-save","$v":"Şȧȧṽḗḗ ȧȧş ȧȧ ƒīīŀḗḗ"},{"$i":"geoloc-parameters","$v":"Ƥȧȧřȧȧḿḗḗŧḗḗřş"},{"$i":"geoloc-status","$v":"Şŧȧȧŧŭŭş"},{"$i":"geoloc-debug-log","$v":"Ḓḗḗƀŭŭɠ ŀǿǿɠ"},{"$i":"geoloc-timeout","$v":"Ŧīīḿḗḗǿǿŭŭŧ"},{"$i":"geoloc-maxage","$v":"Ḿȧȧẋ. ȧȧɠḗḗ"},{"$i":"geoloc-highaccuracy","$v":"Ħīīɠħ ȧȧƈƈŭŭřȧȧƈẏ"},{"$i":"geoloc-msecs","$v":"Ŧīīḿḗḗǿǿŭŭŧ ȧȧƞḓ ḿȧȧẋ. ȧȧɠḗḗ ȧȧřḗḗ şƥḗḗƈīīƒīīḗḗḓ īīƞ ḿīīŀŀīīşḗḗƈǿǿƞḓş."},{"$i":"gps-fixes","$v":"Ƒīīẋḗḗş"},{"$i":"last-fix","$v":"Ŀȧȧşŧ"},{"$i":"date-last-fix","placeholder":"Ƞǿǿƞḗḗ"}]