{
  "name": "gaia-theme",
  "version": "0.5.1",
  "homepage": "https://github.com/gaia-components/gaia-theme",
  "authors": [
    "Wilson Page <wilsonpage@me.com>"
  ],
  "license": "MIT",
  "ignore": [
    "**/.*",
    "!.jshintrc",
    "node_modules",
    "bower_components",
    "test",
    "tests",
    "index.html",
    "README.md"
  ],
  "devDependencies": {
    "gaia-icons": "gaia-components/gaia-icons",
    "gaia-header": "gaia-components/gaia-header",
    "gaia-button": "gaia-components/gaia-button",
    "gaia-switch": "gaia-components/gaia-switch",
    "gaia-checkbox": "gaia-components/gaia-checkbox"
  },
  "_release": "0.5.1",
  "_resolution": {
    "type": "version",
    "tag": "v0.5.1",
    "commit": "c18511f54385ca546b9ebab2f5f0c76aaec8b534"
  },
  "_source": "git://github.com/gaia-components/gaia-theme.git",
  "_target": "~0.5.1",
  "_originalSource": "gaia-components/gaia-theme"
}