[{"$i":"back","$v":"Back"},{"$i":"save","$v":"Save"},{"$i":"hide","$v":"Hide"},{"$i":"cancel","$v":"Cancel"},{"$i":"confirm","$v":"Confirm"},{"$i":"done","$v":"Done"},{"$i":"events","$v":"Events"},{"$i":"edit","$v":"Edit"},{"$i":"allday-events","$v":"All-day Events"},{"$i":"no-events","$v":"No Events"},{"$i":"show-today","$v":"Today"},{"$i":"show-month-view","$v":"Month"},{"$i":"show-week-view","$v":"Week"},{"$i":"show-day-view","$v":"Day"},{"$i":"settings-show","$v":"Settings"},{"$i":"settings-hide","$v":"Hide settings"},{"$i":"add-account","$v":"Add an account"},{"$i":"new-event-link","ariaLabel":"Add event"},{"$i":"view-event-header","$v":"Event"},{"$i":"new-event-header","$v":"Add Event"},{"$i":"edit-event-header","$v":"Edit Event"},{"$i":"account-header","$v":"Account"},{"$i":"account-list-header","$v":"Accounts"},{"$i":"advanced-settings-short-icon-button","ariaLabel":"Settings"},{"$i":"advanced-settings-header","$v":"Calendar Settings"},{"$i":"advanced-settings-personalization","$v":"Personalization"},{"$i":"advanced-settings-reminders","$v":"Reminders"},{"$i":"advanced-settings-add-account","$v":"Add Account"},{"$i":"field-user","placeholder":"Username"},{"$i":"field-password","placeholder":"Password"},{"$i":"field-full-url","placeholder":"URL"},{"$i":"modify-account-setting-up-2","$v":"Setting up account"},{"$i":"modify-account-unable-to-sync","$v":"Unable to sync"},{"$i":"modify-account-sign-in","$v":"Sign in"},{"$i":"preset-caldav","$v":"CalDav"},{"$i":"preset-yahoo","$v":"Yahoo!"},{"$i":"preset-google","$v":"Google"},{"$i":"preset-local","$v":"Offline calendar"},{"$i":"preset-mozilla","$v":"Mozilla Zimbra"},{"$i":"calendar-local","$v":"Offline calendar"},{"$i":"event-title","placeholder":"Title"},{"$i":"event-location","placeholder":"Where?"},{"$i":"event-description","placeholder":"Notes"},{"$i":"event-is-allday","$v":"All day event?"},{"$i":"event-start-date","placeholder":"Start date"},{"$i":"event-end-date","placeholder":"End date"},{"$i":"event-start-time","placeholder":"Start time"},{"$i":"event-end-time","placeholder":"End time"},{"$i":"event-delete","$v":"Delete event"},{"$i":"remove-account-data","$v":"Remove local data"},{"$i":"remove-account-dialog","$v":"Remove account"},{"$i":"remove-account-dialog-details","$v":"Removing this account will also remove your local copy of associated calendars and events."},{"$i":"drawer-sync-icon-button","ariaLabel":"Sync"},{"$i":"sync-progress-syncing","ariaValueText":"Syncing"},{"$i":"sync-progress-complete","ariaValueText":"Syncing complete"},{"$i":"sync-frequency","$v":"Sync Calendar"},{"$i":"sync-frequency-15min","$v":"15 min"},{"$i":"sync-frequency-30min","$v":"30 min"},{"$i":"sync-frequency-manual","$v":"Manually"},{"$i":"one-day-duration","$v":[{"t":"idOrVar","v":"startDate"},"<br>from ",{"t":"idOrVar","v":"startTime"}," to ",{"t":"idOrVar","v":"endTime"}]},{"$i":"multiple-day-duration","$v":["From ",{"t":"idOrVar","v":"startTime"}," ",{"t":"idOrVar","v":"startDate"},"<br>to ",{"t":"idOrVar","v":"endTime"}," ",{"t":"idOrVar","v":"endDate"}]},{"$i":"one-all-day-duration","$v":["All day<br>",{"t":"idOrVar","v":"startDate"}]},{"$i":"multiple-all-day-duration","$v":["All day from ",{"t":"idOrVar","v":"startDate"},"<br>to ",{"t":"idOrVar","v":"endDate"}]},{"$i":"none","$v":"None"},{"$i":"reminder","$v":"Reminder:"},{"$i":"remind-me","$v":"Remind me"},{"$i":"alarm-at-event-standard","$v":"At time of event"},{"$i":"alarm-at-event-allday","$v":"On day of event"},{"$i":"alarm-start-notice","$v":[{"t":"idOrVar","v":"title"}," starting ",{"t":"idOrVar","v":"distance"}]},{"$i":"alarm-started-notice","$v":[{"t":"idOrVar","v":"title"}," started ",{"t":"idOrVar","v":"distance"}]},{"$i":"minutes-before","$v":{"zero":"0 minutes before","one":"1 minute before","two":[{"t":"idOrVar","v":"value"}," minutes before"],"few":[{"t":"idOrVar","v":"value"}," minutes before"],"many":[{"t":"idOrVar","v":"value"}," minutes before"],"other":[{"t":"idOrVar","v":"value"}," minutes before"]},"$x":[{"t":"idOrVar","v":"plural"},"value"]},{"$i":"hours-before","$v":{"zero":"0 hours before","one":"1 hour before","two":[{"t":"idOrVar","v":"value"}," hours before"],"few":[{"t":"idOrVar","v":"value"}," hours before"],"many":[{"t":"idOrVar","v":"value"}," hours before"],"other":[{"t":"idOrVar","v":"value"}," hours before"]},"$x":[{"t":"idOrVar","v":"plural"},"value"]},{"$i":"days-before","$v":{"zero":"0 days before","one":"1 day before","two":[{"t":"idOrVar","v":"value"}," days before"],"few":[{"t":"idOrVar","v":"value"}," days before"],"many":[{"t":"idOrVar","v":"value"}," days before"],"other":[{"t":"idOrVar","v":"value"}," days before"]},"$x":[{"t":"idOrVar","v":"plural"},"value"]},{"$i":"weeks-before","$v":{"zero":"0 weeks before","one":"1 week before","two":[{"t":"idOrVar","v":"value"}," weeks before"],"few":[{"t":"idOrVar","v":"value"}," weeks before"],"many":[{"t":"idOrVar","v":"value"}," weeks before"],"other":[{"t":"idOrVar","v":"value"}," weeks before"]},"$x":[{"t":"idOrVar","v":"plural"},"value"]},{"$i":"months-before","$v":{"zero":"0 months before","one":"1 month before","two":[{"t":"idOrVar","v":"value"}," months before"],"few":[{"t":"idOrVar","v":"value"}," months before"],"many":[{"t":"idOrVar","v":"value"}," months before"],"other":[{"t":"idOrVar","v":"value"}," months before"]},"$x":[{"t":"idOrVar","v":"plural"},"value"]},{"$i":"years-before","$v":{"zero":"0 years before","one":"1 year before","two":[{"t":"idOrVar","v":"value"}," years before"],"few":[{"t":"idOrVar","v":"value"}," years before"],"many":[{"t":"idOrVar","v":"value"}," years before"],"other":[{"t":"idOrVar","v":"value"}," years before"]},"$x":[{"t":"idOrVar","v":"plural"},"value"]},{"$i":"minutes-after","$v":{"zero":"0 minutes after","one":"1 minute after","two":[{"t":"idOrVar","v":"value"}," minutes after"],"few":[{"t":"idOrVar","v":"value"}," minutes after"],"many":[{"t":"idOrVar","v":"value"}," minutes after"],"other":[{"t":"idOrVar","v":"value"}," minutes after"]},"$x":[{"t":"idOrVar","v":"plural"},"value"]},{"$i":"hours-after","$v":{"zero":"0 hours after","one":"1 hour after","two":[{"t":"idOrVar","v":"value"}," hours after"],"few":[{"t":"idOrVar","v":"value"}," hours after"],"many":[{"t":"idOrVar","v":"value"}," hours after"],"other":[{"t":"idOrVar","v":"value"}," hours after"]},"$x":[{"t":"idOrVar","v":"plural"},"value"]},{"$i":"days-after","$v":{"zero":"0 days after","one":"1 day after","two":[{"t":"idOrVar","v":"value"}," days after"],"few":[{"t":"idOrVar","v":"value"}," days after"],"many":[{"t":"idOrVar","v":"value"}," days after"],"other":[{"t":"idOrVar","v":"value"}," days after"]},"$x":[{"t":"idOrVar","v":"plural"},"value"]},{"$i":"weeks-after","$v":{"zero":"0 weeks after","one":"1 week after","two":[{"t":"idOrVar","v":"value"}," weeks after"],"few":[{"t":"idOrVar","v":"value"}," weeks after"],"many":[{"t":"idOrVar","v":"value"}," weeks after"],"other":[{"t":"idOrVar","v":"value"}," weeks after"]},"$x":[{"t":"idOrVar","v":"plural"},"value"]},{"$i":"months-after","$v":{"zero":"0 months after","one":"1 month after","two":[{"t":"idOrVar","v":"value"}," months after"],"few":[{"t":"idOrVar","v":"value"}," months after"],"many":[{"t":"idOrVar","v":"value"}," months after"],"other":[{"t":"idOrVar","v":"value"}," months after"]},"$x":[{"t":"idOrVar","v":"plural"},"value"]},{"$i":"years-after","$v":{"zero":"0 years after","one":"1 year after","two":[{"t":"idOrVar","v":"value"}," years after"],"few":[{"t":"idOrVar","v":"value"}," years after"],"many":[{"t":"idOrVar","v":"value"}," years after"],"other":[{"t":"idOrVar","v":"value"}," years after"]},"$x":[{"t":"idOrVar","v":"plural"},"value"]},{"$i":"hour-allday","$v":"All Day"},{"$i":"error-start-date-after-end-date","$v":"The event cannot end before its start date"},{"$i":"error-start-time-after-end-time","$v":"The event cannot end before its start time"},{"$i":"error-unauthenticated","$v":"Wrong login and/or password"},{"$i":"error-internal-server-error","$v":"Server error. Check your login and try again."},{"$i":"error-default","$v":"Something is wrong. Try again later."},{"$i":"error-offline","$v":"No connection. Check your network configuration and try again."},{"$i":"error-account-exist","$v":"This account already exists."},{"$i":"notification-error-sync-title","$v":"Calendar sync error"},{"$i":"notification-error-sync-description","$v":"Tap for more info"},{"$i":"weekday-0-single-char","$v":"S","ariaLabel":"Sunday"},{"$i":"weekday-1-single-char","$v":"M","ariaLabel":"Monday"},{"$i":"weekday-2-single-char","$v":"T","ariaLabel":"Tuesday"},{"$i":"weekday-3-single-char","$v":"W","ariaLabel":"Wednesday"},{"$i":"weekday-4-single-char","$v":"T","ariaLabel":"Thursday"},{"$i":"weekday-5-single-char","$v":"F","ariaLabel":"Friday"},{"$i":"weekday-6-single-char","$v":"S","ariaLabel":"Saturday"},{"$i":"busy","$v":{"one":[{"t":"idOrVar","v":"n"}," event"],"two":[{"t":"idOrVar","v":"n"}," events"],"few":[{"t":"idOrVar","v":"n"}," events"],"many":[{"t":"idOrVar","v":"n"}," events"],"other":[{"t":"idOrVar","v":"n"}," events"]},"$x":[{"t":"idOrVar","v":"plural"},"n"]},{"$i":"present","ariaLabel":"Today"},{"$i":"past-other-month-description","ariaLabel":"Other month"},{"$i":"future-other-month-description","ariaLabel":"Other month"},{"$i":"icon-calendar-alarm","ariaLabel":"Has alarm"},{"$i":"calendars","ariaLabel":"Calendars"},{"$i":"multi-day-new-event-link","ariaLabel":"Add event"},{"$i":"title","ariaLabel":"Title"},{"$i":"location","ariaLabel":"Location"},{"$i":"duration","ariaLabel":"Duration"},{"$i":"calendar","ariaLabel":"Calendar"},{"$i":"alarms","ariaLabel":"Alarms"},{"$i":"description","ariaLabel":"Description"},{"$i":"start-date","ariaLabel":"Start date"},{"$i":"start-time","ariaLabel":"Start time"},{"$i":"end-date","ariaLabel":"End date"},{"$i":"end-time","ariaLabel":"End time"},{"$i":"during-progress-loading","ariaValueText":"Loading"},{"$i":"all-day","ariaLabel":"All day"},{"$i":"create-event","ariaLabel":"Create event"},{"$i":"create-all-day-event","ariaLabel":"Create all day event"},{"$i":"event-one-day-duration","ariaLabel":{"$v":["from ",{"t":"idOrVar","v":"startTime"}," to ",{"t":"idOrVar","v":"endTime"}]}},{"$i":"week-event-one-day-duration","ariaLabel":{"$v":[{"t":"idOrVar","v":"startDate"}," from ",{"t":"idOrVar","v":"startTime"}," to ",{"t":"idOrVar","v":"endTime"}]}},{"$i":"event-multiple-day-duration","ariaLabel":{"$v":["From ",{"t":"idOrVar","v":"startTime"}," ",{"t":"idOrVar","v":"startDate"}," to ",{"t":"idOrVar","v":"endTime"}," ",{"t":"idOrVar","v":"endDate"}]}},{"$i":"incorrectDate","$v":"(incorrect date)"},{"$i":"firstDayOfTheWeek","$v":"0"},{"$i":"durationformat-pattern","$v":"{hh}:{mm}:{ss}.{SS}"},{"$i":"minutes-ago-long","$v":{"zero":"just now","one":"a minute ago","two":"{value} minutes ago","few":"{value} minutes ago","many":"{value} minutes ago","other":"{value} minutes ago"},"$x":[{"t":"idOrVar","v":"plural"},"value"]},{"$i":"hours-ago-long","$v":{"zero":"just now","one":"an hour ago","two":"{value} hours ago","few":"{value} hours ago","many":"{value} hours ago","other":"{value} hours ago"},"$x":[{"t":"idOrVar","v":"plural"},"value"]},{"$i":"days-ago-long","$v":{"zero":"today","one":"yesterday","two":"{value} days ago","few":"{value} days ago","many":"{value} days ago","other":"{value} days ago"},"$x":[{"t":"idOrVar","v":"plural"},"value"]},{"$i":"weeks-ago-long","$v":{"zero":"this week","one":"last week","two":"{value} weeks ago","few":"{value} weeks ago","many":"{value} weeks ago","other":"{value} weeks ago"},"$x":[{"t":"idOrVar","v":"plural"},"value"]},{"$i":"months-ago-long","$v":{"zero":"this month","one":"last month","two":"{value} months ago","few":"{value} months ago","many":"{value} months ago","other":"{value} months ago"},"$x":[{"t":"idOrVar","v":"plural"},"value"]},{"$i":"years-ago-long","$v":{"zero":"this year","one":"last year","two":"{value} years ago","few":"{value} years ago","many":"{value} years ago","other":"{value} years ago"},"$x":[{"t":"idOrVar","v":"plural"},"value"]},{"$i":"minutes-until-long","$v":{"zero":"now","one":"in a minute","two":"in {value} minutes","few":"in {value} minutes","many":"in {value} minutes","other":"in {value} minutes"},"$x":[{"t":"idOrVar","v":"plural"},"value"]},{"$i":"hours-until-long","$v":{"zero":"now","one":"in an hour","two":"in {value} hours","few":"in {value} hours","many":"in {value} hours","other":"in {value} hours"},"$x":[{"t":"idOrVar","v":"plural"},"value"]},{"$i":"days-until-long","$v":{"zero":"today","one":"tomorrow","two":"in {value} days","few":"in {value} days","many":"in {value} days","other":"in {value} days"},"$x":[{"t":"idOrVar","v":"plural"},"value"]},{"$i":"weeks-until-long","$v":{"zero":"this week","one":"next week","two":"in {value} weeks","few":"in {value} weeks","many":"in {value} weeks","other":"in {value} weeks"},"$x":[{"t":"idOrVar","v":"plural"},"value"]},{"$i":"months-until-long","$v":{"zero":"this month","one":"next month","two":"in {value} months","few":"in {value} months","many":"in {value} months","other":"in {value} months"},"$x":[{"t":"idOrVar","v":"plural"},"value"]},{"$i":"years-until-long","$v":{"zero":"this year","one":"next year","two":"in {value} years","few":"in {value} years","many":"in {value} years","other":"in {value} years"},"$x":[{"t":"idOrVar","v":"plural"},"value"]},{"$i":"minutes-ago-short","$v":{"zero":"just now","other":"{value}m ago"},"$x":[{"t":"idOrVar","v":"plural"},"value"]},{"$i":"hours-ago-short","$v":{"zero":"just now","other":"{value}h ago"},"$x":[{"t":"idOrVar","v":"plural"},"value"]},{"$i":"days-ago-short","$v":{"zero":"today","other":"{value}d ago"},"$x":[{"t":"idOrVar","v":"plural"},"value"]},{"$i":"minutes-until-short","$v":{"zero":"now","other":"in {value}m"},"$x":[{"t":"idOrVar","v":"plural"},"value"]},{"$i":"hours-until-short","$v":{"zero":"now","other":"in {value}h"},"$x":[{"t":"idOrVar","v":"plural"},"value"]},{"$i":"days-until-short","$v":{"zero":"today","other":"in {value}d"},"$x":[{"t":"idOrVar","v":"plural"},"value"]}]