{"ac_awake_opus":"‮∀ʍɐʞǝ‬","ac_crystalize_opus":"‮Ↄɹʎsʇɐʅızǝ‬","ac_cycle_opus":"‮Ↄʎɔʅǝ‬","ac_digicloud_opus":"‮pıƃıɔʅonp‬","ac_humming_waves_opus":"‮Hnɯɯıuƃ‬ ‮Ｍɐʌǝs‬","ac_into_the_void_opus":"‮Iuʇo‬ ‮ʇɥǝ‬ ‮Ʌoıp‬","ac_lightly_opus":"‮˥ıƃɥʇʅʎ‬","ac_mobile_opus":"‮Woqıʅǝ‬","ac_pinger_opus":"‮Ԁıuƃǝɹ‬","ac_skip_opus":"‮Sʞıd‬","ac_tri_opus":"‮⊥ɹı‬","ac_universal_opus":"‮∩uıʌǝɹsɐʅ‬","reset":"‮ᴚǝsǝʇ‬","start":"‮Sʇɐɹʇ‬","stop":"‮Sʇod‬","cancel":"‮Ↄɐuɔǝʅ‬","hours":"‮Honɹs‬","minutes":"‮Wıunʇǝs‬","alarm":"‮∀ʅɐɹɯ‬","timer":"‮⊥ıɯǝɹ‬","stopwatch":"‮Sʇodʍɐʇɔɥ‬","alarmName":{"attrs":{"placeholder":"‮∀ʅɐɹɯ‬ ‮uɐɯǝ‬"}},"newAlarm":"‮Nǝʍ‬ ‮ɐʅɐɹɯ‬","editAlarm":"‮Ǝpıʇ‬ ‮ɐʅɐɹɯ‬","pause":"‮Ԁɐnsǝ‬","resume":"‮ᴚǝsnɯǝ‬","lap":"‮˥ɐd‬","lap-number":{"value":["‮˥ɐd‬ ",{"type":"idOrVar","name":"n"}]},"delete":"‮pǝʅǝʇǝ‬","time":"‮⊥ıɯǝ‬","snooze-label":"‮Suoozǝ‬","snooze-button":"‮Suoozǝ‬","repeat":"‮ᴚǝdǝɐʇ‬","vibrate":"‮Ʌıqɹɐʇǝ‬","close":"‮Ↄʅosǝ‬","save":"‮Sɐʌǝ‬","done":"‮pouǝ‬","closeButton":{"attrs":{"ariaLabel":"‮Ↄʅosǝ‬"}},"newAlarmButton":{"attrs":{"ariaLabel":"‮Nǝʍ‬ ‮ɐʅɐɹɯ‬"}},"alarm-volume-label":"‮Sʎsʇǝɯ‬ ‮∀ʅɐɹɯ‬ ‮Ʌoʅnɯǝ‬","sound":"‮Sonup‬","noSound":"‮No‬ ‮Sonup‬","everyday":"‮Ǝʌǝɹʎ‬ ‮pɐʎ‬","weekdays":"‮Ｍǝǝʞpɐʎs‬","weekends":"‮Ｍǝǝʞǝups‬","never":"‮Nǝʌǝɹ‬","vibrateOn":"‮Ou‬","vibrateOff":"‮Oɟɟ‬","plusMinute":"+1 ‮Wıu‬","countdown_lessThanAnHour":{"value":["‮⊥ɥǝ‬ ‮ɐʅɐɹɯ‬ ‮ıs‬ ‮sǝʇ‬ ‮ɟoɹ‬ <strong>",{"type":"idOrVar","name":"alarmMinutes"},"</strong> ‮ɟɹoɯ‬ ‮uoʍ‬."]},"countdown_moreThanAnHour":{"value":["‮⊥ɥǝ‬ ‮ɐʅɐɹɯ‬ ‮ıs‬ ‮sǝʇ‬ ‮ɟoɹ‬ ",{"type":"idOrVar","name":"alarmHours"}," ‮ɐup‬ ",{"type":"idOrVar","name":"alarmMinutes"}," ‮ɟɹoɯ‬ ‮uoʍ‬."]},"countdown_moreThanADay":{"value":["‮⊥ɥǝ‬ ‮ɐʅɐɹɯ‬ ‮ıs‬ ‮sǝʇ‬ ‮ɟoɹ‬ ",{"type":"idOrVar","name":"alarmDays"}," ‮ɐup‬ ",{"type":"idOrVar","name":"alarmHours"}," ‮ɟɹoɯ‬ ‮uoʍ‬."]},"alarmMinutes":{"value":{"zero":"‮ʅǝss‬ ‮ʇɥɐu‬ ‮ɐ‬ ‮ɯıunʇǝ‬","one":"‮ouǝ‬ ‮ɯıunʇǝ‬","two":[{"type":"idOrVar","name":"minutes"}," ‮ɯıunʇǝs‬"],"few":[{"type":"idOrVar","name":"minutes"}," ‮ɯıunʇǝs‬"],"many":[{"type":"idOrVar","name":"minutes"}," ‮ɯıunʇǝs‬"],"other":[{"type":"idOrVar","name":"minutes"}," ‮ɯıunʇǝs‬"]},"index":[{"type":"call","expr":{"type":"prop","expr":{"type":"glob","name":"cldr"},"prop":"plural","cmpt":false},"args":[{"type":"idOrVar","name":"minutes"}]}]},"alarmHours":{"value":{"zero":["<strong>",{"type":"idOrVar","name":"hours"}," ‮ɥonɹs‬</strong>"],"one":["<strong>",{"type":"idOrVar","name":"hours"}," ‮ɥonɹ‬</strong>"],"two":["<strong>",{"type":"idOrVar","name":"hours"}," ‮ɥonɹs‬</strong>"],"few":["<strong>",{"type":"idOrVar","name":"hours"}," ‮ɥonɹs‬</strong>"],"many":["<strong>",{"type":"idOrVar","name":"hours"}," ‮ɥonɹs‬</strong>"],"other":["<strong>",{"type":"idOrVar","name":"hours"}," ‮ɥonɹs‬</strong>"]},"index":[{"type":"call","expr":{"type":"prop","expr":{"type":"glob","name":"cldr"},"prop":"plural","cmpt":false},"args":[{"type":"idOrVar","name":"hours"}]}]},"alarmDays":{"value":{"zero":["<strong>",{"type":"idOrVar","name":"days"}," ‮pɐʎs‬</strong>"],"one":["<strong>",{"type":"idOrVar","name":"days"}," ‮pɐʎ‬</strong>"],"two":["<strong>",{"type":"idOrVar","name":"days"}," ‮pɐʎs‬</strong>"],"few":["<strong>",{"type":"idOrVar","name":"days"}," ‮pɐʎs‬</strong>"],"many":["<strong>",{"type":"idOrVar","name":"days"}," ‮pɐʎs‬</strong>"],"other":["<strong>",{"type":"idOrVar","name":"days"}," ‮pɐʎs‬</strong>"]},"index":[{"type":"call","expr":{"type":"prop","expr":{"type":"glob","name":"cldr"},"prop":"plural","cmpt":false},"args":[{"type":"idOrVar","name":"days"}]}]},"nSpinnerMinutes":{"attrs":{"ariaValuetext":{"value":{"zero":"‮zǝɹo‬ ‮ɯıunʇǝs‬","one":"‮ouǝ‬ ‮ɯıunʇǝ‬","two":[{"type":"idOrVar","name":"n"}," ‮ɯıunʇǝs‬"],"few":[{"type":"idOrVar","name":"n"}," ‮ɯıunʇǝs‬"],"many":[{"type":"idOrVar","name":"n"}," ‮ɯıunʇǝs‬"],"other":[{"type":"idOrVar","name":"n"}," ‮ɯıunʇǝs‬"]},"index":[{"type":"call","expr":{"type":"prop","expr":{"type":"glob","name":"cldr"},"prop":"plural","cmpt":false},"args":[{"type":"idOrVar","name":"n"}]}]}}},"nSpinnerHours":{"attrs":{"ariaValuetext":{"value":{"zero":"‮zǝɹo‬ ‮ɥonɹs‬","one":[{"type":"idOrVar","name":"n"}," ‮ɥonɹ‬"],"two":[{"type":"idOrVar","name":"n"}," ‮ɥonɹs‬"],"few":[{"type":"idOrVar","name":"n"}," ‮ɥonɹs‬"],"many":[{"type":"idOrVar","name":"n"}," ‮ɥonɹs‬"],"other":[{"type":"idOrVar","name":"n"}," ‮ɥonɹs‬"]},"index":[{"type":"call","expr":{"type":"prop","expr":{"type":"glob","name":"cldr"},"prop":"plural","cmpt":false},"args":[{"type":"idOrVar","name":"n"}]}]}}},"incorrectDate":"(‮ıuɔoɹɹǝɔʇ‬ ‮pɐʇǝ‬)","firstDayOfTheWeek":"0","durationformat-pattern":"{hh}:{mm}:{ss}.{SS}","listformat-regular-long-2":"{0} ‮ɐup‬ {1}","listformat-regular-long-start":"{0}, {1}","listformat-regular-long-middle":"{0}, {1}","listformat-regular-long-end":"{0}, ‮ɐup‬ {1}","listformat-duration-long-2":"{0}, {1}","listformat-duration-long-start":"{0}, {1}","listformat-duration-long-middle":"{0}, {1}","listformat-duration-long-end":"{0}, {1}","listformat-duration-short-2":"{0}, {1}","listformat-duration-short-start":"{0}, {1}","listformat-duration-short-middle":"{0}, {1}","listformat-duration-short-end":"{0}, {1}","listformat-duration-narrow-2":"{0} {1}","listformat-duration-narrow-start":"{0} {1}","listformat-duration-narrow-middle":"{0} {1}","listformat-duration-narrow-end":"{0} {1}","listformat-unit":"{0} {1}","listformat-number":"{0} {1}","timePickerOrder":"‮HWd‬","datePickerOrder":"‮Wpʎ‬","hourMinutesSeparator":":","time_am":"‮∀W‬","time_pm":"‮ԀW‬"}