{"ac_awake_opus":"Ȧȧẇȧȧķḗḗ","ac_crystalize_opus":"Ƈřẏşŧȧȧŀīīẑḗḗ","ac_cycle_opus":"Ƈẏƈŀḗḗ","ac_digicloud_opus":"Ḓīīɠīīƈŀǿǿŭŭḓ","ac_humming_waves_opus":"Ħŭŭḿḿīīƞɠ Ẇȧȧṽḗḗş","ac_into_the_void_opus":"Īīƞŧǿǿ ŧħḗḗ Ṽǿǿīīḓ","ac_lightly_opus":"Ŀīīɠħŧŀẏ","ac_mobile_opus":"Ḿǿǿƀīīŀḗḗ","ac_pinger_opus":"Ƥīīƞɠḗḗř","ac_skip_opus":"Şķīīƥ","ac_tri_opus":"Ŧřīī","ac_universal_opus":"Ŭŭƞīīṽḗḗřşȧȧŀ","reset":"Řḗḗşḗḗŧ","start":"Şŧȧȧřŧ","stop":"Şŧǿǿƥ","cancel":"Ƈȧȧƞƈḗḗŀ","hours":"Ħǿǿŭŭřş","minutes":"Ḿīīƞŭŭŧḗḗş","alarm":"Ȧȧŀȧȧřḿ","timer":"Ŧīīḿḗḗř","stopwatch":"Şŧǿǿƥẇȧȧŧƈħ","alarmName":{"attrs":{"placeholder":"Ȧȧŀȧȧřḿ ƞȧȧḿḗḗ"}},"newAlarm":"Ƞḗḗẇ ȧȧŀȧȧřḿ","editAlarm":"Ḗḗḓīīŧ ȧȧŀȧȧřḿ","pause":"Ƥȧȧŭŭşḗḗ","resume":"Řḗḗşŭŭḿḗḗ","lap":"Ŀȧȧƥ","lap-number":{"value":["Ŀȧȧƥ ",{"type":"idOrVar","name":"n"}]},"delete":"Ḓḗḗŀḗḗŧḗḗ","time":"Ŧīīḿḗḗ","snooze-label":"Şƞǿǿǿǿẑḗḗ","snooze-button":"Şƞǿǿǿǿẑḗḗ","repeat":"Řḗḗƥḗḗȧȧŧ","vibrate":"Ṽīīƀřȧȧŧḗḗ","close":"Ƈŀǿǿşḗḗ","save":"Şȧȧṽḗḗ","done":"Ḓǿǿƞḗḗ","closeButton":{"attrs":{"ariaLabel":"Ƈŀǿǿşḗḗ"}},"newAlarmButton":{"attrs":{"ariaLabel":"Ƞḗḗẇ ȧȧŀȧȧřḿ"}},"alarm-volume-label":"Şẏşŧḗḗḿ Ȧȧŀȧȧřḿ Ṽǿǿŀŭŭḿḗḗ","sound":"Şǿǿŭŭƞḓ","noSound":"Ƞǿǿ Şǿǿŭŭƞḓ","everyday":"Ḗḗṽḗḗřẏ ḓȧȧẏ","weekdays":"Ẇḗḗḗḗķḓȧȧẏş","weekends":"Ẇḗḗḗḗķḗḗƞḓş","never":"Ƞḗḗṽḗḗř","vibrateOn":"Ǿǿƞ","vibrateOff":"Ǿǿƒƒ","plusMinute":"+1 Ḿīīƞ","countdown_lessThanAnHour":{"value":["Ŧħḗḗ ȧȧŀȧȧřḿ īīş şḗḗŧ ƒǿǿř <strong>",{"type":"idOrVar","name":"alarmMinutes"},"</strong> ƒřǿǿḿ ƞǿǿẇ."]},"countdown_moreThanAnHour":{"value":["Ŧħḗḗ ȧȧŀȧȧřḿ īīş şḗḗŧ ƒǿǿř ",{"type":"idOrVar","name":"alarmHours"}," ȧȧƞḓ ",{"type":"idOrVar","name":"alarmMinutes"}," ƒřǿǿḿ ƞǿǿẇ."]},"countdown_moreThanADay":{"value":["Ŧħḗḗ ȧȧŀȧȧřḿ īīş şḗḗŧ ƒǿǿř ",{"type":"idOrVar","name":"alarmDays"}," ȧȧƞḓ ",{"type":"idOrVar","name":"alarmHours"}," ƒřǿǿḿ ƞǿǿẇ."]},"alarmMinutes":{"value":{"zero":"ŀḗḗşş ŧħȧȧƞ ȧȧ ḿīīƞŭŭŧḗḗ","one":"ǿǿƞḗḗ ḿīīƞŭŭŧḗḗ","two":[{"type":"idOrVar","name":"minutes"}," ḿīīƞŭŭŧḗḗş"],"few":[{"type":"idOrVar","name":"minutes"}," ḿīīƞŭŭŧḗḗş"],"many":[{"type":"idOrVar","name":"minutes"}," ḿīīƞŭŭŧḗḗş"],"other":[{"type":"idOrVar","name":"minutes"}," ḿīīƞŭŭŧḗḗş"]},"index":[{"type":"call","expr":{"type":"prop","expr":{"type":"glob","name":"cldr"},"prop":"plural","cmpt":false},"args":[{"type":"idOrVar","name":"minutes"}]}]},"alarmHours":{"value":{"zero":["<strong>",{"type":"idOrVar","name":"hours"}," ħǿǿŭŭřş</strong>"],"one":["<strong>",{"type":"idOrVar","name":"hours"}," ħǿǿŭŭř</strong>"],"two":["<strong>",{"type":"idOrVar","name":"hours"}," ħǿǿŭŭřş</strong>"],"few":["<strong>",{"type":"idOrVar","name":"hours"}," ħǿǿŭŭřş</strong>"],"many":["<strong>",{"type":"idOrVar","name":"hours"}," ħǿǿŭŭřş</strong>"],"other":["<strong>",{"type":"idOrVar","name":"hours"}," ħǿǿŭŭřş</strong>"]},"index":[{"type":"call","expr":{"type":"prop","expr":{"type":"glob","name":"cldr"},"prop":"plural","cmpt":false},"args":[{"type":"idOrVar","name":"hours"}]}]},"alarmDays":{"value":{"zero":["<strong>",{"type":"idOrVar","name":"days"}," ḓȧȧẏş</strong>"],"one":["<strong>",{"type":"idOrVar","name":"days"}," ḓȧȧẏ</strong>"],"two":["<strong>",{"type":"idOrVar","name":"days"}," ḓȧȧẏş</strong>"],"few":["<strong>",{"type":"idOrVar","name":"days"}," ḓȧȧẏş</strong>"],"many":["<strong>",{"type":"idOrVar","name":"days"}," ḓȧȧẏş</strong>"],"other":["<strong>",{"type":"idOrVar","name":"days"}," ḓȧȧẏş</strong>"]},"index":[{"type":"call","expr":{"type":"prop","expr":{"type":"glob","name":"cldr"},"prop":"plural","cmpt":false},"args":[{"type":"idOrVar","name":"days"}]}]},"nSpinnerMinutes":{"attrs":{"ariaValuetext":{"value":{"zero":"ẑḗḗřǿǿ ḿīīƞŭŭŧḗḗş","one":"ǿǿƞḗḗ ḿīīƞŭŭŧḗḗ","two":[{"type":"idOrVar","name":"n"}," ḿīīƞŭŭŧḗḗş"],"few":[{"type":"idOrVar","name":"n"}," ḿīīƞŭŭŧḗḗş"],"many":[{"type":"idOrVar","name":"n"}," ḿīīƞŭŭŧḗḗş"],"other":[{"type":"idOrVar","name":"n"}," ḿīīƞŭŭŧḗḗş"]},"index":[{"type":"call","expr":{"type":"prop","expr":{"type":"glob","name":"cldr"},"prop":"plural","cmpt":false},"args":[{"type":"idOrVar","name":"n"}]}]}}},"nSpinnerHours":{"attrs":{"ariaValuetext":{"value":{"zero":"ẑḗḗřǿǿ ħǿǿŭŭřş","one":[{"type":"idOrVar","name":"n"}," ħǿǿŭŭř"],"two":[{"type":"idOrVar","name":"n"}," ħǿǿŭŭřş"],"few":[{"type":"idOrVar","name":"n"}," ħǿǿŭŭřş"],"many":[{"type":"idOrVar","name":"n"}," ħǿǿŭŭřş"],"other":[{"type":"idOrVar","name":"n"}," ħǿǿŭŭřş"]},"index":[{"type":"call","expr":{"type":"prop","expr":{"type":"glob","name":"cldr"},"prop":"plural","cmpt":false},"args":[{"type":"idOrVar","name":"n"}]}]}}},"incorrectDate":"(īīƞƈǿǿřřḗḗƈŧ ḓȧȧŧḗḗ)","firstDayOfTheWeek":"0","durationformat-pattern":"{hh}:{mm}:{ss}.{SS}","listformat-regular-long-2":"{0} ȧȧƞḓ {1}","listformat-regular-long-start":"{0}, {1}","listformat-regular-long-middle":"{0}, {1}","listformat-regular-long-end":"{0}, ȧȧƞḓ {1}","listformat-duration-long-2":"{0}, {1}","listformat-duration-long-start":"{0}, {1}","listformat-duration-long-middle":"{0}, {1}","listformat-duration-long-end":"{0}, {1}","listformat-duration-short-2":"{0}, {1}","listformat-duration-short-start":"{0}, {1}","listformat-duration-short-middle":"{0}, {1}","listformat-duration-short-end":"{0}, {1}","listformat-duration-narrow-2":"{0} {1}","listformat-duration-narrow-start":"{0} {1}","listformat-duration-narrow-middle":"{0} {1}","listformat-duration-narrow-end":"{0} {1}","listformat-unit":"{0} {1}","listformat-number":"{0} {1}","timePickerOrder":"ĦḾƥ","datePickerOrder":"ḾḒẎ","hourMinutesSeparator":":","time_am":"ȦȧḾ","time_pm":"ƤḾ"}