{"ac_awake_opus":"Awake","ac_crystalize_opus":"Crystalize","ac_cycle_opus":"Cycle","ac_digicloud_opus":"Digicloud","ac_humming_waves_opus":"Humming Waves","ac_into_the_void_opus":"Into the Void","ac_lightly_opus":"Lightly","ac_mobile_opus":"Mobile","ac_pinger_opus":"Pinger","ac_skip_opus":"Skip","ac_tri_opus":"Tri","ac_universal_opus":"Universal","reset":"Reset","start":"Start","stop":"Stop","cancel":"Cancel","hours":"Hours","minutes":"Minutes","alarm":"Alarm","timer":"Timer","stopwatch":"Stopwatch","alarmName":{"attrs":{"placeholder":"Alarm name"}},"newAlarm":"New alarm","editAlarm":"Edit alarm","pause":"Pause","resume":"Resume","lap":"Lap","lap-number":{"value":["Lap ",{"type":"idOrVar","name":"n"}]},"delete":"Delete","time":"Time","snooze-label":"Snooze","snooze-button":"Snooze","repeat":"Repeat","vibrate":"Vibrate","close":"Close","save":"Save","done":"Done","closeButton":{"attrs":{"ariaLabel":"Close"}},"newAlarmButton":{"attrs":{"ariaLabel":"New alarm"}},"alarm-volume-label":"System Alarm Volume","sound":"Sound","noSound":"No Sound","everyday":"Every day","weekdays":"Weekdays","weekends":"Weekends","never":"Never","vibrateOn":"On","vibrateOff":"Off","plusMinute":"+1 Min","countdown_lessThanAnHour":{"value":["The alarm is set for <strong>",{"type":"idOrVar","name":"alarmMinutes"},"</strong> from now."]},"countdown_moreThanAnHour":{"value":["The alarm is set for ",{"type":"idOrVar","name":"alarmHours"}," and ",{"type":"idOrVar","name":"alarmMinutes"}," from now."]},"countdown_moreThanADay":{"value":["The alarm is set for ",{"type":"idOrVar","name":"alarmDays"}," and ",{"type":"idOrVar","name":"alarmHours"}," from now."]},"alarmMinutes":{"index":[{"type":"call","expr":{"type":"prop","expr":{"type":"glob","name":"cldr"},"prop":"plural","cmpt":false},"args":[{"type":"idOrVar","name":"minutes"}]}],"value":{"zero":"less than a minute","one":"one minute","two":[{"type":"idOrVar","name":"minutes"}," minutes"],"few":[{"type":"idOrVar","name":"minutes"}," minutes"],"many":[{"type":"idOrVar","name":"minutes"}," minutes"],"other":[{"type":"idOrVar","name":"minutes"}," minutes"]}},"alarmHours":{"index":[{"type":"call","expr":{"type":"prop","expr":{"type":"glob","name":"cldr"},"prop":"plural","cmpt":false},"args":[{"type":"idOrVar","name":"hours"}]}],"value":{"zero":["<strong>",{"type":"idOrVar","name":"hours"}," hours</strong>"],"one":["<strong>",{"type":"idOrVar","name":"hours"}," hour</strong>"],"two":["<strong>",{"type":"idOrVar","name":"hours"}," hours</strong>"],"few":["<strong>",{"type":"idOrVar","name":"hours"}," hours</strong>"],"many":["<strong>",{"type":"idOrVar","name":"hours"}," hours</strong>"],"other":["<strong>",{"type":"idOrVar","name":"hours"}," hours</strong>"]}},"alarmDays":{"index":[{"type":"call","expr":{"type":"prop","expr":{"type":"glob","name":"cldr"},"prop":"plural","cmpt":false},"args":[{"type":"idOrVar","name":"days"}]}],"value":{"zero":["<strong>",{"type":"idOrVar","name":"days"}," days</strong>"],"one":["<strong>",{"type":"idOrVar","name":"days"}," day</strong>"],"two":["<strong>",{"type":"idOrVar","name":"days"}," days</strong>"],"few":["<strong>",{"type":"idOrVar","name":"days"}," days</strong>"],"many":["<strong>",{"type":"idOrVar","name":"days"}," days</strong>"],"other":["<strong>",{"type":"idOrVar","name":"days"}," days</strong>"]}},"nSpinnerMinutes":{"attrs":{"ariaValuetext":{"index":[{"type":"call","expr":{"type":"prop","expr":{"type":"glob","name":"cldr"},"prop":"plural","cmpt":false},"args":[{"type":"idOrVar","name":"n"}]}],"value":{"zero":"zero minutes","one":"one minute","two":[{"type":"idOrVar","name":"n"}," minutes"],"few":[{"type":"idOrVar","name":"n"}," minutes"],"many":[{"type":"idOrVar","name":"n"}," minutes"],"other":[{"type":"idOrVar","name":"n"}," minutes"]}}}},"nSpinnerHours":{"attrs":{"ariaValuetext":{"index":[{"type":"call","expr":{"type":"prop","expr":{"type":"glob","name":"cldr"},"prop":"plural","cmpt":false},"args":[{"type":"idOrVar","name":"n"}]}],"value":{"zero":"zero hours","one":[{"type":"idOrVar","name":"n"}," hour"],"two":[{"type":"idOrVar","name":"n"}," hours"],"few":[{"type":"idOrVar","name":"n"}," hours"],"many":[{"type":"idOrVar","name":"n"}," hours"],"other":[{"type":"idOrVar","name":"n"}," hours"]}}}},"incorrectDate":"(incorrect date)","firstDayOfTheWeek":"0","durationformat-pattern":"{hh}:{mm}:{ss}.{SS}","listformat-regular-long-2":"{0} and {1}","listformat-regular-long-start":"{0}, {1}","listformat-regular-long-middle":"{0}, {1}","listformat-regular-long-end":"{0}, and {1}","listformat-duration-long-2":"{0}, {1}","listformat-duration-long-start":"{0}, {1}","listformat-duration-long-middle":"{0}, {1}","listformat-duration-long-end":"{0}, {1}","listformat-duration-short-2":"{0}, {1}","listformat-duration-short-start":"{0}, {1}","listformat-duration-short-middle":"{0}, {1}","listformat-duration-short-end":"{0}, {1}","listformat-duration-narrow-2":"{0} {1}","listformat-duration-narrow-start":"{0} {1}","listformat-duration-narrow-middle":"{0} {1}","listformat-duration-narrow-end":"{0} {1}","listformat-unit":"{0} {1}","listformat-number":"{0} {1}","timePickerOrder":"HMp","datePickerOrder":"MDY","hourMinutesSeparator":":","time_am":"AM","time_pm":"PM"}