{"imageDescription":{"attrs":{"ariaLabel":{"value":[{"type":"idOrVar","name":"orientation"}," ‮ıɯɐƃǝ‬, ",{"type":"idOrVar","name":"timestamp"}]}}},"imageDescriptionNoTimestamp":{"attrs":{"ariaLabel":{"value":[{"type":"idOrVar","name":"orientation"}," ‮ıɯɐƃǝ‬"]}}},"videoDescription":{"attrs":{"ariaLabel":{"value":[{"type":"idOrVar","name":"orientation"}," ‮ʌıpǝo‬, ",{"type":"idOrVar","name":"timestamp"}]}}},"videoDescriptionNoTimestamp":{"attrs":{"ariaLabel":{"value":[{"type":"idOrVar","name":"orientation"}," ‮ʌıpǝo‬"]}}},"orientationPortrait":"‮doɹʇɹɐıʇ‬","orientationLandscape":"‮ʅɐupsɔɐdǝ‬","playbackPlay":{"attrs":{"ariaLabel":"‮Ԁʅɐʎ‬"}},"playbackPause":{"attrs":{"ariaLabel":"‮Ԁɐnsǝ‬"}},"playbackNext":{"attrs":{"ariaLabel":"‮Nǝxʇ‬"}},"playbackPrevious":{"attrs":{"ariaLabel":"‮Ԁɹǝʌıons‬"}},"playbackFullscreen":{"attrs":{"ariaLabel":"‮ɟnʅʅsɔɹǝǝu‬"}},"playbackSeekBar":{"attrs":{"ariaLabel":{"value":["‮Sǝǝʞ‬ ‮qɐɹ‬, ‮pnɹɐʇıou‬ ",{"type":"idOrVar","name":"duration"}]}}},"nospace2":"‮Noʇ‬ ‮ǝuonƃɥ‬ ‮sdɐɔǝ‬ ‮ou‬ ‮ɯǝɯoɹʎ‬ ‮ɔɐɹp‬. ‮⊥ɹʎ‬ ‮ɟɹǝǝıuƃ‬ ‮nd‬ ‮sdɐɔǝ‬ ‮qʎ‬ ‮pǝʅǝʇıuƃ‬ ‮ɯǝpıɐ‬.","nospace2-title":"‮Noʇ‬ ‮ǝuonƃɥ‬ ‮sdɐɔǝ‬ ‮ou‬ ‮ɯǝɯoɹʎ‬ ‮ɔɐɹp‬","nospace2-text":"‮⊥ɹʎ‬ ‮ɟɹǝǝıuƃ‬ ‮nd‬ ‮sdɐɔǝ‬ ‮qʎ‬ ‮pǝʅǝʇıuƃ‬ ‮ɯǝpıɐ‬.","error-saving":"‮Ԁıɔʇnɹǝ‬ ‮uoʇ‬ ‮sɐʌǝp‬. ‮∀u‬ ‮ǝɹɹoɹ‬ ‮dɹǝʌǝuʇǝp‬ ‮Ↄɐɯǝɹɐ‬ ‮ɟɹoɯ‬ ‮sɐʌıuƃ‬ ‮ʇɥǝ‬ ‮dıɔʇnɹǝ‬.","error-video-file-path":"‮Ʌıpǝo‬ ‮uoʇ‬ ‮ɹǝɔoɹpǝp‬. ‮Ǝɹɹoɹ‬ ‮ɔɹǝɐʇıuƃ‬ ‮ʌıpǝo‬ ‮ɟıʅǝ‬ ‮dɐʇɥ‬.","nocard2-title":"‮No‬ ‮ɯǝɯoɹʎ‬ ‮ɔɐɹp‬ ‮ɟonup‬","nocard3-text":"‮Iusǝɹʇ‬ ‮ɐ‬ ‮ɯǝɯoɹʎ‬ ‮ɔɐɹp‬ ‮ʇo‬ ‮ʇɐʞǝ‬ ‮dıɔʇnɹǝs‬.","pluggedin2-title":"‮Ↄɐɯǝɹɐ‬ ‮ɔɐu‬ ‮uoʇ‬ ‮qǝ‬ ‮nsǝp‬ ‮ʍɥıʅǝ‬ ‮dɥouǝ‬ ‮ıs‬ ‮dʅnƃƃǝp‬ ‮ıu‬","pluggedin2-text":"‮∩udʅnƃ‬ ‮ʇɥǝ‬ ‮dɥouǝ‬ ‮ʇo‬ ‮ɔɐdʇnɹǝ‬ ‮dɥoʇos‬ ‮ɐup‬ ‮ʌıpǝos‬","storage-size-limit-reached":"‮ʎon‬ ‮ɥɐʌǝ‬ ‮ɹnu‬ ‮onʇ‬ ‮oɟ‬ ‮ɯǝpıɐ‬ ‮sʇoɹɐƃǝ‬ ‮sdɐɔǝ‬.","activity-size-limit-reached":"‮ʎon‬ ‮ɥɐʌǝ‬ ‮ɹǝɐɔɥǝp‬ ‮ʇɥǝ‬ ‮ɯɐxıɯnɯ‬ ‮ɟıʅǝ‬ ‮sızǝ‬ ‮ɟoɹ‬ ‮ʇɥıs‬ ‮ɐʇʇɐɔɥɯǝuʇ‬.","retake-button":"‮ᴚǝʇɐʞǝ‬","select-button":"‮Sǝʅǝɔʇ‬","close-button":"‮Ↄʅosǝ‬","delete-photo?":"‮pǝʅǝʇǝ‬ ‮dɥoʇo‬?","delete-video?":"‮pǝʅǝʇǝ‬ ‮ʌıpǝo‬?","cancel":"‮Ↄɐuɔǝʅ‬","delete":"‮pǝʅǝʇǝ‬","mp":"‮WԀ‬","camera-resolution":"‮Ↄɐɯǝɹɐ‬ ‮ᴚǝsoʅnʇıou‬","camera-resolution-header":{"value":[{"type":"idOrVar","name":"camera-resolution"}]},"video-resolution":"‮Ʌıpǝo‬ ‮ᴚǝsoʅnʇıou‬","video-resolution-header":{"value":[{"type":"idOrVar","name":"video-resolution"}]},"scene-mode":"‮Sɔǝuǝ‬ ‮Wopǝ‬","scene-mode-header":{"value":[{"type":"idOrVar","name":"scene-mode"}]},"self-timer":"‮Sǝʅɟ‬-‮⊥ıɯǝɹ‬","self-timer-header":{"value":[{"type":"idOrVar","name":"self-timer"}]},"self-timer-off":"‮Oɟɟ‬","self-timer-2-seconds":"2 ‮sǝɔoups‬","self-timer-5-seconds":"5 ‮sǝɔoups‬","self-timer-10-seconds":"10 ‮sǝɔoups‬","battery-shutdown-title":"‮˥oʍ‬ ‮Ԑɐʇʇǝɹʎ‬","battery-shutdown-text":"‮⊥ɥǝ‬ ‮qɐʇʇǝɹʎ‬ ‮ıs‬ ‮ʇoo‬ ‮ʅoʍ‬ ‮ʇo‬ ‮nsǝ‬ ‮ʇɥǝ‬ ‮ɔɐɯǝɹɐ‬.","battery-critical-text":{"value":"‮Ↄɹıʇıɔɐʅʅʎ‬ ‮ʅoʍ‬ ‮qɐʇʇǝɹʎ‬","attrs":{"ariaLabel":"‮Ↄɹıʇıɔɐʅʅʎ‬ ‮ʅoʍ‬ ‮qɐʇʇǝɹʎ‬"}},"battery-verylow-text":{"value":"10% ‮qɐʇʇǝɹʎ‬ ‮ɹǝɯɐıuıuƃ‬","attrs":{"ariaLabel":"10% ‮qɐʇʇǝɹʎ‬ ‮ɹǝɯɐıuıuƃ‬"}},"battery-low-text":{"value":"15% ‮qɐʇʇǝɹʎ‬ ‮ɹǝɯɐıuıuƃ‬","attrs":{"ariaLabel":"15% ‮qɐʇʇǝɹʎ‬ ‮ɹǝɯɐıuıuƃ‬"}},"camera-unavailable-title":"‮Ↄɐɯǝɹɐ‬ ‮∩uɐʌɐıʅɐqʅǝ‬","camera-unavailable-text":"‮⊥ɥǝ‬ ‮ɔɐɯǝɹɐ‬ ‮ıs‬ ‮ıu‬ ‮nsǝ‬ ‮qʎ‬ ‮ɐuoʇɥǝɹ‬ ‮ɐdd‬.","hdr":"‮Hpᴚ‬","hdr-header":{"value":[{"type":"idOrVar","name":"hdr"}]},"hdr-on":"‮Ou‬","hdr-off":"‮Oɟɟ‬","hdr-deactivated":"(‮Hpᴚ‬ ‮pǝɐɔʇıʌɐʇǝp‬)","grid":"‮פɹıp‬ ‮˥ıuǝs‬","grid-header":{"value":[{"type":"idOrVar","name":"grid"}]},"grid-on":"‮Ou‬","grid-off":"‮Oɟɟ‬","flash":"‮ɟʅɐsɥ‬","flash-on":"‮Ou‬","flash-off":"‮Oɟɟ‬","flash-auto":"‮∀nʇo‬","flash-deactivated":"(‮ɟʅɐsɥ‬ ‮pǝɐɔʇıʌɐʇǝp‬)","Photo-Mode":"‮Ԁɥoʇo‬ ‮Wopǝ‬","Video-Mode":"‮Ʌıpǝo‬ ‮Wopǝ‬","options":"‮Odʇıous‬","open-gallery":"‮Odǝu‬ ‮פɐʅʅǝɹʎ‬","preview":"‮Ԁɹǝʌıǝʍ‬","close-menu-button":{"attrs":{"ariaLabel":"‮Ↄʅosǝ‬ ‮ɯǝun‬"}},"back-button":{"attrs":{"ariaLabel":"‮Ԑɐɔʞ‬"}},"setting-option":{"attrs":{"ariaLabel":{"value":[{"type":"idOrVar","name":"value"}]}}},"setting-option-hdr":{"attrs":{"ariaLabel":{"value":["‮Hpᴚ‬ ",{"type":"idOrVar","name":"value"}]}}},"setting-option-self-timer":{"attrs":{"ariaLabel":{"value":["‮Sǝʅɟ‬-‮⊥ıɯǝɹ‬ ",{"type":"idOrVar","name":"value"}]}}},"setting-option-grid":{"attrs":{"ariaLabel":{"value":["‮פɹıp‬ ‮˥ıuǝs‬ ",{"type":"idOrVar","name":"value"}]}}},"setting-option-camera-resolution":{"attrs":{"ariaLabel":{"value":["‮Ԁıɔʇnɹǝ‬ ‮ᴚǝsoʅnʇıou‬ ",{"type":"idOrVar","name":"value"}]}}},"setting-option-video-resolution":{"attrs":{"ariaLabel":{"value":["‮Ʌıpǝo‬ ‮ᴚǝsoʅnʇıou‬ ",{"type":"idOrVar","name":"value"}]}}},"flash-on-button":{"attrs":{"ariaLabel":"‮ɟʅɐsɥ‬ ‮Ou‬"}},"flash-off-button":{"attrs":{"ariaLabel":"‮ɟʅɐsɥ‬ ‮Oɟɟ‬"}},"flash-auto-button":{"attrs":{"ariaLabel":"‮ɟʅɐsɥ‬ ‮∀nʇo‬"}},"toggle-camera-rear-button":{"attrs":{"ariaLabel":"‮ᴚǝɐɹ‬ ‮ɔɐɯǝɹɐ‬"}},"toggle-camera-front-button":{"attrs":{"ariaLabel":"‮ɟɹouʇ‬ ‮ɔɐɯǝɹɐ‬"}},"menu-button":{"attrs":{"ariaLabel":"‮Wǝun‬"}},"preview-button":{"attrs":{"ariaLabel":"‮Ԁɹǝʌıǝʍ‬"}},"controls-button-close":{"attrs":{"ariaLabel":"‮Ↄʅosǝ‬"}},"share-button":{"attrs":{"ariaLabel":"‮Sɥɐɹǝ‬"}},"more-button":{"attrs":{"ariaLabel":"‮Woɹǝ‬"}},"media-frame":{"attrs":{"ariaLabel":{"value":["‮ɟɹɐɯǝ‬ ",{"type":"idOrVar","name":"current"}," ‮oɟ‬ ",{"type":"idOrVar","name":"total"}]},"ariaMozHint":"‮Sʍıdǝ‬ ‮ʅǝɟʇ‬ ‮ʍıʇɥ‬ 2 ‮ɟıuƃǝɹs‬ ‮ʇo‬ ‮ɾnɯd‬ ‮ʇo‬ ‮uǝxʇ‬, ‮oɹ‬ ‮sʍıdǝ‬ ‮ɹıƃɥʇ‬ ‮ʇo‬ ‮ɾnɯd‬ ‮ʇo‬ ‮dɹǝʌıons‬"}},"capture-button":{"attrs":{"ariaLabel":"‮Ↄɐdʇnɹǝ‬"}},"stop-capture-button":{"attrs":{"ariaLabel":"‮Sʇod‬ ‮ɔɐdʇnɹǝ‬"}},"picture-mode-button":{"attrs":{"ariaLabel":"‮Sǝʇ‬ ‮Ʌıpǝo‬ ‮Wopǝ‬"}},"video-mode-button":{"attrs":{"ariaLabel":"‮Sǝʇ‬ ‮Ԁɥoʇo‬ ‮Wopǝ‬"}},"self-timer-indicator":{"attrs":{"ariaLabel":"‮Sǝʅɟ‬-‮⊥ıɯǝɹ‬ ‮ǝuɐqʅǝp‬"}},"hdr-indicator":{"attrs":{"ariaLabel":"‮Hpᴚ‬ ‮ǝuɐqʅǝp‬"}},"location-indicator":{"attrs":{"ariaLabel":"‮פǝoʅoɔɐʇıou‬ ‮ǝuɐqʅǝp‬"}},"battery-low-indicator":{"attrs":{"ariaLabel":"15% ‮qɐʇʇǝɹʎ‬ ‮ɹǝɯɐıuıuƃ‬"}},"battery-verylow-indicator":{"attrs":{"ariaLabel":"10% ‮qɐʇʇǝɹʎ‬ ‮ɹǝɯɐıuıuƃ‬"}},"battery-critical-indicator":{"attrs":{"ariaLabel":"‮Ↄɹıʇıɔɐʅʅʎ‬ ‮ʅoʍ‬ ‮qɐʇʇǝɹʎ‬"}}}