{"imageDescription":{"attrs":{"ariaLabel":{"value":[{"type":"idOrVar","name":"orientation"}," īīḿȧȧɠḗḗ, ",{"type":"idOrVar","name":"timestamp"}]}}},"imageDescriptionNoTimestamp":{"attrs":{"ariaLabel":{"value":[{"type":"idOrVar","name":"orientation"}," īīḿȧȧɠḗḗ"]}}},"videoDescription":{"attrs":{"ariaLabel":{"value":[{"type":"idOrVar","name":"orientation"}," ṽīīḓḗḗǿǿ, ",{"type":"idOrVar","name":"timestamp"}]}}},"videoDescriptionNoTimestamp":{"attrs":{"ariaLabel":{"value":[{"type":"idOrVar","name":"orientation"}," ṽīīḓḗḗǿǿ"]}}},"orientationPortrait":"ƥǿǿřŧřȧȧīīŧ","orientationLandscape":"ŀȧȧƞḓşƈȧȧƥḗḗ","playbackPlay":{"attrs":{"ariaLabel":"Ƥŀȧȧẏ"}},"playbackPause":{"attrs":{"ariaLabel":"Ƥȧȧŭŭşḗḗ"}},"playbackNext":{"attrs":{"ariaLabel":"Ƞḗḗẋŧ"}},"playbackPrevious":{"attrs":{"ariaLabel":"Ƥřḗḗṽīīǿǿŭŭş"}},"playbackFullscreen":{"attrs":{"ariaLabel":"Ƒŭŭŀŀşƈřḗḗḗḗƞ"}},"playbackSeekBar":{"attrs":{"ariaLabel":{"value":["Şḗḗḗḗķ ƀȧȧř, ḓŭŭřȧȧŧīīǿǿƞ ",{"type":"idOrVar","name":"duration"}]}}},"nospace2":"Ƞǿǿŧ ḗḗƞǿǿŭŭɠħ şƥȧȧƈḗḗ ǿǿƞ ḿḗḗḿǿǿřẏ ƈȧȧřḓ. Ŧřẏ ƒřḗḗḗḗīīƞɠ ŭŭƥ şƥȧȧƈḗḗ ƀẏ ḓḗḗŀḗḗŧīīƞɠ ḿḗḗḓīīȧȧ.","nospace2-title":"Ƞǿǿŧ ḗḗƞǿǿŭŭɠħ şƥȧȧƈḗḗ ǿǿƞ ḿḗḗḿǿǿřẏ ƈȧȧřḓ","nospace2-text":"Ŧřẏ ƒřḗḗḗḗīīƞɠ ŭŭƥ şƥȧȧƈḗḗ ƀẏ ḓḗḗŀḗḗŧīīƞɠ ḿḗḗḓīīȧȧ.","error-saving":"Ƥīīƈŧŭŭřḗḗ ƞǿǿŧ şȧȧṽḗḗḓ. Ȧȧƞ ḗḗřřǿǿř ƥřḗḗṽḗḗƞŧḗḗḓ Ƈȧȧḿḗḗřȧȧ ƒřǿǿḿ şȧȧṽīīƞɠ ŧħḗḗ ƥīīƈŧŭŭřḗḗ.","error-video-file-path":"Ṽīīḓḗḗǿǿ ƞǿǿŧ řḗḗƈǿǿřḓḗḗḓ. Ḗḗřřǿǿř ƈřḗḗȧȧŧīīƞɠ ṽīīḓḗḗǿǿ ƒīīŀḗḗ ƥȧȧŧħ.","nocard2-title":"Ƞǿǿ ḿḗḗḿǿǿřẏ ƈȧȧřḓ ƒǿǿŭŭƞḓ","nocard3-text":"Īīƞşḗḗřŧ ȧȧ ḿḗḗḿǿǿřẏ ƈȧȧřḓ ŧǿǿ ŧȧȧķḗḗ ƥīīƈŧŭŭřḗḗş.","pluggedin2-title":"Ƈȧȧḿḗḗřȧȧ ƈȧȧƞ ƞǿǿŧ ƀḗḗ ŭŭşḗḗḓ ẇħīīŀḗḗ ƥħǿǿƞḗḗ īīş ƥŀŭŭɠɠḗḗḓ īīƞ","pluggedin2-text":"Ŭŭƞƥŀŭŭɠ ŧħḗḗ ƥħǿǿƞḗḗ ŧǿǿ ƈȧȧƥŧŭŭřḗḗ ƥħǿǿŧǿǿş ȧȧƞḓ ṽīīḓḗḗǿǿş","storage-size-limit-reached":"Ẏǿǿŭŭ ħȧȧṽḗḗ řŭŭƞ ǿǿŭŭŧ ǿǿƒ ḿḗḗḓīīȧȧ şŧǿǿřȧȧɠḗḗ şƥȧȧƈḗḗ.","activity-size-limit-reached":"Ẏǿǿŭŭ ħȧȧṽḗḗ řḗḗȧȧƈħḗḗḓ ŧħḗḗ ḿȧȧẋīīḿŭŭḿ ƒīīŀḗḗ şīīẑḗḗ ƒǿǿř ŧħīīş ȧȧŧŧȧȧƈħḿḗḗƞŧ.","retake-button":"Řḗḗŧȧȧķḗḗ","select-button":"Şḗḗŀḗḗƈŧ","close-button":"Ƈŀǿǿşḗḗ","delete-photo?":"Ḓḗḗŀḗḗŧḗḗ ƥħǿǿŧǿǿ?","delete-video?":"Ḓḗḗŀḗḗŧḗḗ ṽīīḓḗḗǿǿ?","cancel":"Ƈȧȧƞƈḗḗŀ","delete":"Ḓḗḗŀḗḗŧḗḗ","mp":"ḾƤ","camera-resolution":"Ƈȧȧḿḗḗřȧȧ Řḗḗşǿǿŀŭŭŧīīǿǿƞ","camera-resolution-header":{"value":[{"type":"idOrVar","name":"camera-resolution"}]},"video-resolution":"Ṽīīḓḗḗǿǿ Řḗḗşǿǿŀŭŭŧīīǿǿƞ","video-resolution-header":{"value":[{"type":"idOrVar","name":"video-resolution"}]},"scene-mode":"Şƈḗḗƞḗḗ Ḿǿǿḓḗḗ","scene-mode-header":{"value":[{"type":"idOrVar","name":"scene-mode"}]},"self-timer":"Şḗḗŀƒ-Ŧīīḿḗḗř","self-timer-header":{"value":[{"type":"idOrVar","name":"self-timer"}]},"self-timer-off":"Ǿǿƒƒ","self-timer-2-seconds":"2 şḗḗƈǿǿƞḓş","self-timer-5-seconds":"5 şḗḗƈǿǿƞḓş","self-timer-10-seconds":"10 şḗḗƈǿǿƞḓş","battery-shutdown-title":"Ŀǿǿẇ Ɓȧȧŧŧḗḗřẏ","battery-shutdown-text":"Ŧħḗḗ ƀȧȧŧŧḗḗřẏ īīş ŧǿǿǿǿ ŀǿǿẇ ŧǿǿ ŭŭşḗḗ ŧħḗḗ ƈȧȧḿḗḗřȧȧ.","battery-critical-text":{"value":"Ƈřīīŧīīƈȧȧŀŀẏ ŀǿǿẇ ƀȧȧŧŧḗḗřẏ","attrs":{"ariaLabel":"Ƈřīīŧīīƈȧȧŀŀẏ ŀǿǿẇ ƀȧȧŧŧḗḗřẏ"}},"battery-verylow-text":{"value":"10% ƀȧȧŧŧḗḗřẏ řḗḗḿȧȧīīƞīīƞɠ","attrs":{"ariaLabel":"10% ƀȧȧŧŧḗḗřẏ řḗḗḿȧȧīīƞīīƞɠ"}},"battery-low-text":{"value":"15% ƀȧȧŧŧḗḗřẏ řḗḗḿȧȧīīƞīīƞɠ","attrs":{"ariaLabel":"15% ƀȧȧŧŧḗḗřẏ řḗḗḿȧȧīīƞīīƞɠ"}},"camera-unavailable-title":"Ƈȧȧḿḗḗřȧȧ Ŭŭƞȧȧṽȧȧīīŀȧȧƀŀḗḗ","camera-unavailable-text":"Ŧħḗḗ ƈȧȧḿḗḗřȧȧ īīş īīƞ ŭŭşḗḗ ƀẏ ȧȧƞǿǿŧħḗḗř ȧȧƥƥ.","hdr":"ĦḒŘ","hdr-header":{"value":[{"type":"idOrVar","name":"hdr"}]},"hdr-on":"Ǿǿƞ","hdr-off":"Ǿǿƒƒ","hdr-deactivated":"(ĦḒŘ ḓḗḗȧȧƈŧīīṽȧȧŧḗḗḓ)","grid":"Ɠřīīḓ Ŀīīƞḗḗş","grid-header":{"value":[{"type":"idOrVar","name":"grid"}]},"grid-on":"Ǿǿƞ","grid-off":"Ǿǿƒƒ","flash":"Ƒŀȧȧşħ","flash-on":"Ǿǿƞ","flash-off":"Ǿǿƒƒ","flash-auto":"Ȧȧŭŭŧǿǿ","flash-deactivated":"(Ƒŀȧȧşħ ḓḗḗȧȧƈŧīīṽȧȧŧḗḗḓ)","Photo-Mode":"Ƥħǿǿŧǿǿ Ḿǿǿḓḗḗ","Video-Mode":"Ṽīīḓḗḗǿǿ Ḿǿǿḓḗḗ","options":"Ǿǿƥŧīīǿǿƞş","open-gallery":"Ǿǿƥḗḗƞ Ɠȧȧŀŀḗḗřẏ","preview":"Ƥřḗḗṽīīḗḗẇ","close-menu-button":{"attrs":{"ariaLabel":"Ƈŀǿǿşḗḗ ḿḗḗƞŭŭ"}},"back-button":{"attrs":{"ariaLabel":"Ɓȧȧƈķ"}},"setting-option":{"attrs":{"ariaLabel":{"value":[{"type":"idOrVar","name":"value"}]}}},"setting-option-hdr":{"attrs":{"ariaLabel":{"value":["ĦḒŘ ",{"type":"idOrVar","name":"value"}]}}},"setting-option-self-timer":{"attrs":{"ariaLabel":{"value":["Şḗḗŀƒ-Ŧīīḿḗḗř ",{"type":"idOrVar","name":"value"}]}}},"setting-option-grid":{"attrs":{"ariaLabel":{"value":["Ɠřīīḓ Ŀīīƞḗḗş ",{"type":"idOrVar","name":"value"}]}}},"setting-option-camera-resolution":{"attrs":{"ariaLabel":{"value":["Ƥīīƈŧŭŭřḗḗ Řḗḗşǿǿŀŭŭŧīīǿǿƞ ",{"type":"idOrVar","name":"value"}]}}},"setting-option-video-resolution":{"attrs":{"ariaLabel":{"value":["Ṽīīḓḗḗǿǿ Řḗḗşǿǿŀŭŭŧīīǿǿƞ ",{"type":"idOrVar","name":"value"}]}}},"flash-on-button":{"attrs":{"ariaLabel":"Ƒŀȧȧşħ Ǿǿƞ"}},"flash-off-button":{"attrs":{"ariaLabel":"Ƒŀȧȧşħ Ǿǿƒƒ"}},"flash-auto-button":{"attrs":{"ariaLabel":"Ƒŀȧȧşħ Ȧȧŭŭŧǿǿ"}},"toggle-camera-rear-button":{"attrs":{"ariaLabel":"Řḗḗȧȧř ƈȧȧḿḗḗřȧȧ"}},"toggle-camera-front-button":{"attrs":{"ariaLabel":"Ƒřǿǿƞŧ ƈȧȧḿḗḗřȧȧ"}},"menu-button":{"attrs":{"ariaLabel":"Ḿḗḗƞŭŭ"}},"preview-button":{"attrs":{"ariaLabel":"Ƥřḗḗṽīīḗḗẇ"}},"controls-button-close":{"attrs":{"ariaLabel":"Ƈŀǿǿşḗḗ"}},"share-button":{"attrs":{"ariaLabel":"Şħȧȧřḗḗ"}},"more-button":{"attrs":{"ariaLabel":"Ḿǿǿřḗḗ"}},"media-frame":{"attrs":{"ariaLabel":{"value":["Ƒřȧȧḿḗḗ ",{"type":"idOrVar","name":"current"}," ǿǿƒ ",{"type":"idOrVar","name":"total"}]},"ariaMozHint":"Şẇīīƥḗḗ ŀḗḗƒŧ ẇīīŧħ 2 ƒīīƞɠḗḗřş ŧǿǿ ĵŭŭḿƥ ŧǿǿ ƞḗḗẋŧ, ǿǿř şẇīīƥḗḗ řīīɠħŧ ŧǿǿ ĵŭŭḿƥ ŧǿǿ ƥřḗḗṽīīǿǿŭŭş"}},"capture-button":{"attrs":{"ariaLabel":"Ƈȧȧƥŧŭŭřḗḗ"}},"stop-capture-button":{"attrs":{"ariaLabel":"Şŧǿǿƥ ƈȧȧƥŧŭŭřḗḗ"}},"picture-mode-button":{"attrs":{"ariaLabel":"Şḗḗŧ Ṽīīḓḗḗǿǿ Ḿǿǿḓḗḗ"}},"video-mode-button":{"attrs":{"ariaLabel":"Şḗḗŧ Ƥħǿǿŧǿǿ Ḿǿǿḓḗḗ"}},"self-timer-indicator":{"attrs":{"ariaLabel":"Şḗḗŀƒ-Ŧīīḿḗḗř ḗḗƞȧȧƀŀḗḗḓ"}},"hdr-indicator":{"attrs":{"ariaLabel":"ĦḒŘ ḗḗƞȧȧƀŀḗḗḓ"}},"location-indicator":{"attrs":{"ariaLabel":"Ɠḗḗǿǿŀǿǿƈȧȧŧīīǿǿƞ ḗḗƞȧȧƀŀḗḗḓ"}},"battery-low-indicator":{"attrs":{"ariaLabel":"15% ƀȧȧŧŧḗḗřẏ řḗḗḿȧȧīīƞīīƞɠ"}},"battery-verylow-indicator":{"attrs":{"ariaLabel":"10% ƀȧȧŧŧḗḗřẏ řḗḗḿȧȧīīƞīīƞɠ"}},"battery-critical-indicator":{"attrs":{"ariaLabel":"Ƈřīīŧīīƈȧȧŀŀẏ ŀǿǿẇ ƀȧȧŧŧḗḗřẏ"}}}