{"imageDescription":{"attrs":{"ariaLabel":{"value":[{"type":"idOrVar","name":"orientation"}," image, ",{"type":"idOrVar","name":"timestamp"}]}}},"imageDescriptionNoTimestamp":{"attrs":{"ariaLabel":{"value":[{"type":"idOrVar","name":"orientation"}," image"]}}},"videoDescription":{"attrs":{"ariaLabel":{"value":[{"type":"idOrVar","name":"orientation"}," video, ",{"type":"idOrVar","name":"timestamp"}]}}},"videoDescriptionNoTimestamp":{"attrs":{"ariaLabel":{"value":[{"type":"idOrVar","name":"orientation"}," video"]}}},"orientationPortrait":"portrait","orientationLandscape":"landscape","playbackPlay":{"attrs":{"ariaLabel":"Play"}},"playbackPause":{"attrs":{"ariaLabel":"Pause"}},"playbackNext":{"attrs":{"ariaLabel":"Next"}},"playbackPrevious":{"attrs":{"ariaLabel":"Previous"}},"playbackFullscreen":{"attrs":{"ariaLabel":"Fullscreen"}},"playbackSeekBar":{"attrs":{"ariaLabel":{"value":["Seek bar, duration ",{"type":"idOrVar","name":"duration"}]}}},"nospace2":"Not enough space on memory card. Try freeing up space by deleting media.","nospace2-title":"Not enough space on memory card","nospace2-text":"Try freeing up space by deleting media.","error-saving":"Picture not saved. An error prevented Camera from saving the picture.","error-video-file-path":"Video not recorded. Error creating video file path.","nocard2-title":"No memory card found","nocard3-text":"Insert a memory card to take pictures.","pluggedin2-title":"Camera can not be used while phone is plugged in","pluggedin2-text":"Unplug the phone to capture photos and videos","storage-size-limit-reached":"You have run out of media storage space.","activity-size-limit-reached":"You have reached the maximum file size for this attachment.","retake-button":"Retake","select-button":"Select","close-button":"Close","delete-photo?":"Delete photo?","delete-video?":"Delete video?","cancel":"Cancel","delete":"Delete","mp":"MP","camera-resolution":"Camera Resolution","camera-resolution-header":{"value":[{"type":"idOrVar","name":"camera-resolution"}]},"video-resolution":"Video Resolution","video-resolution-header":{"value":[{"type":"idOrVar","name":"video-resolution"}]},"scene-mode":"Scene Mode","scene-mode-header":{"value":[{"type":"idOrVar","name":"scene-mode"}]},"self-timer":"Self-Timer","self-timer-header":{"value":[{"type":"idOrVar","name":"self-timer"}]},"self-timer-off":"Off","self-timer-2-seconds":"2 seconds","self-timer-5-seconds":"5 seconds","self-timer-10-seconds":"10 seconds","battery-shutdown-title":"Low Battery","battery-shutdown-text":"The battery is too low to use the camera.","battery-critical-text":{"value":"Critically low battery","attrs":{"ariaLabel":"Critically low battery"}},"battery-verylow-text":{"value":"10% battery remaining","attrs":{"ariaLabel":"10% battery remaining"}},"battery-low-text":{"value":"15% battery remaining","attrs":{"ariaLabel":"15% battery remaining"}},"camera-unavailable-title":"Camera Unavailable","camera-unavailable-text":"The camera is in use by another app.","hdr":"HDR","hdr-header":{"value":[{"type":"idOrVar","name":"hdr"}]},"hdr-on":"On","hdr-off":"Off","hdr-deactivated":"(HDR deactivated)","grid":"Grid Lines","grid-header":{"value":[{"type":"idOrVar","name":"grid"}]},"grid-on":"On","grid-off":"Off","flash":"Flash","flash-on":"On","flash-off":"Off","flash-auto":"Auto","flash-deactivated":"(Flash deactivated)","Photo-Mode":"Photo Mode","Video-Mode":"Video Mode","options":"Options","open-gallery":"Open Gallery","preview":"Preview","close-menu-button":{"attrs":{"ariaLabel":"Close menu"}},"back-button":{"attrs":{"ariaLabel":"Back"}},"setting-option":{"attrs":{"ariaLabel":{"value":[{"type":"idOrVar","name":"value"}]}}},"setting-option-hdr":{"attrs":{"ariaLabel":{"value":["HDR ",{"type":"idOrVar","name":"value"}]}}},"setting-option-self-timer":{"attrs":{"ariaLabel":{"value":["Self-Timer ",{"type":"idOrVar","name":"value"}]}}},"setting-option-grid":{"attrs":{"ariaLabel":{"value":["Grid Lines ",{"type":"idOrVar","name":"value"}]}}},"setting-option-camera-resolution":{"attrs":{"ariaLabel":{"value":["Picture Resolution ",{"type":"idOrVar","name":"value"}]}}},"setting-option-video-resolution":{"attrs":{"ariaLabel":{"value":["Video Resolution ",{"type":"idOrVar","name":"value"}]}}},"flash-on-button":{"attrs":{"ariaLabel":"Flash On"}},"flash-off-button":{"attrs":{"ariaLabel":"Flash Off"}},"flash-auto-button":{"attrs":{"ariaLabel":"Flash Auto"}},"toggle-camera-rear-button":{"attrs":{"ariaLabel":"Rear camera"}},"toggle-camera-front-button":{"attrs":{"ariaLabel":"Front camera"}},"menu-button":{"attrs":{"ariaLabel":"Menu"}},"preview-button":{"attrs":{"ariaLabel":"Preview"}},"controls-button-close":{"attrs":{"ariaLabel":"Close"}},"share-button":{"attrs":{"ariaLabel":"Share"}},"more-button":{"attrs":{"ariaLabel":"More"}},"media-frame":{"attrs":{"ariaLabel":{"value":["Frame ",{"type":"idOrVar","name":"current"}," of ",{"type":"idOrVar","name":"total"}]},"ariaMozHint":"Swipe left with 2 fingers to jump to next, or swipe right to jump to previous"}},"capture-button":{"attrs":{"ariaLabel":"Capture"}},"stop-capture-button":{"attrs":{"ariaLabel":"Stop capture"}},"picture-mode-button":{"attrs":{"ariaLabel":"Set Video Mode"}},"video-mode-button":{"attrs":{"ariaLabel":"Set Photo Mode"}},"self-timer-indicator":{"attrs":{"ariaLabel":"Self-Timer enabled"}},"hdr-indicator":{"attrs":{"ariaLabel":"HDR enabled"}},"location-indicator":{"attrs":{"ariaLabel":"Geolocation enabled"}},"battery-low-indicator":{"attrs":{"ariaLabel":"15% battery remaining"}},"battery-verylow-indicator":{"attrs":{"ariaLabel":"10% battery remaining"}},"battery-critical-indicator":{"attrs":{"ariaLabel":"Critically low battery"}}}