{
  "name": "gaia-toolbar",
  "authors": [
    "Wilson Page <wilsonpage@me.com>"
  ],
  "main": "script.js",
  "license": "MIT",
  "ignore": [
    "**/.*",
    "node_modules",
    "bower_components",
    "examples",
    "test",
    "tests",
    "README.md"
  ],
  "devDependencies": {
    "gaia-icons": "gaia-components/gaia-icons#~0.10.0",
    "gaia-theme": "gaia-components/gaia-theme#~0.5.0",
    "base": "gaia-components/base"
  },
  "dependencies": {
    "gaia-dialog": "gaia-components/gaia-dialog",
    "gaia-component": "gaia-components/gaia-component#~0.2.0"
  },
  "homepage": "https://github.com/gaia-components/gaia-toolbar",
  "_release": "474aab785d",
  "_resolution": {
    "type": "branch",
    "branch": "master",
    "commit": "474aab785d3899ae27eb08d165c7ab7799cb0c8f"
  },
  "_source": "git://github.com/gaia-components/gaia-toolbar.git",
  "_target": "master",
  "_originalSource": "gaia-components/gaia-toolbar"
}