{
  "name": "gaia-header",
  "version": "0.9.5",
  "homepage": "https://github.com/gaia-components/gaia-header",
  "authors": [
    "Wilson Page <wilsonpage@me.com>"
  ],
  "main": "gaia-header.js",
  "license": "MIT",
  "ignore": [
    "**/.*",
    "!.jshintrc",
    "node_modules",
    "bower_components",
    "test",
    "index.html",
    "package.json",
    "README.md"
  ],
  "dependencies": {
    "gaia-icons": "gaia-components/gaia-icons#~0.10.3",
    "gaia-component": "gaia-components/gaia-component#~0.4.0",
    "font-fit": "gaia-components/font-fit#~0.3.0"
  },
  "devDependencies": {
    "gaia-theme": "gaia-components/gaia-theme",
    "gaia-fonts": "gaia-components/gaia-fonts",
    "base": "gaia-components/base"
  },
  "_release": "0.9.5",
  "_resolution": {
    "type": "version",
    "tag": "v0.9.5",
    "commit": "aa4c9c5cb83ce8813c8472860671ea514f07274f"
  },
  "_source": "git://github.com/gaia-components/gaia-header.git",
  "_target": "~0.9.0",
  "_originalSource": "gaia-components/gaia-header"
}