{
  "name": "gaia-dialog",
  "version": "0.2.3",
  "homepage": "https://github.com/gaia-components/gaia-dialog",
  "authors": [
    "Wilson Page <wilsonpage@me.com>"
  ],
  "main": "gaia-dialog.js",
  "license": "MIT",
  "ignore": [
    "**/.*",
    "node_modules",
    "bower_components",
    "examples",
    "test",
    "tests",
    "README.md"
  ],
  "devDependencies": {
    "base": "gaia-components/base",
    "pressed": "gaia-components/pressed",
    "gaia-fonts": "gaia-components/gaia-fonts",
    "gaia-theme": "gaia-components/gaia-theme",
    "gaia-button": "gaia-components/gaia-button"
  },
  "dependencies": {
    "gaia-text-input": "gaia-components/gaia-text-input",
    "gaia-icons": "gaia-components/gaia-icons#^0.8.0",
    "gaia-component": "gaia-components/gaia-component#^0.3.7"
  },
  "_release": "0.2.3",
  "_resolution": {
    "type": "version",
    "tag": "v0.2.3",
    "commit": "61fe5758f1ddeb8933025dee98a31204aa085e29"
  },
  "_source": "git://github.com/gaia-components/gaia-dialog.git",
  "_target": "*",
  "_originalSource": "gaia-components/gaia-dialog"
}