[{"$i":"back-button","ariaLabel":"Ɓȧȧƈķ"},{"$i":"close-button","ariaLabel":"Ƈŀǿǿşḗḗ"},{"$i":"setup-app-name-header","$v":"Ḿȧȧīīŀ"},{"$i":"setup-empty-account-message","$v":"Ẏǿǿŭŭ ȧȧřḗḗ ƞǿǿŧ şḗḗŧ ŭŭƥ ŧǿǿ şḗḗƞḓ ǿǿř řḗḗƈḗḗīīṽḗḗ ḗḗḿȧȧīīŀ. Şḗḗŧ ŭŭƥ ȧȧƞ ȧȧƈƈǿǿŭŭƞŧ ŧǿǿ ƈǿǿḿƥŀḗḗŧḗḗ ŧħḗḗ ȧȧƈŧīīǿǿƞ."},{"$i":"setup-pick-service","$v":"Ŧǿǿ şḗḗƞḓ ȧȧƞḓ řḗḗƈḗḗīīṽḗḗ ḗḗḿȧȧīīŀ, ẏǿǿŭŭ ẇīīŀŀ ƞḗḗḗḗḓ ŧǿǿ şḗḗŧ ŭŭƥ ȧȧƞ ȧȧƈƈǿǿŭŭƞŧ."},{"$i":"setup-account-header3","$v":"Ƞḗḗẇ Ȧȧƈƈǿǿŭŭƞŧ"},{"$i":"setup-account-enter-password","$v":"Ḗḗƞŧḗḗř Ƥȧȧşşẇǿǿřḓ Ƒǿǿř:"},{"$i":"setup-info-name","placeholder":"Ẏǿǿŭŭř ƞȧȧḿḗḗ"},{"$i":"setup-info-email","placeholder":"şǿǿḿḗḗǿǿƞḗḗ@ḗḗẋȧȧḿƥŀḗḗ.ƈǿǿḿ"},{"$i":"setup-info-password","placeholder":"Ƥȧȧşşẇǿǿřḓ"},{"$i":"setup-info-next","$v":"Ƞḗḗẋŧ"},{"$i":"setup-progress-wait-msg","$v":"Şḗḗŧŧīīƞɠ ŭŭƥ ȧȧƈƈǿǿŭŭƞŧ"},{"$i":"setup-completed-header","$v":"Ḿȧȧīīŀ ȧȧƈƈǿǿŭŭƞŧ şḗḗŧŭŭƥ"},{"$i":"setup-completed-label","$v":"Ȧȧŀŀ ḓǿǿƞḗḗ!"},{"$i":"setup-add-another-account","$v":"Ȧȧḓḓ ȧȧƞǿǿŧħḗḗř ȧȧƈƈǿǿŭŭƞŧ"},{"$i":"setup-show-mail","$v":"Ƈǿǿƞŧīīƞŭŭḗḗ ŧǿǿ Ḿȧȧīīŀ"},{"$i":"setup-error-offline","$v":"Ŧħīīş ḓḗḗṽīīƈḗḗ īīş ƈŭŭřřḗḗƞŧŀẏ ǿǿƒƒŀīīƞḗḗ. Ƈǿǿƞƞḗḗƈŧ ŧǿǿ ȧȧ ƞḗḗŧẇǿǿřķ ȧȧƞḓ ŧřẏ ȧȧɠȧȧīīƞ."},{"$i":"setup-error-bad-user-or-pass2","$v":"Īīƞṽȧȧŀīīḓ ŭŭşḗḗřƞȧȧḿḗḗ ǿǿř ƥȧȧşşẇǿǿřḓ. Ƈħḗḗƈķ ƒǿǿř ŧẏƥǿǿş."},{"$i":"setup-error-bad-address","$v":"Īīƞṽȧȧŀīīḓ ḗḗ-ḿȧȧīīŀ ȧȧḓḓřḗḗşş. Ƈħḗḗƈķ ƒǿǿř ŧẏƥǿǿş."},{"$i":"setup-error-not-authorized","$v":"Ŧħḗḗ şḗḗřṽḗḗř şȧȧīīḓ ẏǿǿŭŭ’řḗḗ ƞǿǿŧ ȧȧŭŭŧħǿǿřīīẑḗḗḓ ŧǿǿ ƈřḗḗȧȧŧḗḗ ȧȧƞ ȧȧƈƈǿǿŭŭƞŧ"},{"$i":"setup-error-pop-server-not-great","$v":"Şḗḗřṽḗḗř ŭŭƞşŭŭƥƥǿǿřŧḗḗḓ. Ŧħḗḗ ƤǾǿƤ3 şḗḗřṽḗḗř ḓǿǿḗḗş ƞǿǿŧ īīḿƥŀḗḗḿḗḗƞŧ řḗḗɋŭŭīīřḗḗḓ ƒḗḗȧȧŧŭŭřḗḗş."},{"$i":"setup-error-unknown2","$v":"Ȧȧƞ ŭŭƞķƞǿǿẇƞ ḗḗřřǿǿř ǿǿƈƈŭŭřřḗḗḓ. Ƈħḗḗƈķ ẏǿǿŭŭř ƞḗḗŧẇǿǿřķ ƈǿǿƞƞḗḗƈŧīīǿǿƞ ǿǿř ŧřẏ ŧħḗḗ ḿȧȧƞŭŭȧȧŀ ƈǿǿƞƒīīɠŭŭřȧȧŧīīǿǿƞ ǿǿƥŧīīǿǿƞ."},{"$i":"setup-error-needs-app-pass","$v":"Ẏǿǿŭŭ ḿŭŭşŧ ŭŭşḗḗ ȧȧƞ ȧȧƥƥŀīīƈȧȧŧīīǿǿƞ şƥḗḗƈīīƒīīƈ ƥȧȧşşẇǿǿřḓ ƒǿǿř ŧẇǿǿ-ƒȧȧƈŧǿǿř Ɠḿȧȧīīŀ ȧȧƈƈǿǿŭŭƞŧş"},{"$i":"setup-error-imap-disabled","$v":"Ẏǿǿŭŭ ḿŭŭşŧ ḗḗƞȧȧƀŀḗḗ ĪīḾȦȧƤ ƒǿǿř ẏǿǿŭŭř Ɠḿȧȧīīŀ ȧȧƈƈǿǿŭŭƞŧ"},{"$i":"setup-error-pop3-disabled","$v":"Ẏǿǿŭŭ ḿŭŭşŧ ḗḗƞȧȧƀŀḗḗ ƤǾǿƤ3 ƒǿǿř ẏǿǿŭŭř Ɠḿȧȧīīŀ ȧȧƈƈǿǿŭŭƞŧ"},{"$i":"setup-error-bad-security","$v":["Ŭŭƞȧȧƀŀḗḗ ŧǿǿ ḗḗşŧȧȧƀŀīīşħ ȧȧ şḗḗƈŭŭřḗḗ ƈǿǿƞƞḗḗƈŧīīǿǿƞ ẇīīŧħ \"",{"t":"idOrVar","v":"server"},"\". Ŧħḗḗřḗḗ ḿȧȧẏ ƀḗḗ ȧȧ ƥřǿǿƀŀḗḗḿ ẇīīŧħ ẏǿǿŭŭř ƞḗḗŧẇǿǿřķ ǿǿř ŧħḗḗ şḗḗřṽḗḗř."]},{"$i":"setup-error-unresponsive-server","$v":["Ŭŭƞȧȧƀŀḗḗ ŧǿǿ ḗḗşŧȧȧƀŀīīşħ ȧȧ ƈǿǿƞƞḗḗƈŧīīǿǿƞ ẇīīŧħ \"",{"t":"idOrVar","v":"server"},"\". Ŧħḗḗřḗḗ ḿȧȧẏ ƀḗḗ ȧȧ ƥřǿǿƀŀḗḗḿ ẇīīŧħ ŧħḗḗ ƞḗḗŧẇǿǿřķ."]},{"$i":"setup-error-server-problem","$v":["Ŧħḗḗřḗḗ īīş ȧȧ ƥřǿǿƀŀḗḗḿ ẇīīŧħ ŧħḗḗ şḗḗřṽḗḗř \"",{"t":"idOrVar","v":"server"},"\". Ŧřẏ ȧȧɠȧȧīīƞ ŀȧȧŧḗḗř."]},{"$i":"setup-error-no-config-info","$v":"Ŭŭƞȧȧƀŀḗḗ ŧǿǿ ȧȧŭŭŧǿǿḿȧȧŧīīƈȧȧŀŀẏ ƈǿǿƞƒīīɠŭŭřḗḗ ẏǿǿŭŭř ȧȧƈƈǿǿŭŭƞŧ. Ƈǿǿřřḗḗƈŧ ẏǿǿŭŭř ḗḗ-ḿȧȧīīŀ ȧȧḓḓřḗḗşş ǿǿř ŧřẏ ŧħḗḗ ḿȧȧƞŭŭȧȧŀ ƈǿǿƞƒīīɠŭŭřȧȧŧīīǿǿƞ ǿǿƥŧīīǿǿƞ."},{"$i":"setup-error-server-maintenance","$v":["Ŧħḗḗ şḗḗřṽḗḗř \"",{"t":"idOrVar","v":"server"},"\" īīş ǿǿƒƒŀīīƞḗḗ ƒǿǿř ḿȧȧīīƞŧḗḗƞȧȧƞƈḗḗ. Ŧřẏ ȧȧɠȧȧīīƞ ŀȧȧŧḗḗř."]},{"$i":"setup-error-account-already-exists","$v":"Ŧħīīş ȧȧƈƈǿǿŭŭƞŧ īīş ȧȧŀřḗḗȧȧḓẏ ƈǿǿƞƒīīɠŭŭřḗḗḓ."},{"$i":"setup-manual-config2","$v":"Ḿȧȧƞŭŭȧȧŀ şḗḗŧŭŭƥ"},{"$i":"setup-manual-config-header","$v":"Ḿȧȧƞŭŭȧȧŀ Şḗḗŧŭŭƥ"},{"$i":"setup-manual-account-type","$v":"Ȧȧƈƈǿǿŭŭƞŧ ŧẏƥḗḗ"},{"$i":"setup-manual-account-type-select","ariaLabel":"Ȧȧƈƈǿǿŭŭƞŧ ŧẏƥḗḗ"},{"$i":"setup-manual-imap-header","$v":"ĪīḾȦȧƤ şḗḗŧŧīīƞɠş"},{"$i":"setup-manual-pop3-header","$v":"ƤǾǿƤ3 şḗḗŧŧīīƞɠş"},{"$i":"setup-manual-smtp-header","$v":"ŞḾŦƤ şḗḗŧŧīīƞɠş"},{"$i":"setup-manual-activesync-header","$v":"ȦȧƈŧīīṽḗḗŞẏƞƈ şḗḗŧŧīīƞɠş"},{"$i":"setup-manual-next","$v":"Ƞḗḗẋŧ"},{"$i":"setup-manual-socket","$v":"Şǿǿƈķḗḗŧ Ŧẏƥḗḗ"},{"$i":"setup-manual-socket-ssl","$v":"ŞŞĿ"},{"$i":"setup-manual-socket-starttls","$v":"ŞŦȦȧŘŦŦĿŞ"},{"$i":"setup-manual-socket-select","ariaLabel":"Ƈǿǿƞƞḗḗƈŧīīǿǿƞ şḗḗƈŭŭřīīŧẏ"},{"$i":"setup-manual-socket-plain","$v":"Ŭŭƞḗḗƞƈřẏƥŧḗḗḓ (īīƞşḗḗƈŭŭřḗḗ)"},{"$i":"setup-manual-hostname","placeholder":"Ħǿǿşŧƞȧȧḿḗḗ"},{"$i":"setup-manual-port","placeholder":"Ƥǿǿřŧ Ƞŭŭḿƀḗḗř"},{"$i":"setup-manual-username","placeholder":"Ŭŭşḗḗřƞȧȧḿḗḗ"},{"$i":"setup-manual-activesync-username","placeholder":"Ḓǿǿḿȧȧīīƞ\\Ŭŭşḗḗřƞȧȧḿḗḗ"},{"$i":"setup-bad-password-header","$v":"Ɓȧȧḓ ƥȧȧşşẇǿǿřḓ!"},{"$i":"setup-bad-password","$v":"Ẇḗḗ ƈǿǿŭŭŀḓ ƞǿǿŧ şīīɠƞ īīƞ ŧǿǿ ŧħḗḗ şḗḗřṽḗḗř. Ḿȧȧẏƀḗḗ ẏǿǿŭŭř ƥȧȧşşẇǿǿřḓ īīş ẇřǿǿƞɠ?"},{"$i":"setup-new-password","placeholder":"Ƞḗḗẇ ƥȧȧşşẇǿǿřḓ"},{"$i":"setup-fix-password","$v":"Řḗḗŧřẏ ẇīīŧħ ƞḗḗẇ ƥȧȧşşẇǿǿřḓ"},{"$i":"setup-gmail-twofactor-header","$v":"Ŧẇǿǿ-Ƒȧȧƈŧǿǿř Ḗḗƞȧȧƀŀḗḗḓ"},{"$i":"setup-gmail-twofactor-message","$v":"Ẏǿǿŭŭ ƞḗḗḗḗḓ ŧǿǿ ḗḗƞŧḗḗř ȧȧƞ ȧȧƥƥŀīīƈȧȧŧīīǿǿƞ-şƥḗḗƈīīƒīīƈ ƥȧȧşşẇǿǿřḓ ƀḗḗŀǿǿẇ."},{"$i":"setup-gmail-twofactor-fix","$v":"Ŭŭşḗḗ ȧȧƥƥŀīīƈȧȧŧīīǿǿƞ ƥȧȧşşẇǿǿřḓ"},{"$i":"setup-gmail-imap-header","$v":"ĪīḾȦȧƤ Ḓīīşȧȧƀŀḗḗḓ"},{"$i":"setup-gmail-imap-message","$v":"Ẏǿǿŭŭ ḿŭŭşŧ ḗḗƞȧȧƀŀḗḗ ĪīḾȦȧƤ ǿǿƞ ẏǿǿŭŭř Ɠḿȧȧīīŀ ȧȧƈƈǿǿŭŭƞŧ"},{"$i":"setup-gmail-imap-retry","$v":"Řḗḗŧřẏ"},{"$i":"setup-gmail-pop3-header","$v":"ƤǾǿƤ3 Ḓīīşȧȧƀŀḗḗḓ"},{"$i":"setup-gmail-pop3-message","$v":"Ẏǿǿŭŭ ḿŭŭşŧ ḗḗƞȧȧƀŀḗḗ ƤǾǿƤ3 ǿǿƞ ẏǿǿŭŭř Ɠḿȧȧīīŀ ȧȧƈƈǿǿŭŭƞŧ"},{"$i":"setup-gmail-pop3-retry","$v":"Řḗḗŧřẏ"},{"$i":"setup-fix-oauth2-header","$v":"Řḗḗȧȧŭŭŧħǿǿřīīẑḗḗ Ḗḗḿȧȧīīŀ"},{"$i":"setup-fix-oauth2-description","$v":"Ḗḗḿȧȧīīŀ ƞḗḗḗḗḓş ŧǿǿ ƀḗḗ řḗḗȧȧŭŭŧħǿǿřīīẑḗḗḓ ŧǿǿ ȧȧƈƈḗḗşş ŧħḗḗ ƒǿǿŀŀǿǿẇīīƞɠ ȧȧƈƈǿǿŭŭƞŧ:"},{"$i":"setup-fix-oauth2-reauthorize","$v":"Řḗḗȧȧŭŭŧħǿǿřīīẑḗḗ"},{"$i":"settings-main-header","$v":"Ḿȧȧīīŀ Şḗḗŧŧīīƞɠş"},{"$i":"settings-sub-header-account","$v":"Ȧȧƈƈǿǿŭŭƞŧ"},{"$i":"settings-account-group","ariaLabel":"Ȧȧƈƈǿǿŭŭƞŧ"},{"$i":"settings-account-name","$v":"Ẏǿǿŭŭř ƞȧȧḿḗḗ"},{"$i":"settings-account-display-notifications","$v":"Ḓīīşƥŀȧȧẏ ƞǿǿŧīīƒīīƈȧȧŧīīǿǿƞş ƒǿǿř ƞḗḗẇ ḿḗḗşşȧȧɠḗḗş"},{"$i":"settings-account-play-sound-onsend","$v":"Ƥŀȧȧẏ şǿǿŭŭƞḓ ȧȧƒŧḗḗř ḿḗḗşşȧȧɠḗḗ īīş şḗḗƞŧ"},{"$i":"settings-empty-signature-label","$v":"Ŧȧȧƥ ŧǿǿ Ḗḗḓīīŧ"},{"$i":"settings-account-signature-label","$v":"Şīīɠƞȧȧŧŭŭřḗḗ"},{"$i":"settings-account-signature-textbox","ariaLabel":"Şīīɠƞȧȧŧŭŭřḗḗ"},{"$i":"signature-save","$v":"Şȧȧṽḗḗ Şīīɠƞȧȧŧŭŭřḗḗ"},{"$i":"signature-discard-confirm","$v":"Ḓīīşƈȧȧřḓ"},{"$i":"settings-sub-header-data","$v":"Ḓȧȧŧȧȧ"},{"$i":"settings-data-group","ariaLabel":"Ḓȧȧŧȧȧ"},{"$i":"settings-account-check-mail","$v":"Ƈħḗḗƈķ ƒǿǿř ƞḗḗẇ ḿḗḗşşȧȧɠḗḗş"},{"$i":"settings-account-check-mail-select","ariaLabel":"Ƈħḗḗƈķ ƒǿǿř ƞḗḗẇ ḿḗḗşşȧȧɠḗḗş"},{"$i":"settings-sub-header-server","$v":"Şḗḗřṽḗḗř şḗḗŧŧīīƞɠş"},{"$i":"settings-server-group","ariaLabel":"Şḗḗřṽḗḗř şḗḗŧŧīīƞɠş"},{"$i":"settings-account-userpass","$v":"Ŭŭşḗḗřƞȧȧḿḗḗ ȧȧƞḓ ƥȧȧşşẇǿǿřḓ"},{"$i":"settings-account-useroauth2","$v":"Ŭŭşḗḗřƞȧȧḿḗḗ"},{"$i":"settings-default-signature-2","$v":"Şḗḗƞŧ Ŭŭşīīƞɠ Ƒīīřḗḗƒǿǿẋ ǾǿŞ"},{"$i":"settings-done","$v":"Ḓǿǿƞḗḗ"},{"$i":"settings-account-section","$v":"Ȧȧƈƈǿǿŭŭƞŧş"},{"$i":"settings-account-listbox","ariaLabel":"Ȧȧƈƈǿǿŭŭƞŧş"},{"$i":"settings-account-add","$v":"Ȧȧḓḓ Ȧȧƈƈǿǿŭŭƞŧ"},{"$i":"settings-account-delete","$v":"Ḓḗḗŀḗḗŧḗḗ ȧȧƈƈǿǿŭŭƞŧ"},{"$i":"settings-account-delete-prompt","$v":["Ȧȧřḗḗ ẏǿǿŭŭ şŭŭřḗḗ ẏǿǿŭŭ ẇȧȧƞŧ ŧǿǿ ḓḗḗŀḗḗŧḗḗ ẏǿǿŭŭř ",{"t":"idOrVar","v":"account"}," ḿȧȧīīŀ ȧȧƈƈǿǿŭŭƞŧ? Ẏǿǿŭŭ ẇīīŀŀ ħȧȧṽḗḗ ŧǿǿ řḗḗ-ḓǿǿẇƞŀǿǿȧȧḓ ẏǿǿŭŭř ḿȧȧīīŀ īīƒ ẏǿǿŭŭ řḗḗ-ƈřḗḗȧȧŧḗḗ ŧħḗḗ ȧȧƈƈǿǿŭŭƞŧ."]},{"$i":"settings-account-delete-cancel","$v":"Ƈȧȧƞƈḗḗŀ"},{"$i":"settings-account-delete-confirm","$v":"Ḓḗḗŀḗḗŧḗḗ"},{"$i":"settings-account-clarify-imap","$v":[{"t":"idOrVar","v":"account-name"}," (ĪīḾȦȧƤ)"]},{"$i":"settings-account-clarify-pop3","$v":[{"t":"idOrVar","v":"account-name"}," (ƤǾǿƤ3)"]},{"$i":"settings-account-clarify-smtp","$v":[{"t":"idOrVar","v":"account-name"}," (ŞḾŦƤ)"]},{"$i":"settings-general-section","$v":"Ɠḗḗƞḗḗřȧȧŀ şḗḗŧŧīīƞɠş"},{"$i":"settings-show-images","$v":"Ȧȧŀẇȧȧẏş şħǿǿẇ īīḿȧȧɠḗḗş"},{"$i":"settings-download-attachments","$v":"Ḓǿǿẇƞŀǿǿȧȧḓ ȧȧŧŧȧȧƈħḿḗḗƞŧş"},{"$i":"settings-check-every-5min","$v":"Ḗḗṽḗḗřẏ 5 ḿīīƞŭŭŧḗḗş"},{"$i":"settings-check-every-10min","$v":"Ḗḗṽḗḗřẏ 10 ḿīīƞŭŭŧḗḗş"},{"$i":"settings-check-every-15min","$v":"Ḗḗṽḗḗřẏ 15 ḿīīƞŭŭŧḗḗş"},{"$i":"settings-check-every-30min","$v":"Ḗḗṽḗḗřẏ 30 ḿīīƞŭŭŧḗḗş"},{"$i":"settings-check-every-60min","$v":"Ḗḗṽḗḗřẏ ħǿǿŭŭř"},{"$i":"settings-check-every-manual","$v":"Ḿȧȧƞŭŭȧȧŀŀẏ"},{"$i":"settings-check-dynamic","$v":{"zero":"ḓīīşȧȧƀŀḗḗḓ","one":[{"t":"idOrVar","v":"n"}," şḗḗƈǿǿƞḓ"],"two":[{"t":"idOrVar","v":"n"}," şḗḗƈǿǿƞḓş"],"few":[{"t":"idOrVar","v":"n"}," şḗḗƈǿǿƞḓş"],"many":[{"t":"idOrVar","v":"n"}," şḗḗƈǿǿƞḓş"],"other":[{"t":"idOrVar","v":"n"}," şḗḗƈǿǿƞḓş"]},"$x":[{"t":"idOrVar","v":"plural"},"n"]},{"$i":"settings-default-account","$v":"Şḗḗŧ ȧȧş ḓḗḗƒȧȧŭŭŀŧ ḗḗḿȧȧīīŀ"},{"$i":"settings-account-type","$v":"Ȧȧƈƈǿǿŭŭƞŧ ŧẏƥḗḗ"},{"$i":"settings-account-credentials","$v":"Ƈřḗḗḓḗḗƞŧīīȧȧŀş"},{"$i":"settings-activesync-label","$v":"ȦȧƈŧīīṽḗḗŞẏƞƈ şḗḗŧŧīīƞɠş"},{"$i":"settings-imap-label","$v":"ĪīḾȦȧƤ şḗḗŧŧīīƞɠş"},{"$i":"settings-pop3-label","$v":"ƤǾǿƤ3 şḗḗŧŧīīƞɠş"},{"$i":"settings-smtp-label","$v":"ŞḾŦƤ şḗḗŧŧīīƞɠş"},{"$i":"settings-hostname","$v":"Ħǿǿşŧƞȧȧḿḗḗ"},{"$i":"settings-port","$v":"Ƥǿǿřŧ"},{"$i":"settings-username","$v":"Ŭŭşḗḗřƞȧȧḿḗḗ"},{"$i":"settings-password","$v":"Ƥȧȧşşẇǿǿřḓ"},{"$i":"settings-save","$v":"Şȧȧṽḗḗ"},{"$i":"settings-password-empty","$v":"Ƥȧȧşşẇǿǿřḓ ƒīīḗḗŀḓ şħǿǿŭŭŀḓ ƞǿǿŧ ƀḗḗ ḗḗḿƥŧẏ"},{"$i":"settings-reauth","$v":"Řḗḗȧȧŭŭŧħǿǿřīīẑḗḗ"},{"$i":"settings-account-synchronize-window","$v":"Ḓȧȧẏş ŧǿǿ şẏƞƈ"},{"$i":"settings-account-synchronize-window-select","ariaLabel":"Ḓȧȧẏş ŧǿǿ şẏƞƈ"},{"$i":"settings-synchronize-auto","$v":"Ȧȧŭŭŧǿǿḿȧȧŧīīƈ"},{"$i":"settings-synchronize-one-day","$v":"1 ḓȧȧẏ"},{"$i":"settings-synchronize-three-days","$v":"3 ḓȧȧẏş"},{"$i":"settings-synchronize-one-week","$v":"1 ẇḗḗḗḗķ"},{"$i":"settings-synchronize-two-weeks","$v":"2 ẇḗḗḗḗķş"},{"$i":"settings-synchronize-one-month","$v":"1 ḿǿǿƞŧħ"},{"$i":"settings-synchronize-all","$v":"Ȧȧŀŀ ḿḗḗşşȧȧɠḗḗş"},{"$i":"envelope-from","$v":"Ƒřǿǿḿ"},{"$i":"envelope-to","$v":"Ŧǿǿ"},{"$i":"envelope-cc","$v":"Ƈƈ"},{"$i":"envelope-bcc","$v":"Ɓƈƈ"},{"$i":"message-header-state-sending","ariaLabel":"Şḗḗƞḓīīƞɠ"},{"$i":"message-header-state-error","ariaLabel":"Ḗḗřřǿǿř şḗḗƞḓīīƞɠ"},{"$i":"message-header-unread","ariaLabel":"Ŭŭƞřḗḗȧȧḓ"},{"$i":"message-header-starred","ariaLabel":"Ħȧȧş şŧȧȧř"},{"$i":"message-header-attachments","ariaLabel":"Ħȧȧş ȧȧŧŧȧȧƈħḿḗḗƞŧş"},{"$i":"message-body-container","ariaLabel":"Ḿḗḗşşȧȧɠḗḗ ƀǿǿḓẏ"},{"$i":"message-body-container-progress","ariaValueText":"Ŀǿǿȧȧḓīīƞɠ"},{"$i":"subject","ariaLabel":"Şŭŭƀĵḗḗƈŧ"},{"$i":"message-delete-button","ariaLabel":"Ḓḗḗŀḗḗŧḗḗ"},{"$i":"message-star-button","ariaLabel":"Ȧȧḓḓ şŧȧȧř"},{"$i":"message-unstar-button","ariaLabel":"Řḗḗḿǿǿṽḗḗ şŧȧȧř"},{"$i":"message-mark-read-button","ariaLabel":"Ḿȧȧřķ řḗḗȧȧḓ"},{"$i":"message-mark-unread-button","ariaLabel":"Ḿȧȧřķ ŭŭƞřḗḗȧȧḓ"},{"$i":"message-move-button","ariaLabel":"Ḿǿǿṽḗḗ"},{"$i":"message-reply-forward-button","ariaLabel":"Řḗḗƥŀẏ ǿǿř ƒǿǿřẇȧȧřḓ"},{"$i":"download-button","ariaLabel":"Ḓǿǿẇƞŀǿǿȧȧḓ"},{"$i":"downloading-progress","ariaValueText":"Ḓǿǿẇƞŀǿǿȧȧḓīīƞɠ"},{"$i":"view-button","ariaLabel":"Ṽīīḗḗẇ"},{"$i":"attachments-container","ariaLabel":"Ȧȧŧŧȧȧƈħḿḗḗƞŧş"},{"$i":"from-group","ariaLabel":"Ƒřǿǿḿ"},{"$i":"to-group","ariaLabel":"Ŧǿǿ"},{"$i":"cc-group","ariaLabel":"ƈƈ"},{"$i":"bcc-group","ariaLabel":"ƀƈƈ"},{"$i":"compose-new-header","$v":"Ƞḗḗẇ Ḗḗḿȧȧīīŀ"},{"$i":"compose-send","$v":"Şḗḗƞḓ"},{"$i":"compose-send-button","ariaLabel":"Şḗḗƞḓ"},{"$i":"compose-to","$v":"Ŧǿǿ"},{"$i":"compose-cc","$v":"ƈƈ"},{"$i":"compose-bcc","$v":"ƀƈƈ"},{"$i":"compose-autocomplete-match","ariaLabel":{"$v":[{"t":"idOrVar","v":"name"}," ",{"t":"idOrVar","v":"address"}]}},{"$i":"compose-contact-add-recipient","ariaLabel":"Ȧȧḓḓ řḗḗƈīīƥīīḗḗƞŧ"},{"$i":"compose-attachments-container","ariaLabel":{"$v":{"zero":"Ȧȧŧŧȧȧƈħḿḗḗƞŧş","one":["Ȧȧŧŧȧȧƈħḿḗḗƞŧş: ",{"t":"idOrVar","v":"kilobytes"},"Ķ"],"two":["Ȧȧŧŧȧȧƈħḿḗḗƞŧş: ",{"t":"idOrVar","v":"kilobytes"},"Ķ"],"few":["Ȧȧŧŧȧȧƈħḿḗḗƞŧş: ",{"t":"idOrVar","v":"kilobytes"},"Ķ"],"many":["Ȧȧŧŧȧȧƈħḿḗḗƞŧş: ",{"t":"idOrVar","v":"kilobytes"},"Ķ"],"other":["Ȧȧŧŧȧȧƈħḿḗḗƞŧş: ",{"t":"idOrVar","v":"kilobytes"},"Ķ"]},"$x":[{"t":"idOrVar","v":"plural"},"kilobytes"]}},{"$i":"compose-attachment-remove","ariaLabel":"Řḗḗḿǿǿṽḗḗ"},{"$i":"compose-attachment-button","ariaLabel":"Ȧȧŧŧȧȧƈħ"},{"$i":"compose-attachments","$v":{"zero":"Ȧȧŧŧȧȧƈħḿḗḗƞŧş","one":[{"t":"idOrVar","v":"n"}," ȧȧŧŧȧȧƈħḿḗḗƞŧ"],"two":[{"t":"idOrVar","v":"n"}," ȧȧŧŧȧȧƈħḿḗḗƞŧş"],"few":[{"t":"idOrVar","v":"n"}," ȧȧŧŧȧȧƈħḿḗḗƞŧş"],"many":[{"t":"idOrVar","v":"n"}," ȧȧŧŧȧȧƈħḿḗḗƞŧş"],"other":[{"t":"idOrVar","v":"n"}," ȧȧŧŧȧȧƈħḿḗḗƞŧş"]},"$x":[{"t":"idOrVar","v":"plural"},"n"]},{"$i":"compose-text","ariaLabel":"Ḗḗḓīīŧ"},{"$i":"compose-attachment-still-working","$v":"Ǿǿƞḗḗ ḿǿǿḿḗḗƞŧ, şŧīīŀŀ ẇǿǿřķīīƞɠ ǿǿƞ ŧħḗḗ ƥřḗḗṽīīǿǿŭŭş ȧȧŧŧȧȧƈħḿḗḗƞŧ..."},{"$i":"compose-subject","$v":"Şŭŭƀĵḗḗƈŧ"},{"$i":"compose-draft-save","$v":"Şȧȧṽḗḗ ŧǿǿ Ŀǿǿƈȧȧŀ Ḓřȧȧƒŧş"},{"$i":"compose-delete-confirm","$v":"Ḓḗḗŀḗḗŧḗḗ ŧħḗḗ ḓřȧȧƒŧ"},{"$i":"compose-send-message-failed","$v":"Şḗḗƞḓīīƞɠ ḗḗḿȧȧīīŀ ƒȧȧīīŀḗḗḓ"},{"$i":"composer-attachment-large","$v":"Ȧȧŧŧȧȧƈħḿḗḗƞŧ ŧǿǿǿǿ ŀȧȧřɠḗḗ"},{"$i":"composer-attachments-large","$v":"Ȧȧŧŧȧȧƈħḿḗḗƞŧş ŧǿǿǿǿ ŀȧȧřɠḗḗ"},{"$i":"compose-attchment-size-exceeded","$v":"Ŧħḗḗ şḗḗŀḗḗƈŧḗḗḓ ȧȧŧŧȧȧƈħḿḗḗƞŧ īīş ŧǿǿǿǿ ŀȧȧřɠḗḗ ŧǿǿ şḗḗƞḓ ẇīīŧħ ŧħīīş ḿḗḗşşȧȧɠḗḗ."},{"$i":"compose-attchments-size-exceeded","$v":"Ŧħḗḗ şḗḗŀḗḗƈŧḗḗḓ ȧȧŧŧȧȧƈħḿḗḗƞŧş ȧȧřḗḗ ŧǿǿǿǿ ŀȧȧřɠḗḗ ŧǿǿ şḗḗƞḓ ẇīīŧħ ŧħīīş ḿḗḗşşȧȧɠḗḗ. Ŧřẏ şḗḗŀḗḗƈŧīīƞɠ ƒḗḗẇḗḗř ƒīīŀḗḗş."},{"$i":"dialog-button-ok","$v":"ǾǿĶ"},{"$i":"default-attachment-filename","$v":["ȧȧŧŧȧȧƈħḿḗḗƞŧ",{"t":"idOrVar","v":"n"}]},{"$i":"attachment-size-kib","$v":[{"t":"idOrVar","v":"kilobytes"},"Ķ"]},{"$i":"message-attachment-view","$v":"Ṽīīḗḗẇ"},{"$i":"message-attachment-did-not-open-label","$v":"Ŭŭƞȧȧƀŀḗḗ ŧǿǿ ǿǿƥḗḗƞ"},{"$i":"message-attachment-did-not-open-body","$v":"Ŧħḗḗ ḓḗḗṽīīƈḗḗ ḓǿǿḗḗş ƞǿǿŧ ħȧȧṽḗḗ ȧȧƞ ȧȧƥƥ ŧħȧȧŧ ƈȧȧƞ ǿǿƥḗḗƞ ŧħḗḗ ȧȧŧŧȧȧƈħḿḗḗƞŧ."},{"$i":"message-attachment-too-large","$v":"Ŧħīīş ƒīīŀḗḗ īīş ŧǿǿǿǿ ŀȧȧřɠḗḗ ŧǿǿ ḓǿǿẇƞŀǿǿȧȧḓ."},{"$i":"message-no-subject","$v":"(ƞǿǿ şŭŭƀĵḗḗƈŧ)"},{"$i":"message-edit-menu-edit","$v":"Ḗḗḓīīŧ"},{"$i":"message-edit-menu-delete","$v":"Ḓḗḗŀḗḗŧḗḗ"},{"$i":"message-edit-delete-confirm","$v":"Ḓḗḗŀḗḗŧḗḗ ḗḗḿȧȧīīŀ ḿḗḗşşȧȧɠḗḗ?"},{"$i":"message-send-attachment-disabled-confirm","$v":"Ȧȧŧŧȧȧƈħḿḗḗƞŧş ƈȧȧƞ ƞǿǿŧ ƀḗḗ ƒǿǿřẇȧȧřḓḗḗḓ."},{"$i":"message-multiedit-header","$v":{"zero":"Ḗḗḓīīŧ","one":[{"t":"idOrVar","v":"n"}," şḗḗŀḗḗƈŧḗḗḓ"],"two":[{"t":"idOrVar","v":"n"}," şḗḗŀḗḗƈŧḗḗḓ"],"few":[{"t":"idOrVar","v":"n"}," şḗḗŀḗḗƈŧḗḗḓ"],"many":[{"t":"idOrVar","v":"n"}," şḗḗŀḗḗƈŧḗḗḓ"],"other":[{"t":"idOrVar","v":"n"}," şḗḗŀḗḗƈŧḗḗḓ"]},"$x":[{"t":"idOrVar","v":"plural"},"n"]},{"$i":"browse-to-url-prompt","$v":["Ɓřǿǿẇşḗḗ ŧǿǿ ŬŭŘĿ?: ",{"t":"idOrVar","v":"url"}]},{"$i":"message-download-images-tap","$v":{"one":"Ŧħīīş ḗḗḿȧȧīīŀ ƈǿǿƞŧȧȧīīƞş ǿǿƞḗḗ īīḿȧȧɠḗḗ. Ŧȧȧƥ ŧǿǿ ḓǿǿẇƞŀǿǿȧȧḓ.","two":["Ŧħīīş ḗḗḿȧȧīīŀ ƈǿǿƞŧȧȧīīƞş ",{"t":"idOrVar","v":"n"}," īīḿȧȧɠḗḗş. Ŧȧȧƥ ŧǿǿ ḓǿǿẇƞŀǿǿȧȧḓ."],"few":["Ŧħīīş ḗḗḿȧȧīīŀ ƈǿǿƞŧȧȧīīƞş ",{"t":"idOrVar","v":"n"}," īīḿȧȧɠḗḗş. Ŧȧȧƥ ŧǿǿ ḓǿǿẇƞŀǿǿȧȧḓ."],"many":["Ŧħīīş ḗḗḿȧȧīīŀ ƈǿǿƞŧȧȧīīƞş ",{"t":"idOrVar","v":"n"}," īīḿȧȧɠḗḗş. Ŧȧȧƥ ŧǿǿ ḓǿǿẇƞŀǿǿȧȧḓ."],"other":["Ŧħīīş ḗḗḿȧȧīīŀ ƈǿǿƞŧȧȧīīƞş ",{"t":"idOrVar","v":"n"}," īīḿȧȧɠḗḗş. Ŧȧȧƥ ŧǿǿ ḓǿǿẇƞŀǿǿȧȧḓ."]},"$x":[{"t":"idOrVar","v":"plural"},"n"]},{"$i":"message-show-external-images","$v":"Şħǿǿẇ ḗḗẋŧḗḗřƞȧȧŀ īīḿȧȧɠḗḗş"},{"$i":"message-multiedit-cancel","$v":"Ƈȧȧƞƈḗḗŀ"},{"$i":"message-multiedit-delete-confirm","$v":{"one":"Ḓḗḗŀḗḗŧḗḗ ŧħīīş ḗḗḿȧȧīīŀ ḿḗḗşşȧȧɠḗḗ?","two":["Ḓḗḗŀḗḗŧḗḗ ",{"t":"idOrVar","v":"n"}," ḗḗḿȧȧīīŀ ḿḗḗşşȧȧɠḗḗş?"],"few":["Ḓḗḗŀḗḗŧḗḗ ",{"t":"idOrVar","v":"n"}," ḗḗḿȧȧīīŀ ḿḗḗşşȧȧɠḗḗş?"],"many":["Ḓḗḗŀḗḗŧḗḗ ",{"t":"idOrVar","v":"n"}," ḗḗḿȧȧīīŀ ḿḗḗşşȧȧɠḗḗş?"],"other":["Ḓḗḗŀḗḗŧḗḗ ",{"t":"idOrVar","v":"n"}," ḗḗḿȧȧīīŀ ḿḗḗşşȧȧɠḗḗş?"]},"$x":[{"t":"idOrVar","v":"plural"},"n"]},{"$i":"message-large-message-cancel","$v":"Ƈȧȧƞƈḗḗŀ"},{"$i":"message-large-message-ok","$v":"Ƈǿǿƞŧīīƞŭŭḗḗ"},{"$i":"message-large-message-confirm","$v":"Ŧħīīş ḿḗḗşşȧȧɠḗḗ īīş ŀȧȧřɠḗḗ ȧȧƞḓ ḿȧȧẏ ŧȧȧķḗḗ şǿǿḿḗḗ ŧīīḿḗḗ ŧǿǿ ḓǿǿẇƞŀǿǿȧȧḓ."},{"$i":"message-search-from","$v":"Ƒřǿǿḿ"},{"$i":"message-search-to","$v":"Ŧǿǿ"},{"$i":"message-search-subject","$v":"Şŭŭƀĵḗḗƈŧ"},{"$i":"message-search-body","$v":"Ɓǿǿḓẏ"},{"$i":"message-search-all","$v":"Ȧȧŀŀ"},{"$i":"message-search-input","placeholder":"Şḗḗȧȧřƈħ Ḿȧȧīīŀ"},{"$i":"message-search-cancel","$v":"Ƈȧȧƞƈḗḗŀ"},{"$i":"messages-syncing","$v":"Ŀǿǿȧȧḓīīƞɠ Ḿḗḗşşȧȧɠḗḗş"},{"$i":"messages-syncing-progressbar","ariaValueText":"Ŀǿǿȧȧḓīīƞɠ Ḿḗḗşşȧȧɠḗḗş"},{"$i":"messages-load-more","$v":"Ŀǿǿȧȧḓ Ḿǿǿřḗḗ Ḿḗḗşşȧȧɠḗḗş"},{"$i":"messages-folder-empty","$v":"Ƞǿǿ ḿȧȧīīŀ īīƞ ŧħīīş Ƒǿǿŀḓḗḗř"},{"$i":"messages-search-empty","$v":"Ƞǿǿ ḿȧȧŧƈħḗḗş īīƞ ŀǿǿƈȧȧŀŀẏ ƈȧȧƈħḗḗḓ ḿḗḗşşȧȧɠḗḗş"},{"$i":"messages-folder-select","$v":"Şḗḗŀḗḗƈŧ ƒǿǿŀḓḗḗř"},{"$i":"messages-folder-unread-max","$v":"999+"},{"$i":"message-contact-menu-create","$v":"Şȧȧṽḗḗ ƞḗḗẇ ƈǿǿƞŧȧȧƈŧ"},{"$i":"message-contact-menu-add-existing","$v":"Ȧȧḓḓ ŧǿǿ ḗḗẋīīşŧīīƞɠ ƈǿǿƞŧȧȧƈŧ"},{"$i":"message-contact-menu-view","$v":"Ṽīīḗḗẇ ƈǿǿƞŧȧȧƈŧ"},{"$i":"message-contact-menu-reply","$v":"Řḗḗƥŀẏ"},{"$i":"message-contact-menu-new","$v":"Şḗḗƞḓ ƞḗḗẇ ḿȧȧīīŀ"},{"$i":"message-reply-menu-reply","$v":"Řḗḗƥŀẏ"},{"$i":"message-reply-menu-reply-all","$v":"Řḗḗƥŀẏ Ȧȧŀŀ"},{"$i":"message-reply-menu-forward","$v":"Ƒǿǿřẇȧȧřḓ"},{"$i":"message-reply-menu-cancel","$v":"Ƈȧȧƞƈḗḗŀ"},{"$i":"reply-quoting-wrote","$v":"{name} ẇřǿǿŧḗḗ"},{"$i":"forward-original-message","$v":"Ǿǿřīīɠīīƞȧȧŀ ḿḗḗşşȧȧɠḗḗ"},{"$i":"forward-header-subject","$v":"Şŭŭƀĵḗḗƈŧ"},{"$i":"forward-header-date","$v":"Ḓȧȧŧḗḗ"},{"$i":"forward-header-from","$v":"Ƒřǿǿḿ"},{"$i":"forward-header-reply-to","$v":"Řḗḗƥŀẏ-Ŧǿǿ"},{"$i":"forward-header-to","$v":"Ŧǿǿ"},{"$i":"forward-header-cc","$v":"Ƈƈ"},{"$i":"folder-inbox","$v":"Īīƞƀǿǿẋ"},{"$i":"folder-sent","$v":"Şḗḗƞŧ"},{"$i":"folder-drafts","$v":"Ḓřȧȧƒŧş"},{"$i":"folder-trash","$v":"Ŧřȧȧşħ"},{"$i":"folder-queue","$v":"Ŭŭƞşḗḗƞŧ"},{"$i":"folder-junk","$v":"Ĵŭŭƞķ"},{"$i":"folder-archives","$v":"Ȧȧřƈħīīṽḗḗş"},{"$i":"folder-localdrafts","$v":"Ŀǿǿƈȧȧŀ Ḓřȧȧƒŧş"},{"$i":"folder-outbox","$v":"Ǿǿŭŭŧƀǿǿẋ"},{"$i":"drawer-back","$v":"Ɓȧȧƈķ"},{"$i":"drawer-accounts-header","$v":"Ȧȧƈƈǿǿŭŭƞŧş"},{"$i":"drawer-settings-link","$v":"Şḗḗŧŧīīƞɠş"},{"$i":"folder-last-synced-label","$v":"Ŀȧȧşŧ şẏƞƈ:"},{"$i":"messages-refresh-button","ariaLabel":"Řḗḗƒřḗḗşħ"},{"$i":"messages-refresh-progress","ariaValueText":"Řḗḗƒřḗḗşħīīƞɠ"},{"$i":"edit-button","ariaLabel":"Ḗḗḓīīŧ"},{"$i":"message-list-top-action","$v":"Ŧǿǿƥ"},{"$i":"message-list-menu","ariaLabel":"Ƒǿǿŀḓḗḗřş ȧȧƞḓ şḗḗŧŧīīƞɠş"},{"$i":"message-list-compose","ariaLabel":"Ƈǿǿḿƥǿǿşḗḗ"},{"$i":"toaster-undo","$v":"Ŭŭƞḓǿǿ"},{"$i":"toaster-message-star","$v":{"one":"1 ḿḗḗşşȧȧɠḗḗ ƒŀȧȧɠ şḗḗŧ","two":[{"t":"idOrVar","v":"n"}," ḿḗḗşşȧȧɠḗḗ ƒŀȧȧɠş şḗḗŧ"],"few":[{"t":"idOrVar","v":"n"}," ḿḗḗşşȧȧɠḗḗ ƒŀȧȧɠş şḗḗŧ"],"many":[{"t":"idOrVar","v":"n"}," ḿḗḗşşȧȧɠḗḗ ƒŀȧȧɠş şḗḗŧ"],"other":[{"t":"idOrVar","v":"n"}," ḿḗḗşşȧȧɠḗḗ ƒŀȧȧɠş şḗḗŧ"]},"$x":[{"t":"idOrVar","v":"plural"},"n"]},{"$i":"toaster-message-unstar","$v":{"one":"1 ḿḗḗşşȧȧɠḗḗ ƒŀȧȧɠ řḗḗḿǿǿṽḗḗḓ","two":[{"t":"idOrVar","v":"n"}," ḿḗḗşşȧȧɠḗḗ ƒŀȧȧɠş řḗḗḿǿǿṽḗḗḓ"],"few":[{"t":"idOrVar","v":"n"}," ḿḗḗşşȧȧɠḗḗ ƒŀȧȧɠş řḗḗḿǿǿṽḗḗḓ"],"many":[{"t":"idOrVar","v":"n"}," ḿḗḗşşȧȧɠḗḗ ƒŀȧȧɠş řḗḗḿǿǿṽḗḗḓ"],"other":[{"t":"idOrVar","v":"n"}," ḿḗḗşşȧȧɠḗḗ ƒŀȧȧɠş řḗḗḿǿǿṽḗḗḓ"]},"$x":[{"t":"idOrVar","v":"plural"},"n"]},{"$i":"toaster-message-read","$v":{"one":"1 ḿḗḗşşȧȧɠḗḗ ḿȧȧřķḗḗḓ ȧȧş řḗḗȧȧḓ","two":[{"t":"idOrVar","v":"n"}," ḿḗḗşşȧȧɠḗḗş ḿȧȧřķḗḗḓ ȧȧş řḗḗȧȧḓ"],"few":[{"t":"idOrVar","v":"n"}," ḿḗḗşşȧȧɠḗḗş ḿȧȧřķḗḗḓ ȧȧş řḗḗȧȧḓ"],"many":[{"t":"idOrVar","v":"n"}," ḿḗḗşşȧȧɠḗḗş ḿȧȧřķḗḗḓ ȧȧş řḗḗȧȧḓ"],"other":[{"t":"idOrVar","v":"n"}," ḿḗḗşşȧȧɠḗḗş ḿȧȧřķḗḗḓ ȧȧş řḗḗȧȧḓ"]},"$x":[{"t":"idOrVar","v":"plural"},"n"]},{"$i":"toaster-message-unread","$v":{"one":"1 ḿḗḗşşȧȧɠḗḗ ḿȧȧřķḗḗḓ ȧȧş ŭŭƞřḗḗȧȧḓ","two":[{"t":"idOrVar","v":"n"}," ḿḗḗşşȧȧɠḗḗş ḿȧȧřķḗḗḓ ȧȧş ŭŭƞřḗḗȧȧḓ"],"few":[{"t":"idOrVar","v":"n"}," ḿḗḗşşȧȧɠḗḗş ḿȧȧřķḗḗḓ ȧȧş ŭŭƞřḗḗȧȧḓ"],"many":[{"t":"idOrVar","v":"n"}," ḿḗḗşşȧȧɠḗḗş ḿȧȧřķḗḗḓ ȧȧş ŭŭƞřḗḗȧȧḓ"],"other":[{"t":"idOrVar","v":"n"}," ḿḗḗşşȧȧɠḗḗş ḿȧȧřķḗḗḓ ȧȧş ŭŭƞřḗḗȧȧḓ"]},"$x":[{"t":"idOrVar","v":"plural"},"n"]},{"$i":"toaster-message-move","$v":{"one":"1 ḿḗḗşşȧȧɠḗḗ ḿǿǿṽḗḗḓ","two":[{"t":"idOrVar","v":"n"}," ḿḗḗşşȧȧɠḗḗş ḿǿǿṽḗḗḓ"],"few":[{"t":"idOrVar","v":"n"}," ḿḗḗşşȧȧɠḗḗş ḿǿǿṽḗḗḓ"],"many":[{"t":"idOrVar","v":"n"}," ḿḗḗşşȧȧɠḗḗş ḿǿǿṽḗḗḓ"],"other":[{"t":"idOrVar","v":"n"}," ḿḗḗşşȧȧɠḗḗş ḿǿǿṽḗḗḓ"]},"$x":[{"t":"idOrVar","v":"plural"},"n"]},{"$i":"toaster-message-delete","$v":{"one":"1 ḿḗḗşşȧȧɠḗḗ ḓḗḗŀḗḗŧḗḗḓ","two":[{"t":"idOrVar","v":"n"}," ḿḗḗşşȧȧɠḗḗş ḓḗḗŀḗḗŧḗḗḓ"],"few":[{"t":"idOrVar","v":"n"}," ḿḗḗşşȧȧɠḗḗş ḓḗḗŀḗḗŧḗḗḓ"],"many":[{"t":"idOrVar","v":"n"}," ḿḗḗşşȧȧɠḗḗş ḓḗḗŀḗḗŧḗḗḓ"],"other":[{"t":"idOrVar","v":"n"}," ḿḗḗşşȧȧɠḗḗş ḓḗḗŀḗḗŧḗḗḓ"]},"$x":[{"t":"idOrVar","v":"plural"},"n"]},{"$i":"toaster-retryable-syncfailed","$v":"Ŭŭƞȧȧƀŀḗḗ ŧǿǿ ƈǿǿƞƞḗḗƈŧ ŧǿǿ şḗḗřṽḗḗř"},{"$i":"compose-invalid-addresses-title","$v":"Īīƞṽȧȧŀīīḓ Ȧȧḓḓřḗḗşşḗḗş"},{"$i":"compose-invalid-addresses-description","$v":"Ẏǿǿŭŭř ḿḗḗşşȧȧɠḗḗ ƈǿǿƞŧȧȧīīƞş ǿǿƞḗḗ ǿǿř ḿǿǿřḗḗ īīƞṽȧȧŀīīḓ ḗḗḿȧȧīīŀ ȧȧḓḓřḗḗşşḗḗş. Ƥŀḗḗȧȧşḗḗ ƈǿǿřřḗḗƈŧ ŧħḗḗḿ ƀḗḗƒǿǿřḗḗ şḗḗƞḓīīƞɠ."},{"$i":"background-send-pending","$v":"Ƞḗḗŧẇǿǿřķ ŭŭƞȧȧṽȧȧīīŀȧȧƀŀḗḗ. Ḗḗḿȧȧīīŀ şȧȧṽḗḗḓ ŧǿǿ ǿǿŭŭŧƀǿǿẋ."},{"$i":"background-send-sending","$v":"Şḗḗƞḓīīƞɠ ḿȧȧīīŀ…"},{"$i":"background-send-success","$v":"Ḗḗḿȧȧīīŀ şḗḗƞŧ."},{"$i":"background-send-error","$v":"Ḗḗřřǿǿř ǿǿƈƈŭŭřřḗḗḓ. Ḗḗḿȧȧīīŀ şȧȧṽḗḗḓ ŧǿǿ ǿǿŭŭŧƀǿǿẋ."},{"$i":"background-send-error-recipients","$v":"Řḗḗƈīīƥīīḗḗƞŧ ḗḗřřǿǿř. Ḗḗḿȧȧīīŀ şȧȧṽḗḗḓ ŧǿǿ ǿǿŭŭŧƀǿǿẋ."},{"$i":"background-send-error-title","$v":"Ḿȧȧīīŀ ƒȧȧīīŀḗḗḓ ŧǿǿ şḗḗƞḓ"},{"$i":"send-failure-recipients","$v":"Ƈħḗḗƈķ ŧħḗḗ şƥḗḗŀŀīīƞɠ ǿǿƒ ŧħḗḗ ȧȧḓḓřḗḗşşḗḗş ȧȧƀǿǿṽḗḗ. Ẏǿǿŭŭř ḿȧȧīīŀ şḗḗřṽḗḗř īīƞḓīīƈȧȧŧḗḗḓ ǿǿƞḗḗ ǿǿř ḿǿǿřḗḗ ǿǿƒ ŧħḗḗ ȧȧḓḓřḗḗşşḗḗş ȧȧƀǿǿṽḗḗ ȧȧřḗḗ īīƞƈǿǿřřḗḗƈŧ."},{"$i":"send-failure-unknown","$v":"Ŧħḗḗ ḿḗḗşşȧȧɠḗḗ ƈǿǿŭŭŀḓ ƞǿǿŧ ƀḗḗ şḗḗƞŧ."},{"$i":"form-clear-input","$v":"Řḗḗḿǿǿṽḗḗ ŧḗḗẋŧ"},{"$i":"confirm-dialog-title","$v":"Ƈǿǿƞƒīīřḿȧȧŧīīǿǿƞ"},{"$i":"senders-separation-sign","$v":", "},{"$i":"new-messages","$v":{"one":"1 Ƞḗḗẇ Ḿḗḗşşȧȧɠḗḗ","two":[{"t":"idOrVar","v":"n"}," Ƞḗḗẇ Ḿḗḗşşȧȧɠḗḗş"],"few":[{"t":"idOrVar","v":"n"}," Ƞḗḗẇ Ḿḗḗşşȧȧɠḗḗş"],"many":[{"t":"idOrVar","v":"n"}," Ƞḗḗẇ Ḿḗḗşşȧȧɠḗḗş"],"other":[{"t":"idOrVar","v":"n"}," Ƞḗḗẇ Ḿḗḗşşȧȧɠḗḗş"]},"$x":[{"t":"idOrVar","v":"plural"},"n"]},{"$i":"notification-no-subject","$v":"(ƞǿǿ şŭŭƀĵḗḗƈŧ)"},{"$i":"new-emails-notify-one-account","$v":{"one":"1 Ƞḗḗẇ Ḗḗḿȧȧīīŀ","two":[{"t":"idOrVar","v":"n"}," Ƞḗḗẇ Ḗḗḿȧȧīīŀş"],"few":[{"t":"idOrVar","v":"n"}," Ƞḗḗẇ Ḗḗḿȧȧīīŀş"],"many":[{"t":"idOrVar","v":"n"}," Ƞḗḗẇ Ḗḗḿȧȧīīŀş"],"other":[{"t":"idOrVar","v":"n"}," Ƞḗḗẇ Ḗḗḿȧȧīīŀş"]},"$x":[{"t":"idOrVar","v":"plural"},"n"]},{"$i":"new-emails-notify-multiple-accounts","$v":{"one":["1 Ƞḗḗẇ Ḗḗḿȧȧīīŀ (",{"t":"idOrVar","v":"accountName"},")"],"two":[{"t":"idOrVar","v":"n"}," Ƞḗḗẇ Ḗḗḿȧȧīīŀş (",{"t":"idOrVar","v":"accountName"},")"],"few":[{"t":"idOrVar","v":"n"}," Ƞḗḗẇ Ḗḗḿȧȧīīŀş (",{"t":"idOrVar","v":"accountName"},")"],"many":[{"t":"idOrVar","v":"n"}," Ƞḗḗẇ Ḗḗḿȧȧīīŀş (",{"t":"idOrVar","v":"accountName"},")"],"other":[{"t":"idOrVar","v":"n"}," Ƞḗḗẇ Ḗḗḿȧȧīīŀş (",{"t":"idOrVar","v":"accountName"},")"]},"$x":[{"t":"idOrVar","v":"plural"},"n"]},{"$i":"new-emails-notify-multiple-accounts-body","$v":[{"t":"idOrVar","v":"from"}," “",{"t":"idOrVar","v":"subject"},"”"]},{"$i":"tng-plain-socket-warning-title","$v":"Ȧȧřḗḗ ẏǿǿŭŭ şŭŭřḗḗ?"},{"$i":"tng-plain-socket-warning-message","$v":"Ǿǿŧħḗḗř ƥḗḗǿǿƥŀḗḗ ḿȧȧẏ ƀḗḗ ȧȧƀŀḗḗ ŧǿǿ şḗḗḗḗ ẏǿǿŭŭř ƥȧȧşşẇǿǿřḓş ȧȧƞḓ ḗḗḿȧȧīīŀş ǿǿř ƈǿǿƞŧřǿǿŀ ẏǿǿŭŭř ȧȧƈƈǿǿŭŭƞŧ."},{"$i":"tng-plain-socket-warning-message-options","$v":"Ŧħḗḗřḗḗ ȧȧřḗḗ ḿŭŭŀŧīīƥŀḗḗ, ƒřḗḗḗḗ ḗḗḿȧȧīīŀ ƥřǿǿṽīīḓḗḗřş ŧħȧȧŧ ǿǿƒƒḗḗř ḿǿǿřḗḗ şḗḗƈŭŭřḗḗ, ḗḗƞƈřẏƥŧḗḗḓ ƈǿǿƞƞḗḗƈŧīīǿǿƞş."},{"$i":"tng-plain-socket-learn-more","$v":"Ŀḗḗȧȧřƞ ḿǿǿřḗḗ"},{"$i":"tng-plain-socket-warning-ok","$v":"Īī ŭŭƞḓḗḗřşŧȧȧƞḓ"},{"$i":"message-reader-next-button","ariaLabel":"Ƞḗḗẋŧ"},{"$i":"message-reader-previous-button","ariaLabel":"Ƥřḗḗṽīīǿǿŭŭş"},{"$i":"message-reader-date-received","ariaLabel":"Řḗḗƈḗḗīīṽḗḗḓ"},{"$i":"minutes-ago-long","$v":{"zero":"ĵŭŭşŧ ƞǿǿẇ","one":"ȧȧ ḿīīƞŭŭŧḗḗ ȧȧɠǿǿ","two":"{value} ḿīīƞŭŭŧḗḗş ȧȧɠǿǿ","few":"{value} ḿīīƞŭŭŧḗḗş ȧȧɠǿǿ","many":"{value} ḿīīƞŭŭŧḗḗş ȧȧɠǿǿ","other":"{value} ḿīīƞŭŭŧḗḗş ȧȧɠǿǿ"},"$x":[{"t":"idOrVar","v":"plural"},"value"]},{"$i":"hours-ago-long","$v":{"zero":"ĵŭŭşŧ ƞǿǿẇ","one":"ȧȧƞ ħǿǿŭŭř ȧȧɠǿǿ","two":"{value} ħǿǿŭŭřş ȧȧɠǿǿ","few":"{value} ħǿǿŭŭřş ȧȧɠǿǿ","many":"{value} ħǿǿŭŭřş ȧȧɠǿǿ","other":"{value} ħǿǿŭŭřş ȧȧɠǿǿ"},"$x":[{"t":"idOrVar","v":"plural"},"value"]},{"$i":"days-ago-long","$v":{"zero":"ŧǿǿḓȧȧẏ","one":"ẏḗḗşŧḗḗřḓȧȧẏ","two":"{value} ḓȧȧẏş ȧȧɠǿǿ","few":"{value} ḓȧȧẏş ȧȧɠǿǿ","many":"{value} ḓȧȧẏş ȧȧɠǿǿ","other":"{value} ḓȧȧẏş ȧȧɠǿǿ"},"$x":[{"t":"idOrVar","v":"plural"},"value"]},{"$i":"weeks-ago-long","$v":{"zero":"ŧħīīş ẇḗḗḗḗķ","one":"ŀȧȧşŧ ẇḗḗḗḗķ","two":"{value} ẇḗḗḗḗķş ȧȧɠǿǿ","few":"{value} ẇḗḗḗḗķş ȧȧɠǿǿ","many":"{value} ẇḗḗḗḗķş ȧȧɠǿǿ","other":"{value} ẇḗḗḗḗķş ȧȧɠǿǿ"},"$x":[{"t":"idOrVar","v":"plural"},"value"]},{"$i":"months-ago-long","$v":{"zero":"ŧħīīş ḿǿǿƞŧħ","one":"ŀȧȧşŧ ḿǿǿƞŧħ","two":"{value} ḿǿǿƞŧħş ȧȧɠǿǿ","few":"{value} ḿǿǿƞŧħş ȧȧɠǿǿ","many":"{value} ḿǿǿƞŧħş ȧȧɠǿǿ","other":"{value} ḿǿǿƞŧħş ȧȧɠǿǿ"},"$x":[{"t":"idOrVar","v":"plural"},"value"]},{"$i":"years-ago-long","$v":{"zero":"ŧħīīş ẏḗḗȧȧř","one":"ŀȧȧşŧ ẏḗḗȧȧř","two":"{value} ẏḗḗȧȧřş ȧȧɠǿǿ","few":"{value} ẏḗḗȧȧřş ȧȧɠǿǿ","many":"{value} ẏḗḗȧȧřş ȧȧɠǿǿ","other":"{value} ẏḗḗȧȧřş ȧȧɠǿǿ"},"$x":[{"t":"idOrVar","v":"plural"},"value"]},{"$i":"minutes-until-long","$v":{"zero":"ƞǿǿẇ","one":"īīƞ ȧȧ ḿīīƞŭŭŧḗḗ","two":"īīƞ {value} ḿīīƞŭŭŧḗḗş","few":"īīƞ {value} ḿīīƞŭŭŧḗḗş","many":"īīƞ {value} ḿīīƞŭŭŧḗḗş","other":"īīƞ {value} ḿīīƞŭŭŧḗḗş"},"$x":[{"t":"idOrVar","v":"plural"},"value"]},{"$i":"hours-until-long","$v":{"zero":"ƞǿǿẇ","one":"īīƞ ȧȧƞ ħǿǿŭŭř","two":"īīƞ {value} ħǿǿŭŭřş","few":"īīƞ {value} ħǿǿŭŭřş","many":"īīƞ {value} ħǿǿŭŭřş","other":"īīƞ {value} ħǿǿŭŭřş"},"$x":[{"t":"idOrVar","v":"plural"},"value"]},{"$i":"days-until-long","$v":{"zero":"ŧǿǿḓȧȧẏ","one":"ŧǿǿḿǿǿřřǿǿẇ","two":"īīƞ {value} ḓȧȧẏş","few":"īīƞ {value} ḓȧȧẏş","many":"īīƞ {value} ḓȧȧẏş","other":"īīƞ {value} ḓȧȧẏş"},"$x":[{"t":"idOrVar","v":"plural"},"value"]},{"$i":"weeks-until-long","$v":{"zero":"ŧħīīş ẇḗḗḗḗķ","one":"ƞḗḗẋŧ ẇḗḗḗḗķ","two":"īīƞ {value} ẇḗḗḗḗķş","few":"īīƞ {value} ẇḗḗḗḗķş","many":"īīƞ {value} ẇḗḗḗḗķş","other":"īīƞ {value} ẇḗḗḗḗķş"},"$x":[{"t":"idOrVar","v":"plural"},"value"]},{"$i":"months-until-long","$v":{"zero":"ŧħīīş ḿǿǿƞŧħ","one":"ƞḗḗẋŧ ḿǿǿƞŧħ","two":"īīƞ {value} ḿǿǿƞŧħş","few":"īīƞ {value} ḿǿǿƞŧħş","many":"īīƞ {value} ḿǿǿƞŧħş","other":"īīƞ {value} ḿǿǿƞŧħş"},"$x":[{"t":"idOrVar","v":"plural"},"value"]},{"$i":"years-until-long","$v":{"zero":"ŧħīīş ẏḗḗȧȧř","one":"ƞḗḗẋŧ ẏḗḗȧȧř","two":"īīƞ {value} ẏḗḗȧȧřş","few":"īīƞ {value} ẏḗḗȧȧřş","many":"īīƞ {value} ẏḗḗȧȧřş","other":"īīƞ {value} ẏḗḗȧȧřş"},"$x":[{"t":"idOrVar","v":"plural"},"value"]},{"$i":"minutes-ago-short","$v":{"zero":"ĵŭŭşŧ ƞǿǿẇ","other":"{value}ḿ ȧȧɠǿǿ"},"$x":[{"t":"idOrVar","v":"plural"},"value"]},{"$i":"hours-ago-short","$v":{"zero":"ĵŭŭşŧ ƞǿǿẇ","other":"{value}ħ ȧȧɠǿǿ"},"$x":[{"t":"idOrVar","v":"plural"},"value"]},{"$i":"days-ago-short","$v":{"zero":"ŧǿǿḓȧȧẏ","other":"{value}ḓ ȧȧɠǿǿ"},"$x":[{"t":"idOrVar","v":"plural"},"value"]},{"$i":"minutes-until-short","$v":{"zero":"ƞǿǿẇ","other":"īīƞ {value}ḿ"},"$x":[{"t":"idOrVar","v":"plural"},"value"]},{"$i":"hours-until-short","$v":{"zero":"ƞǿǿẇ","other":"īīƞ {value}ħ"},"$x":[{"t":"idOrVar","v":"plural"},"value"]},{"$i":"days-until-short","$v":{"zero":"ŧǿǿḓȧȧẏ","other":"īīƞ {value}ḓ"},"$x":[{"t":"idOrVar","v":"plural"},"value"]}]