{"hello":"Ħḗḗŀŀǿǿ, <em>ẇǿǿřŀḓ</em>!","name":"Ŧẏƥḗḗ <input placeholder=\"your name\"> ȧȧƞḓ <input value=\"send\">","unreadEmails":{"value":{"one":"Ẏǿǿŭŭ ħȧȧṽḗḗ ǿǿƞḗḗ ŭŭƞřḗḗȧȧḓ ḗḗḿȧȧīīŀ","other":["Ẏǿǿŭŭ ħȧȧṽḗḗ ",{"type":"var","name":"emailCount"}," ŭŭƞřḗḗȧȧḓ ḗḗḿȧȧīīŀş"]},"index":[{"type":"call","expr":{"type":"prop","expr":{"type":"glob","name":"cldr"},"prop":"plural","cmpt":false},"args":[{"type":"var","name":"emailCount"}]}]}}